"ClinVar-Submitter Run Report"
"","Date/Time: ","Thu Nov 29 21:37:32 EST 2018"
"","File(s): ","MYH7-5/allinput.json"
"","JSON-LD Context (-x): ","http://dataexchange.clinicalgenome.org/interpretation/json/sepio_context"
"","Output File (-o): ","MYH7-5/clinvar-variant.csv"
"","Force overwrite (-f): ","true"
"","Run Report File (-r): ","MYH7-5/clinvar-submitter-run-report.csv"

"","NOTE: The variant coordinates are based on the preferred genomic representation from the ClinGen Allele Registry."

"Record #","File Name","Interp Id","Variant (alt desig)","Output Cell","Status","Code","Description"
"1","MYH7-5/allinput.json","6c7676cc-a729-42ee-bc9c-580feb015c57","","--","Success","--","--"
"2","MYH7-5/allinput.json","6a9cd1dc-183f-4897-91e7-0bfc92a4ce1b","","--","Success","--","--"
"3","MYH7-5/allinput.json","57cd51f7-3891-4b22-9d96-d564c65aabdb","","--","Success","--","--"
"4","MYH7-5/allinput.json","f7b4f50c-5b5d-4707-acc8-162fb6bfcd17","","--","Success","--","--"
"5","MYH7-5/allinput.json","77abc0d4-5227-44f9-85da-0724f1c0f752","","--","Success","--","--"
"6","MYH7-5/allinput.json","da0ede45-78bd-43e3-8f1f-9ac160621dc4","","--","Success","--","--"
"7","MYH7-5/allinput.json","d7d969ca-f2e3-4c49-ac31-63f351852a54","","--","Success","--","--"
"8","MYH7-5/allinput.json","7c729fe3-84ef-4174-a0d8-c152b6dc76d7","","--","Success","--","--"
"9","MYH7-5/allinput.json","e08a8c4f-f972-4f81-80b1-528cd4e6ca91","","--","Success","--","--"
"10","MYH7-5/allinput.json","ec05bf26-370c-4ac5-bb04-d08996c99723","","--","Success","--","--"
"11","MYH7-5/allinput.json","7ce6fd16-411b-442d-9cee-289cdd327c9c","","--","Success","--","--"
"12","MYH7-5/allinput.json","d896763f-e05b-46ff-a7a2-fc8cdd418c75","","--","Success","--","--"
"13","MYH7-5/allinput.json","1f7adfd4-301c-4b88-bb44-5784d44ef5ce","","--","Success","--","--"
"14","MYH7-5/allinput.json","a16a1f02-844a-4b61-bd74-71c8230a85de","","--","Success","--","--"
"15","MYH7-5/allinput.json","5e699e3c-5574-4272-a29d-28f2b1354654","","--","Success","--","--"
"16","MYH7-5/allinput.json","da44d8c5-f133-4882-8a5a-1a6c85b2e7b3","","--","Success","--","--"
"17","MYH7-5/allinput.json","63e9b736-1773-4cb2-9e7a-d167b107045e","","--","Success","--","--"
"18","MYH7-5/allinput.json","821dbd1d-4ca7-4f58-8a42-0ec982d8eb66","","--","Success","--","--"
"19","MYH7-5/allinput.json","ff8aa757-72b9-4c6d-983e-e31097e01139","","--","Success","--","--"
"20","MYH7-5/allinput.json","1db3f365-c635-4541-82da-6d48c06d14e6","","--","Success","--","--"
"21","MYH7-5/allinput.json","64ce5020-8967-4a9e-b432-5a60988016d9","","--","Success","--","--"
"22","MYH7-5/allinput.json","e30dd1e9-5024-4dbd-8b90-e66888d2700d","","--","Success","--","--"
"23","MYH7-5/allinput.json","0be32c2f-1227-4089-b5fe-a3fd165b61d5","","--","Success","--","--"
"24","MYH7-5/allinput.json","ae72e610-e63b-4c45-9b58-993f04531448","","--","Success","--","--"
"25","MYH7-5/allinput.json","ad28d5b5-6c74-4aa4-a755-d1b21486fd81","","--","Success","--","--"
"26","MYH7-5/allinput.json","286bd75a-06b0-4040-81ce-6e1c12bf3fc7","","--","Success","--","--"
"27","MYH7-5/allinput.json","6a11c78d-e05e-417f-8453-1e66356e09e9","","--","Success","--","--"
"28","MYH7-5/allinput.json","0676e72c-311f-400d-af6e-a0c693fbd33a","","--","Success","--","--"
"29","MYH7-5/allinput.json","e26a6375-f03a-4542-9924-d09781723678","","--","Success","--","--"
"30","MYH7-5/allinput.json","2d09f591-2d8e-40af-a273-07a3ec1e0fc5","","--","Success","--","--"
"31","MYH7-5/allinput.json","6fe13380-41f6-4b69-a87b-3c8ac1372bc1","","--","Success","--","--"
"32","MYH7-5/allinput.json","06dd2a85-f0e8-445d-8f25-bcd5a7153a12","","--","Success","--","--"
"33","MYH7-5/allinput.json","740d3a8f-5dd0-4b55-8045-2571c2606486","","--","Success","--","--"
"34","MYH7-5/allinput.json","8d697e74-5cec-4ffa-a116-f83b4f8fb2b8","","--","Success","--","--"
"35","MYH7-5/allinput.json","57a05647-6a92-4bb6-a94e-b4fb29af2e0f","","--","Success","--","--"
"36","MYH7-5/allinput.json","ccdf0002-db7d-4fd8-989a-73c765052ee9","","--","Success","--","--"
"37","MYH7-5/allinput.json","8ff577cd-158b-45ba-b21b-c387c3c850e6","","--","Success","--","--"
"38","MYH7-5/allinput.json","830be9c3-5066-4862-ae1d-b5d73bc2a6b3","","--","Success","--","--"
"39","MYH7-5/allinput.json","dfd5170f-2105-4cc6-870a-2f7511d716cd","","--","Success","--","--"
"40","MYH7-5/allinput.json","36226bd6-2753-49e6-8a0d-cd43e12120c1","","--","Success","--","--"
"41","MYH7-5/allinput.json","b4ae1402-0ded-4822-9b3a-6f0947d8c41e","","--","Success","--","--"
"42","MYH7-5/allinput.json","380d3ce8-4982-4df6-9bc5-6f4f7f75301c","","--","Success","--","--"
"43","MYH7-5/allinput.json","8112b9be-baa4-485d-a686-c223e112af4e","","--","Success","--","--"
"44","MYH7-5/allinput.json","7cad6d45-ed00-44b9-a31d-225ff15a0c10","","--","Success","--","--"
"45","MYH7-5/allinput.json","f4dea66d-87b3-467f-862c-c239472e6930","","--","Success","--","--"
"46","MYH7-5/allinput.json","0c17fdbf-8ecb-44db-9b84-c261d47f1dff","","--","Success","--","--"
"47","MYH7-5/allinput.json","0569b019-28db-4569-b243-bcc906486bd5","","--","Success","--","--"
"48","MYH7-5/allinput.json","bd7ac89f-9ef0-4c1b-9884-893fd733703d","","--","Success","--","--"
"49","MYH7-5/allinput.json","e2762d05-f514-4fde-90de-7e6983a078a7","","--","Success","--","--"
"50","MYH7-5/allinput.json","d065fb29-95bd-49a8-951e-f52b10fac57c","","--","Success","--","--"
"51","MYH7-5/allinput.json","768afef8-4fb0-47f1-980f-d95c2ab71447","","--","Success","--","--"
"52","MYH7-5/allinput.json","ad81c356-fbf8-4c6d-903e-c43fb05f8288","","--","Success","--","--"
"53","MYH7-5/allinput.json","6c279822-a998-4501-a37c-1768c4769158","","--","Success","--","--"
"54","MYH7-5/allinput.json","ccf7c102-ea2b-405d-80ab-65ce87901806","","--","Success","--","--"
"55","MYH7-5/allinput.json","59bad543-333c-4d6f-b5d0-21a40136c576","","--","Success","--","--"
"56","MYH7-5/allinput.json","da96f339-d77d-4caf-afe3-768754b0efca","","--","Success","--","--"
"57","MYH7-5/allinput.json","5dd3f0f6-7736-4320-bd76-d07ae2cd679c","","--","Success","--","--"
"58","MYH7-5/allinput.json","b27a29bf-ad68-4066-b07a-e5dcac3e6944","","--","Success","--","--"
"59","MYH7-5/allinput.json","db768ec3-6235-4499-8d5a-f18d2dfa3ee7","","--","Success","--","--"
"60","MYH7-5/allinput.json","869f715e-ecb7-42f4-aad4-123ebe5d3b2d","","--","Success","--","--"
"61","MYH7-5/allinput.json","90ddeb4d-091c-4378-ad61-ca1d9551ce4e","","--","Success","--","--"
"62","MYH7-5/allinput.json","f43eef48-e44b-4436-b419-aee39de7c831","","--","Success","--","--"
"63","MYH7-5/allinput.json","ae56c58a-f230-4cdd-ae97-4a8854aed98b","","--","Success","--","--"
"64","MYH7-5/allinput.json","558edff6-7f85-4b3c-9436-15e222922594","","--","Success","--","--"
"65","MYH7-5/allinput.json","6c2b587c-45cc-4fbc-bc0b-059a87ea6349","","--","Success","--","--"
"66","MYH7-5/allinput.json","80f1bf99-45f8-4b70-8fdb-a5e3980b862c","","--","Success","--","--"
"67","MYH7-5/allinput.json","6b897fc5-b902-4fac-adc3-ad57632dacad","","--","Success","--","--"
"68","MYH7-5/allinput.json","58966d39-7dea-41df-be75-5371df18e99e","","--","Success","--","--"
"69","MYH7-5/allinput.json","8b156efb-afd3-4dd9-9602-39a13d32a5b6","","--","Success","--","--"
"70","MYH7-5/allinput.json","10979ad9-6d55-41ac-b094-a5afdc161970","","--","Success","--","--"
"71","MYH7-5/allinput.json","d259092e-4ec8-4e34-9b36-8d548c8e4f7e","","--","Success","--","--"
"72","MYH7-5/allinput.json","391d3665-b29c-4627-bf93-ca50435b06b4","","--","Success","--","--"
"73","MYH7-5/allinput.json","9d15308c-24d6-4612-83db-e16129e10e7f","","--","Success","--","--"
"74","MYH7-5/allinput.json","f89b58e9-fd2b-41c7-9ca3-dd7cedfdd3ee","","--","Success","--","--"
"75","MYH7-5/allinput.json","47b30ecd-c4eb-470e-bd81-0bba893f6f40","","--","Success","--","--"
"76","MYH7-5/allinput.json","3a4b002a-d683-41f1-9f5f-3211c2a7f950","","--","Success","--","--"
"77","MYH7-5/allinput.json","9486153c-4de2-4686-927c-cbe960ccbc06","","--","Success","--","--"
"78","MYH7-5/allinput.json","cb5ea8fa-74c0-4d48-9e7b-f510d2a84046","","--","Success","--","--"
"79","MYH7-5/allinput.json","de961e5a-a5f1-47f5-abee-524b09b41cc0","","--","Success","--","--"
"80","MYH7-5/allinput.json","3b724301-b55e-4124-bc08-1c7922195671","","--","Success","--","--"
"81","MYH7-5/allinput.json","7b17a8bd-b169-46a1-8efa-b7388c4ecdef","","--","Success","--","--"
"82","MYH7-5/allinput.json","c69683b9-ae34-4aea-98be-84cd024b37cf","","--","Success","--","--"
"83","MYH7-5/allinput.json","7073dd08-2236-46cf-af05-bb7efc08dfc9","","--","Success","--","--"
"84","MYH7-5/allinput.json","4d2aa3fa-3052-415e-9f35-66031cc8266c","","--","Success","--","--"
"85","MYH7-5/allinput.json","5fe5fef0-e52a-4616-8e14-0b7ae7e8da51","","--","Success","--","--"
"86","MYH7-5/allinput.json","ae1c8298-2afe-4242-9a38-eea990986d41","","--","Success","--","--"
"87","MYH7-5/allinput.json","5d9a840f-4e17-4378-a41d-341cf6eab7b8","","--","Success","--","--"
"88","MYH7-5/allinput.json","e8215039-95f4-4f85-a85e-1cc2d33278f0","","--","Success","--","--"
"89","MYH7-5/allinput.json","8ebacc93-8fcf-4e97-9078-77ffec49ee40","","--","Success","--","--"
"90","MYH7-5/allinput.json","85f7499a-f2f0-476e-bcfb-f66f78058cc2","","--","Success","--","--"
"91","MYH7-5/allinput.json","e0f90a49-fd56-4a6e-97a3-d0cc9611d193","","--","Success","--","--"
"92","MYH7-5/allinput.json","4d5712d1-cc9f-4b7f-a73c-73dcffcd7849","","--","Success","--","--"
"93","MYH7-5/allinput.json","84390a12-c383-4dd9-87a4-6900e444fe1b","","--","Success","--","--"
"94","MYH7-5/allinput.json","dc6a24be-6cd7-45ac-a097-1d5031608aa7","","--","Success","--","--"
"95","MYH7-5/allinput.json","9bfa9ec7-0398-4a25-878d-233b01eafc0a","","--","Success","--","--"
"96","MYH7-5/allinput.json","3ac90aed-00ed-4225-a768-90003b4e581b","","--","Success","--","--"
"97","MYH7-5/allinput.json","6099dd89-541a-406f-bef7-323e5330bf7a","","--","Success","--","--"
"98","MYH7-5/allinput.json","f7c40884-cfcd-4962-978e-647248238679","","--","Success","--","--"
"99","MYH7-5/allinput.json","96f084ee-5a31-4783-b4d4-aa2ffe4b4e45","","--","Success","--","--"
"100","MYH7-5/allinput.json","792e7ac9-c650-4b6c-a394-400730a6f471","","--","Success","--","--"
"101","MYH7-5/allinput.json","642005b8-321a-4b2e-9a08-c3cc99d24a7e","","--","Success","--","--"
"102","MYH7-5/allinput.json","2c987756-3504-454e-b234-61113cfe99e8","","--","Success","--","--"
