﻿VariationID,ClinicalSignificance,DateLastEvaluated,Description,SubmittedPhenotypeInfo,ReportedPhenotypeInfo,ReviewStatus,CollectionMethod,OriginCounts,Submitter,SCV,SubmittedGeneSymbol,ExplanationOfInterpretation
14087,Pathogenic,15-Dec-16,"This variant was classified using modified ACMG criteria (ClinGen Expert Panel, Kelly et al. manuscript in preparation). Please see a summary of the rules and criteria codes in the ""ACMG variant classification (MYH7)"" document (assertion method column). The following criteria were met:PS3;PS4;PP1_ Strong;PM1;PM2;PM5;PP3",MedGen:C0949658,C0949658:Primary familial hypertrophic cardiomyopathy,reviewed by expert panel,curation,germline:na,MYH7,SCV000564413.2,MYH7,-
14089,Pathogenic,15-Dec-16,"This variant was classified using modified ACMG criteria (ClinGen Expert Panel, Kelly et al. manuscript in preparation). Please see a summary of the rules and criteria codes in the ""ACMG variant classification (MYH7)"" document (assertion method column). The following criteria were met:PS2;PS3;PS4;PP1_ Strong;PM1;PM2;PP3",MedGen:C0340429;MedGen:C0949658,C0340429:Familial restrictive cardiomyopathy;C0949658:Primary familial hypertrophic cardiomyopathy,reviewed by expert panel,curation,germline:na,MYH7,SCV000564414.2,MYH7,-
14090,Pathogenic,15-Dec-16,"This variant was classified using modified ACMG criteria (ClinGen Expert Panel, Kelly et al. manuscript in preparation). Please see a summary of the rules and criteria codes in the ""ACMG variant classification (MYH7)"" document (assertion method column). The following criteria were met:PS4;PM1;PM2;PP1_Moderate;PP3",MedGen:C0949658,C0949658:Primary familial hypertrophic cardiomyopathy,reviewed by expert panel,curation,germline:na,MYH7,SCV000564418.2,MYH7,-
14095,Pathogenic,15-Dec-16,"This variant was classified using modified ACMG criteria (ClinGen Expert Panel, Kelly et al. manuscript in preparation). Please see a summary of the rules and criteria codes in the ""ACMG variant classification (MYH7)"" document (assertion method column). The following criteria were met:PS4;PP1_ Strong;PM1;PM2;PM5;PM6;PP3;BP2",MedGen:C0949658,C0949658:Primary familial hypertrophic cardiomyopathy,reviewed by expert panel,curation,germline:na,MYH7,SCV000564425.2,MYH7,-
14097,Pathogenic,15-Dec-16,"This variant was classified using modified ACMG criteria (ClinGen Expert Panel, Kelly et al. manuscript in preparation). Please see a summary of the rules and criteria codes in the ""ACMG variant classification (MYH7)"" document (assertion method column). The following criteria were met:PS4;PP1_ Strong;PM1;PM2;PP3",MedGen:C0949658,C0949658:Primary familial hypertrophic cardiomyopathy,reviewed by expert panel,curation,germline:na,MYH7,SCV000564438.2,MYH7,-
14098,Pathogenic,15-Dec-16,"This variant was classified using modified ACMG criteria (ClinGen Expert Panel, Kelly et al. manuscript in preparation). Please see a summary of the rules and criteria codes in the ""ACMG variant classification (MYH7)"" document (assertion method column). The following criteria were met:PS4;PM1;PM2;PM5;PM6;PP1;PP3",MedGen:C0949658,C0949658:Primary familial hypertrophic cardiomyopathy,reviewed by expert panel,curation,germline:na,MYH7,SCV000564427.2,MYH7,-
14102,Pathogenic,15-Dec-16,"This variant was classified using modified ACMG criteria (ClinGen Expert Panel, Kelly et al. manuscript in preparation). Please see a summary of the rules and criteria codes in the ""ACMG variant classification (MYH7)"" document (assertion method column). The following criteria were met:PS4;PP1_ Strong;PM1;PM2;PM5;PP3",MedGen:C0949658,C0949658:Primary familial hypertrophic cardiomyopathy,reviewed by expert panel,curation,germline:na,MYH7,SCV000564412.2,MYH7,-
14104,Pathogenic,15-Dec-16,"This variant was classified using modified ACMG criteria (ClinGen Expert Panel, Kelly et al. manuscript in preparation). Please see a summary of the rules and criteria codes in the ""ACMG variant classification (MYH7)"" document (assertion method column). The following criteria were met:PS2;PS3;PS4;PP1_ Strong;PM1;PM2;PM5;PP3",MedGen:C0949658,C0949658:Primary familial hypertrophic cardiomyopathy,reviewed by expert panel,curation,germline:na,MYH7,SCV000564421.2,MYH7,-
14105,Pathogenic,15-Dec-16,"This variant was classified using modified ACMG criteria (ClinGen Expert Panel, Kelly et al. manuscript in preparation). Please see a summary of the rules and criteria codes in the ""ACMG variant classification (MYH7)"" document (assertion method column). The following criteria were met:PS4;PP1_ Strong;PM1;PM2;PM6;PP3",MedGen:C0949658,C0949658:Primary familial hypertrophic cardiomyopathy,reviewed by expert panel,curation,germline:na,MYH7,SCV000564420.2,MYH7,-
14107,Pathogenic,15-Dec-16,"This variant was classified using modified ACMG criteria (ClinGen Expert Panel, Kelly et al. manuscript in preparation). Please see a summary of the rules and criteria codes in the ""ACMG variant classification (MYH7)"" document (assertion method column). The following criteria were met:PS4;PP1_ Strong;PM1;PM2;PM5;PP3",MedGen:C0949658,C0949658:Primary familial hypertrophic cardiomyopathy,reviewed by expert panel,curation,germline:na,MYH7,SCV000564422.2,MYH7,-
14108,Pathogenic,15-Dec-16,"This variant was classified using modified ACMG criteria (ClinGen Expert Panel, Kelly et al. manuscript in preparation). Please see a summary of the rules and criteria codes in the ""ACMG variant classification (MYH7)"" document (assertion method column). The following criteria were met:PS3;PP1_ Strong;PM1;PM2;PP3;PS4_ Supporting",MedGen:C0007193,C0007193:Primary dilated cardiomyopathy,reviewed by expert panel,curation,germline:na,MYH7,SCV000564417.2,MYH7,-
14120,Pathogenic,15-Dec-16,"This variant was classified using modified ACMG criteria (ClinGen Expert Panel, Kelly et al. manuscript in preparation). Please see a summary of the rules and criteria codes in the ""ACMG variant classification (MYH7)"" document (assertion method column). The following criteria were met:PS4;PP1_ Strong;PM1;PM2",MedGen:C0949658,C0949658:Primary familial hypertrophic cardiomyopathy,reviewed by expert panel,curation,germline:na,MYH7,SCV000564434.2,MYH7,-
14125,Pathogenic,15-Dec-16,"This variant was classified using modified ACMG criteria (ClinGen Expert Panel, Kelly et al. manuscript in preparation). Please see a summary of the rules and criteria codes in the ""ACMG variant classification (MYH7)"" document (assertion method column). The following criteria were met:PS4;PP1_ Strong;PM1;PM2",MedGen:C0949658,C0949658:Primary familial hypertrophic cardiomyopathy,reviewed by expert panel,curation,germline:na,MYH7,SCV000564437.2,MYH7,-
36641,Uncertain significance,15-Dec-16,"This variant was classified using modified ACMG criteria (ClinGen Expert Panel, Kelly et al. manuscript in preparation). Please see a summary of the rules and criteria codes in the ""ACMG variant classification (MYH7)"" document (assertion method column). The following criteria were met:PP3;BS4",not specified,CN169374:not specified,reviewed by expert panel,curation,germline:na,MYH7,SCV000564447.2,MYH7,-
36642,Likely pathogenic,15-Dec-16,"This variant was classified using modified ACMG criteria (ClinGen Expert Panel, Kelly et al. manuscript in preparation). Please see a summary of the rules and criteria codes in the ""ACMG variant classification (MYH7)"" document (assertion method column). The following criteria were met:PS4;PM2;PP1;PP3",MedGen:C0949658,C0949658:Primary familial hypertrophic cardiomyopathy,reviewed by expert panel,curation,germline:na,MYH7,SCV000564455.2,MYH7,-
37375,Benign,15-Dec-16,"This variant was classified using modified ACMG criteria (ClinGen Expert Panel, Kelly et al. manuscript in preparation). Please see a summary of the rules and criteria codes in the ""ACMG variant classification (MYH7)"" document (assertion method column). The following criteria were met: BA1",not specified,CN169374:not specified,reviewed by expert panel,curation,germline:na,MYH7,SCV000564467.2,MYH7,-
42817,Benign,15-Dec-16,"This variant was classified using modified ACMG criteria (ClinGen Expert Panel, Kelly et al. manuscript in preparation). Please see a summary of the rules and criteria codes in the ""ACMG variant classification (MYH7)"" document (assertion method column). The following criteria were met: BA1",not specified,CN169374:not specified,reviewed by expert panel,curation,germline:na,MYH7,SCV000564470.2,MYH7,-
42819,Benign,15-Dec-16,"This variant was classified using modified ACMG criteria (ClinGen Expert Panel, Kelly et al. manuscript in preparation). Please see a summary of the rules and criteria codes in the ""ACMG variant classification (MYH7)"" document (assertion method column). The following criteria were met: BA1",not specified,CN169374:not specified,reviewed by expert panel,curation,germline:na,MYH7,SCV000564499.2,MYH7,-
42821,Benign,15-Dec-16,"This variant was classified using modified ACMG criteria (ClinGen Expert Panel, Kelly et al. manuscript in preparation). Please see a summary of the rules and criteria codes in the ""ACMG variant classification (MYH7)"" document (assertion method column). The following criteria were met: BA1",not specified,CN169374:not specified,reviewed by expert panel,curation,germline:na,MYH7,SCV000564498.2,MYH7,-
42822,Likely pathogenic,15-Dec-16,"This variant was classified using modified ACMG criteria (ClinGen Expert Panel, Kelly et al. manuscript in preparation). Please see a summary of the rules and criteria codes in the ""ACMG variant classification (MYH7)"" document (assertion method column). The following criteria were met:PM1;PM2;PM6;PS4_Moderate",MedGen:C0007193,C0007193:Primary dilated cardiomyopathy,reviewed by expert panel,curation,germline:na,MYH7,SCV000564410.2,MYH7,-
42823,Benign,15-Dec-16,"This variant was classified using modified ACMG criteria (ClinGen Expert Panel, Kelly et al. manuscript in preparation). Please see a summary of the rules and criteria codes in the ""ACMG variant classification (MYH7)"" document (assertion method column). The following criteria were met: BA1",not specified,CN169374:not specified,reviewed by expert panel,curation,germline:na,MYH7,SCV000564496.2,MYH7,-
42838,Pathogenic,15-Dec-16,"This variant was classified using modified ACMG criteria (ClinGen Expert Panel, Kelly et al. manuscript in preparation). Please see a summary of the rules and criteria codes in the ""ACMG variant classification (MYH7)"" document (assertion method column). The following criteria were met:PS4;PM1;PM2;PM5;PM6;PP3",MedGen:C0949658,C0949658:Primary familial hypertrophic cardiomyopathy,reviewed by expert panel,curation,germline:na,MYH7,SCV000564415.2,MYH7,-
42843,Benign,15-Dec-16,"This variant was classified using modified ACMG criteria (ClinGen Expert Panel, Kelly et al. manuscript in preparation). Please see a summary of the rules and criteria codes in the ""ACMG variant classification (MYH7)"" document (assertion method column). The following criteria were met: BA1",not specified,CN169374:not specified,reviewed by expert panel,curation,germline:na,MYH7,SCV000564495.2,MYH7,-
42853,Benign,15-Dec-16,"This variant was classified using modified ACMG criteria (ClinGen Expert Panel, Kelly et al. manuscript in preparation). Please see a summary of the rules and criteria codes in the ""ACMG variant classification (MYH7)"" document (assertion method column). The following criteria were met: BA1",not specified,CN169374:not specified,reviewed by expert panel,curation,germline:na,MYH7,SCV000564494.2,MYH7,-
42864,Benign,15-Dec-16,"This variant was classified using modified ACMG criteria (ClinGen Expert Panel, Kelly et al. manuscript in preparation). Please see a summary of the rules and criteria codes in the ""ACMG variant classification (MYH7)"" document (assertion method column). The following criteria were met: BA1",not specified,CN169374:not specified,reviewed by expert panel,curation,germline:na,MYH7,SCV000564493.2,MYH7,-
42869,Benign,15-Dec-16,"This variant was classified using modified ACMG criteria (ClinGen Expert Panel, Kelly et al. manuscript in preparation). Please see a summary of the rules and criteria codes in the ""ACMG variant classification (MYH7)"" document (assertion method column). The following criteria were met: BA1",not specified,CN169374:not specified,reviewed by expert panel,curation,germline:na,MYH7,SCV000564507.2,MYH7,-
42875,Pathogenic,15-Dec-16,"This variant was classified using modified ACMG criteria (ClinGen Expert Panel, Kelly et al. manuscript in preparation). Please see a summary of the rules and criteria codes in the ""ACMG variant classification (MYH7)"" document (assertion method column). The following criteria were met:PS4;PP1_ Strong;PM1;PM2",MedGen:C0949658,C0949658:Primary familial hypertrophic cardiomyopathy,reviewed by expert panel,curation,germline:na,MYH7,SCV000564419.2,MYH7,-
42884,Benign,15-Dec-16,"This variant was classified using modified ACMG criteria (ClinGen Expert Panel, Kelly et al. manuscript in preparation). Please see a summary of the rules and criteria codes in the ""ACMG variant classification (MYH7)"" document (assertion method column). The following criteria were met:BA1;BP4",not specified,CN169374:not specified,reviewed by expert panel,curation,germline:na,MYH7,SCV000564423.2,MYH7,-
42885,Pathogenic,15-Dec-16,"This variant was classified using modified ACMG criteria (ClinGen Expert Panel, Kelly et al. manuscript in preparation). Please see a summary of the rules and criteria codes in the ""ACMG variant classification (MYH7)"" document (assertion method column). The following criteria were met:PS4;PP1_ Strong;PM1;PM2;PM5;PP3",MedGen:C0949658,C0949658:Primary familial hypertrophic cardiomyopathy,reviewed by expert panel,curation,germline:na,MYH7,SCV000564424.2,MYH7,-
42900,Uncertain significance,15-Dec-16,"This variant was classified using modified ACMG criteria (ClinGen Expert Panel, Kelly et al. manuscript in preparation). Please see a summary of the rules and criteria codes in the ""ACMG variant classification (MYH7)"" document (assertion method column). The following criteria were met:PM1;BP2",not specified,CN169374:not specified,reviewed by expert panel,curation,germline:na,MYH7,SCV000564429.2,MYH7,-
42910,Pathogenic,15-Dec-16,"This variant was classified using modified ACMG criteria (ClinGen Expert Panel, Kelly et al. manuscript in preparation). Please see a summary of the rules and criteria codes in the ""ACMG variant classification (MYH7)"" document (assertion method column). The following criteria were met:PS2;PM1;PM2;PP3;PS4_ Supporting",MedGen:C0340429,C0340429:Familial restrictive cardiomyopathy,reviewed by expert panel,curation,germline:na,MYH7,SCV000564430.2,MYH7,-
42911,Benign,15-Dec-16,"This variant was classified using modified ACMG criteria (ClinGen Expert Panel, Kelly et al. manuscript in preparation). Please see a summary of the rules and criteria codes in the ""ACMG variant classification (MYH7)"" document (assertion method column). The following criteria were met: BA1",not specified,CN169374:not specified,reviewed by expert panel,curation,germline:na,MYH7,SCV000564491.2,MYH7,-
42913,Likely pathogenic,15-Dec-16,"This variant was classified using modified ACMG criteria (ClinGen Expert Panel, Kelly et al. manuscript in preparation). Please see a summary of the rules and criteria codes in the ""ACMG variant classification (MYH7)"" document (assertion method column). The following criteria were met:PS4;PM2;PM4;PP1",MedGen:C0949658,C0949658:Primary familial hypertrophic cardiomyopathy,reviewed by expert panel,curation,germline:na,MYH7,SCV000564431.2,MYH7,-
42915,Benign,15-Dec-16,"This variant was classified using modified ACMG criteria (ClinGen Expert Panel, Kelly et al. manuscript in preparation). Please see a summary of the rules and criteria codes in the ""ACMG variant classification (MYH7)"" document (assertion method column). The following criteria were met: BA1",not specified,CN169374:not specified,reviewed by expert panel,curation,germline:na,MYH7,SCV000564490.2,MYH7,-
42918,Benign,15-Dec-16,"This variant was classified using modified ACMG criteria (ClinGen Expert Panel, Kelly et al. manuscript in preparation). Please see a summary of the rules and criteria codes in the ""ACMG variant classification (MYH7)"" document (assertion method column). The following criteria were met: BA1",not specified,CN169374:not specified,reviewed by expert panel,curation,germline:na,MYH7,SCV000564506.2,MYH7,-
42922,Pathogenic,15-Dec-16,"This variant was classified using modified ACMG criteria (ClinGen Expert Panel, Kelly et al. manuscript in preparation). Please see a summary of the rules and criteria codes in the ""ACMG variant classification (MYH7)"" document (assertion method column). The following criteria were met:PS4;PM1;PM2;PP1_Moderate;PP3",MedGen:C0949658,C0949658:Primary familial hypertrophic cardiomyopathy,reviewed by expert panel,curation,germline:na,MYH7,SCV000564436.2,MYH7,-
42931,Benign,15-Dec-16,"This variant was classified using modified ACMG criteria (ClinGen Expert Panel, Kelly et al. manuscript in preparation). Please see a summary of the rules and criteria codes in the ""ACMG variant classification (MYH7)"" document (assertion method column). The following criteria were met: BA1",not specified,CN169374:not specified,reviewed by expert panel,curation,germline:na,MYH7,SCV000564489.2,MYH7,-
42934,Likely pathogenic,15-Dec-16,"This variant was classified using modified ACMG criteria (ClinGen Expert Panel, Kelly et al. manuscript in preparation). Please see a summary of the rules and criteria codes in the ""ACMG variant classification (MYH7)"" document (assertion method column). The following criteria were met:PM2;PM4;PP1_Moderate;PS4_ Supporting",MedGen:C0949658,C0949658:Primary familial hypertrophic cardiomyopathy,reviewed by expert panel,curation,germline:na,MYH7,SCV000564439.2,MYH7,-
42939,Benign,15-Dec-16,"This variant was classified using modified ACMG criteria (ClinGen Expert Panel, Kelly et al. manuscript in preparation). Please see a summary of the rules and criteria codes in the ""ACMG variant classification (MYH7)"" document (assertion method column). The following criteria were met: BA1",not specified,CN169374:not specified,reviewed by expert panel,curation,germline:na,MYH7,SCV000564488.2,MYH7,-
42941,Benign,15-Dec-16,"This variant was classified using modified ACMG criteria (ClinGen Expert Panel, Kelly et al. manuscript in preparation). Please see a summary of the rules and criteria codes in the ""ACMG variant classification (MYH7)"" document (assertion method column). The following criteria were met: BA1",not specified,CN169374:not specified,reviewed by expert panel,curation,germline:na,MYH7,SCV000564466.2,MYH7,-
42942,Benign,15-Dec-16,"This variant was classified using modified ACMG criteria (ClinGen Expert Panel, Kelly et al. manuscript in preparation). Please see a summary of the rules and criteria codes in the ""ACMG variant classification (MYH7)"" document (assertion method column). The following criteria were met: BA1",not specified,CN169374:not specified,reviewed by expert panel,curation,germline:na,MYH7,SCV000564487.2,MYH7,-
42944,Benign,15-Dec-16,"This variant was classified using modified ACMG criteria (ClinGen Expert Panel, Kelly et al. manuscript in preparation). Please see a summary of the rules and criteria codes in the ""ACMG variant classification (MYH7)"" document (assertion method column). The following criteria were met: BA1",not specified,CN169374:not specified,reviewed by expert panel,curation,germline:na,MYH7,SCV000564505.2,MYH7,-
42945,Benign,15-Dec-16,"This variant was classified using modified ACMG criteria (ClinGen Expert Panel, Kelly et al. manuscript in preparation). Please see a summary of the rules and criteria codes in the ""ACMG variant classification (MYH7)"" document (assertion method column). The following criteria were met:BA1;BP7",not specified,CN169374:not specified,reviewed by expert panel,curation,germline:na,MYH7,SCV000564440.2,MYH7,-
42946,Benign,15-Dec-16,"This variant was classified using modified ACMG criteria (ClinGen Expert Panel, Kelly et al. manuscript in preparation). Please see a summary of the rules and criteria codes in the ""ACMG variant classification (MYH7)"" document (assertion method column). The following criteria were met: BA1",not specified,CN169374:not specified,reviewed by expert panel,curation,germline:na,MYH7,SCV000564486.2,MYH7,-
42949,Benign,15-Dec-16,"This variant was classified using modified ACMG criteria (ClinGen Expert Panel, Kelly et al. manuscript in preparation). Please see a summary of the rules and criteria codes in the ""ACMG variant classification (MYH7)"" document (assertion method column). The following criteria were met: BA1",not specified,CN169374:not specified,reviewed by expert panel,curation,germline:na,MYH7,SCV000564485.2,MYH7,-
42950,Uncertain significance,15-Dec-16,"This variant was classified using modified ACMG criteria (ClinGen Expert Panel, Kelly et al. manuscript in preparation). Please see a summary of the rules and criteria codes in the ""ACMG variant classification (MYH7)"" document (assertion method column). The following criteria were met:PM2;PS4_Moderate;PP3",not specified,CN169374:not specified,reviewed by expert panel,curation,germline:na,MYH7,SCV000564443.2,MYH7,-
42952,Benign,15-Dec-16,"This variant was classified using modified ACMG criteria (ClinGen Expert Panel, Kelly et al. manuscript in preparation). Please see a summary of the rules and criteria codes in the ""ACMG variant classification (MYH7)"" document (assertion method column). The following criteria were met:BA1;BP7",not specified,CN169374:not specified,reviewed by expert panel,curation,germline:na,MYH7,SCV000564504.2,MYH7,-
42953,Uncertain significance,15-Dec-16,"This variant was classified using modified ACMG criteria (ClinGen Expert Panel, Kelly et al. manuscript in preparation). Please see a summary of the rules and criteria codes in the ""ACMG variant classification (MYH7)"" document (assertion method column). The following criteria were met:PP3",not specified,CN169374:not specified,reviewed by expert panel,curation,germline:na,MYH7,SCV000577981.3,MYH7,-
42956,Benign,15-Dec-16,"This variant was classified using modified ACMG criteria (ClinGen Expert Panel, Kelly et al. manuscript in preparation). Please see a summary of the rules and criteria codes in the ""ACMG variant classification (MYH7)"" document (assertion method column). The following criteria were met: BA1",not specified,CN169374:not specified,reviewed by expert panel,curation,germline:na,MYH7,SCV000564469.2,MYH7,-
42957,Benign,15-Dec-16,"This variant was classified using modified ACMG criteria (ClinGen Expert Panel, Kelly et al. manuscript in preparation). Please see a summary of the rules and criteria codes in the ""ACMG variant classification (MYH7)"" document (assertion method column). The following criteria were met: BA1",not specified,CN169374:not specified,reviewed by expert panel,curation,germline:na,MYH7,SCV000564484.2,MYH7,-
42959,Uncertain significance,15-Dec-16,"This variant was classified using modified ACMG criteria (ClinGen Expert Panel, Kelly et al. manuscript in preparation). Please see a summary of the rules and criteria codes in the ""ACMG variant classification (MYH7)"" document (assertion method column). The following criteria were met:",not specified,CN169374:not specified,reviewed by expert panel,curation,germline:na,MYH7,SCV000564444.2,MYH7,-
42965,Uncertain significance,15-Dec-16,"This variant was classified using modified ACMG criteria (ClinGen Expert Panel, Kelly et al. manuscript in preparation). Please see a summary of the rules and criteria codes in the ""ACMG variant classification (MYH7)"" document (assertion method column). The following criteria were met:PP3",not specified,CN169374:not specified,reviewed by expert panel,curation,germline:na,MYH7,SCV000564445.2,MYH7,-
42968,Likely pathogenic,15-Dec-16,"This variant was classified using modified ACMG criteria (ClinGen Expert Panel, Kelly et al. manuscript in preparation). Please see a summary of the rules and criteria codes in the ""ACMG variant classification (MYH7)"" document (assertion method column). The following criteria were met:PM2;PM4;PP1;PS4_ Supporting",MedGen:C0013481,C0013481:Ebstein's anomaly of the tricuspid valve,reviewed by expert panel,curation,germline:na,MYH7,SCV000564446.2,MYH7,-
42974,Benign,15-Dec-16,"This variant was classified using modified ACMG criteria (ClinGen Expert Panel, Kelly et al. manuscript in preparation). Please see a summary of the rules and criteria codes in the ""ACMG variant classification (MYH7)"" document (assertion method column). The following criteria were met: BA1",not specified,CN169374:not specified,reviewed by expert panel,curation,germline:na,MYH7,SCV000564483.2,MYH7,-
42977,Benign,15-Dec-16,"This variant was classified using modified ACMG criteria (ClinGen Expert Panel, Kelly et al. manuscript in preparation). Please see a summary of the rules and criteria codes in the ""ACMG variant classification (MYH7)"" document (assertion method column). The following criteria were met: BA1",not specified,CN169374:not specified,reviewed by expert panel,curation,germline:na,MYH7,SCV000564468.2,MYH7,-
42979,Benign,15-Dec-16,"This variant was classified using modified ACMG criteria (ClinGen Expert Panel, Kelly et al. manuscript in preparation). Please see a summary of the rules and criteria codes in the ""ACMG variant classification (MYH7)"" document (assertion method column). The following criteria were met: BA1",not specified,CN169374:not specified,reviewed by expert panel,curation,germline:na,MYH7,SCV000564482.2,MYH7,-
42980,Benign,15-Dec-16,"This variant was classified using modified ACMG criteria (ClinGen Expert Panel, Kelly et al. manuscript in preparation). Please see a summary of the rules and criteria codes in the ""ACMG variant classification (MYH7)"" document (assertion method column). The following criteria were met: BA1",not specified,CN169374:not specified,reviewed by expert panel,curation,germline:na,MYH7,SCV000564481.2,MYH7,-
42988,Benign,15-Dec-16,"This variant was classified using modified ACMG criteria (ClinGen Expert Panel, Kelly et al. manuscript in preparation). Please see a summary of the rules and criteria codes in the ""ACMG variant classification (MYH7)"" document (assertion method column). The following criteria were met: BA1",not specified,CN169374:not specified,reviewed by expert panel,curation,germline:na,MYH7,SCV000564480.2,MYH7,-
42992,Likely pathogenic,15-Dec-16,"This variant was classified using modified ACMG criteria (ClinGen Expert Panel, Kelly et al. manuscript in preparation). Please see a summary of the rules and criteria codes in the ""ACMG variant classification (MYH7)"" document (assertion method column). The following criteria were met:PS4;PM2;PP3",MedGen:C0949658,C0949658:Primary familial hypertrophic cardiomyopathy,reviewed by expert panel,curation,germline:na,MYH7,SCV000564449.2,MYH7,-
43003,Likely pathogenic,15-Dec-16,"This variant was classified using modified ACMG criteria (ClinGen Expert Panel, Kelly et al. manuscript in preparation). Please see a summary of the rules and criteria codes in the ""ACMG variant classification (MYH7)"" document (assertion method column). The following criteria were met:PM2;PS4_Moderate;PP3",MedGen:C0949658,C0949658:Primary familial hypertrophic cardiomyopathy,reviewed by expert panel,curation,germline:na,MYH7,SCV000564450.2,MYH7,-
43005,Uncertain significance,15-Dec-16,"This variant was classified using modified ACMG criteria (ClinGen Expert Panel, Kelly et al. manuscript in preparation). Please see a summary of the rules and criteria codes in the ""ACMG variant classification (MYH7)"" document (assertion method column). The following criteria were met:PM2;PP3;PS4_ Supporting",not specified,CN169374:not specified,reviewed by expert panel,curation,germline:na,MYH7,SCV000564451.2,MYH7,-
43006,Likely pathogenic,15-Dec-16,"This variant was classified using modified ACMG criteria (ClinGen Expert Panel, Kelly et al. manuscript in preparation). Please see a summary of the rules and criteria codes in the ""ACMG variant classification (MYH7)"" document (assertion method column). The following criteria were met:PS4;PM2;PP1",MedGen:C0949658,C0949658:Primary familial hypertrophic cardiomyopathy,reviewed by expert panel,curation,germline:na,MYH7,SCV000564407.2,MYH7,-
43011,Uncertain significance,15-Dec-16,"This variant was classified using modified ACMG criteria (ClinGen Expert Panel, Kelly et al. manuscript in preparation). Please see a summary of the rules and criteria codes in the ""ACMG variant classification (MYH7)"" document (assertion method column). The following criteria were met:PM2;PS4_ Supporting;BP7",not specified,CN169374:not specified,reviewed by expert panel,curation,germline:na,MYH7,SCV000564452.2,MYH7,-
43012,Likely benign,15-Dec-16,"This variant was classified using modified ACMG criteria (ClinGen Expert Panel, Kelly et al. manuscript in preparation). Please see a summary of the rules and criteria codes in the ""ACMG variant classification (MYH7)"" document (assertion method column). The following criteria were met:PP3;BS1",not specified,CN169374:not specified,reviewed by expert panel,curation,germline:na,MYH7,SCV000577982.3,MYH7,-
43019,Benign,15-Dec-16,"This variant was classified using modified ACMG criteria (ClinGen Expert Panel, Kelly et al. manuscript in preparation). Please see a summary of the rules and criteria codes in the ""ACMG variant classification (MYH7)"" document (assertion method column). The following criteria were met: BA1",not specified,CN169374:not specified,reviewed by expert panel,curation,germline:na,MYH7,SCV000564479.2,MYH7,-
43020,Benign,15-Dec-16,"This variant was classified using modified ACMG criteria (ClinGen Expert Panel, Kelly et al. manuscript in preparation). Please see a summary of the rules and criteria codes in the ""ACMG variant classification (MYH7)"" document (assertion method column). The following criteria were met: BA1",not specified,CN169374:not specified,reviewed by expert panel,curation,germline:na,MYH7,SCV000564464.2,MYH7,-
43027,Benign,15-Dec-16,"This variant was classified using modified ACMG criteria (ClinGen Expert Panel, Kelly et al. manuscript in preparation). Please see a summary of the rules and criteria codes in the ""ACMG variant classification (MYH7)"" document (assertion method column). The following criteria were met: BA1",not specified,CN169374:not specified,reviewed by expert panel,curation,germline:na,MYH7,SCV000564478.2,MYH7,-
43029,Uncertain significance,15-Dec-16,"This variant was classified using modified ACMG criteria (ClinGen Expert Panel, Kelly et al. manuscript in preparation). Please see a summary of the rules and criteria codes in the ""ACMG variant classification (MYH7)"" document (assertion method column). The following criteria were met:PM2;PVS1_Moderate",not specified,CN169374:not specified,reviewed by expert panel,curation,germline:na,MYH7,SCV000564453.2,MYH7,-
43031,Benign,15-Dec-16,"This variant was classified using modified ACMG criteria (ClinGen Expert Panel, Kelly et al. manuscript in preparation). Please see a summary of the rules and criteria codes in the ""ACMG variant classification (MYH7)"" document (assertion method column). The following criteria were met: BA1",not specified,CN169374:not specified,reviewed by expert panel,curation,germline:na,MYH7,SCV000564477.2,MYH7,-
43032,Benign,15-Dec-16,"This variant was classified using modified ACMG criteria (ClinGen Expert Panel, Kelly et al. manuscript in preparation). Please see a summary of the rules and criteria codes in the ""ACMG variant classification (MYH7)"" document (assertion method column). The following criteria were met: BA1",not specified,CN169374:not specified,reviewed by expert panel,curation,germline:na,MYH7,SCV000564476.2,MYH7,-
43035,Benign,15-Dec-16,"This variant was classified using modified ACMG criteria (ClinGen Expert Panel, Kelly et al. manuscript in preparation). Please see a summary of the rules and criteria codes in the ""ACMG variant classification (MYH7)"" document (assertion method column). The following criteria were met: BA1",not specified,CN169374:not specified,reviewed by expert panel,curation,germline:na,MYH7,SCV000564475.2,MYH7,-
43038,Benign,15-Dec-16,"This variant was classified using modified ACMG criteria (ClinGen Expert Panel, Kelly et al. manuscript in preparation). Please see a summary of the rules and criteria codes in the ""ACMG variant classification (MYH7)"" document (assertion method column). The following criteria were met: BA1",not specified,CN169374:not specified,reviewed by expert panel,curation,germline:na,MYH7,SCV000564503.2,MYH7,-
43044,Uncertain significance,15-Dec-16,"This variant was classified using modified ACMG criteria (ClinGen Expert Panel, Kelly et al. manuscript in preparation). Please see a summary of the rules and criteria codes in the ""ACMG variant classification (MYH7)"" document (assertion method column). The following criteria were met:",not specified,CN169374:not specified,reviewed by expert panel,curation,germline:na,MYH7,SCV000564454.2,MYH7,-
43048,Benign,15-Dec-16,"This variant was classified using modified ACMG criteria (ClinGen Expert Panel, Kelly et al. manuscript in preparation). Please see a summary of the rules and criteria codes in the ""ACMG variant classification (MYH7)"" document (assertion method column). The following criteria were met: BA1",not specified,CN169374:not specified,reviewed by expert panel,curation,germline:na,MYH7,SCV000564474.2,MYH7,-
43056,Benign,15-Dec-16,"This variant was classified using modified ACMG criteria (ClinGen Expert Panel, Kelly et al. manuscript in preparation). Please see a summary of the rules and criteria codes in the ""ACMG variant classification (MYH7)"" document (assertion method column). The following criteria were met: BA1",not specified,CN169374:not specified,reviewed by expert panel,curation,germline:na,MYH7,SCV000564473.2,MYH7,-
43059,Uncertain significance,15-Dec-16,"This variant was classified using modified ACMG criteria (ClinGen Expert Panel, Kelly et al. manuscript in preparation). Please see a summary of the rules and criteria codes in the ""ACMG variant classification (MYH7)"" document (assertion method column). The following criteria were met:PM2;PP3;PS4_ Supporting",not specified,CN169374:not specified,reviewed by expert panel,curation,germline:na,MYH7,SCV000564456.2,MYH7,-
43069,Likely pathogenic,15-Dec-16,"This variant was classified using modified ACMG criteria (ClinGen Expert Panel, Kelly et al. manuscript in preparation). Please see a summary of the rules and criteria codes in the ""ACMG variant classification (MYH7)"" document (assertion method column). The following criteria were met:PM2;PM6;PP3;PS4_ Supporting",MedGen:C0007193,C0007193:Primary dilated cardiomyopathy,reviewed by expert panel,curation,germline:na,MYH7,SCV000564459.2,MYH7,-
43076,Uncertain significance,15-Dec-16,"This variant was classified using modified ACMG criteria (ClinGen Expert Panel, Kelly et al. manuscript in preparation). Please see a summary of the rules and criteria codes in the ""ACMG variant classification (MYH7)"" document (assertion method column). The following criteria were met:PM2;PP3;PS4_ Supporting",not specified,CN169374:not specified,reviewed by expert panel,curation,germline:na,MYH7,SCV000564460.2,MYH7,-
43082,Uncertain significance,15-Dec-16,"This variant was classified using modified ACMG criteria (ClinGen Expert Panel, Kelly et al. manuscript in preparation). Please see a summary of the rules and criteria codes in the ""ACMG variant classification (MYH7)"" document (assertion method column). The following criteria were met:",not specified,CN169374:not specified,reviewed by expert panel,curation,germline:na,MYH7,SCV000564461.2,MYH7,-
43085,Likely pathogenic,15-Dec-16,"This variant was classified using modified ACMG criteria (ClinGen Expert Panel, Kelly et al. manuscript in preparation). Please see a summary of the rules and criteria codes in the ""ACMG variant classification (MYH7)"" document (assertion method column). The following criteria were met:PM2;PM6;PP3",MedGen:C0007193,C0007193:Primary dilated cardiomyopathy,reviewed by expert panel,curation,germline:na,MYH7,SCV000564462.2,MYH7,-
43086,Benign,15-Dec-16,"This variant was classified using modified ACMG criteria (ClinGen Expert Panel, Kelly et al. manuscript in preparation). Please see a summary of the rules and criteria codes in the ""ACMG variant classification (MYH7)"" document (assertion method column). The following criteria were met: BA1",not specified,CN169374:not specified,reviewed by expert panel,curation,germline:na,MYH7,SCV000564472.2,MYH7,-
43088,Likely pathogenic,15-Dec-16,"This variant was classified using modified ACMG criteria (ClinGen Expert Panel, Kelly et al. manuscript in preparation). Please see a summary of the rules and criteria codes in the ""ACMG variant classification (MYH7)"" document (assertion method column). The following criteria were met:PM2;PM6;PP3;PS4_ Supporting",MedGen:C0007193,C0007193:Primary dilated cardiomyopathy,reviewed by expert panel,curation,germline:na,MYH7,SCV000564463.2,MYH7,-
43092,Benign,15-Dec-16,"This variant was classified using modified ACMG criteria (ClinGen Expert Panel, Kelly et al. manuscript in preparation). Please see a summary of the rules and criteria codes in the ""ACMG variant classification (MYH7)"" document (assertion method column). The following criteria were met: BA1",not specified,CN169374:not specified,reviewed by expert panel,curation,germline:na,MYH7,SCV000564502.2,MYH7,-
43103,Benign,15-Dec-16,"This variant was classified using modified ACMG criteria (ClinGen Expert Panel, Kelly et al. manuscript in preparation). Please see a summary of the rules and criteria codes in the ""ACMG variant classification (MYH7)"" document (assertion method column). The following criteria were met: BA1",not specified,CN169374:not specified,reviewed by expert panel,curation,germline:na,MYH7,SCV000564471.2,MYH7,-
43106,Pathogenic,15-Dec-16,"This variant was classified using modified ACMG criteria (ClinGen Expert Panel, Kelly et al. manuscript in preparation). Please see a summary of the rules and criteria codes in the ""ACMG variant classification (MYH7)"" document (assertion method column). The following criteria were met:PS4;PP1_ Strong;PM1;PM2;PP3",MedGen:C0949658,C0949658:Primary familial hypertrophic cardiomyopathy,reviewed by expert panel,curation,germline:na,MYH7,SCV000564409.2,MYH7,-
43116,Benign,15-Dec-16,"This variant was classified using modified ACMG criteria (ClinGen Expert Panel, Kelly et al. manuscript in preparation). Please see a summary of the rules and criteria codes in the ""ACMG variant classification (MYH7)"" document (assertion method column). The following criteria were met: BA1",not specified,CN169374:not specified,reviewed by expert panel,curation,germline:na,MYH7,SCV000564500.2,MYH7,-
138391,Benign,15-Dec-16,"This variant was classified using modified ACMG criteria (ClinGen Expert Panel, Kelly et al. manuscript in preparation). Please see a summary of the rules and criteria codes in the ""ACMG variant classification (MYH7)"" document (assertion method column). The following criteria were met: BA1",not specified,CN169374:not specified,reviewed by expert panel,curation,germline:na,MYH7,SCV000564497.2,MYH7,-
155814,Likely pathogenic,15-Dec-16,"This variant was classified using modified ACMG criteria (ClinGen Expert Panel, Kelly et al. manuscript in preparation). Please see a summary of the rules and criteria codes in the ""ACMG variant classification (MYH7)"" document (assertion method column). The following criteria were met:PS4;PM2;PP1_Moderate;PP3",not specified,CN169374:not specified,reviewed by expert panel,curation,germline:na,MYH7,SCV000564442.2,MYH7,-
161326,Likely pathogenic,15-Dec-16,"This variant was classified using modified ACMG criteria (ClinGen Expert Panel, Kelly et al. manuscript in preparation). Please see a summary of the rules and criteria codes in the ""ACMG variant classification (MYH7)"" document (assertion method column). The following criteria were met:PM1;PM2;PM5;PP3;PS4_ Supporting",MedGen:C0949658,C0949658:Primary familial hypertrophic cardiomyopathy,reviewed by expert panel,curation,germline:na,MYH7,SCV000564433.2,MYH7,-
164294,Likely pathogenic,15-Dec-16,"This variant was classified using modified ACMG criteria (ClinGen Expert Panel, Kelly et al. manuscript in preparation). Please see a summary of the rules and criteria codes in the ""ACMG variant classification (MYH7)"" document (assertion method column). The following criteria were met:PS4;PM2;PP1_Moderate;PP3",MedGen:C0949658,C0949658:Primary familial hypertrophic cardiomyopathy,reviewed by expert panel,curation,germline:na,MYH7,SCV000564448.2,MYH7,-
164334,Benign,15-Dec-16,"This variant was classified using modified ACMG criteria (ClinGen Expert Panel, Kelly et al. manuscript in preparation). Please see a summary of the rules and criteria codes in the ""ACMG variant classification (MYH7)"" document (assertion method column). The following criteria were met: BA1",not specified,CN169374:not specified,reviewed by expert panel,curation,germline:na,MYH7,SCV000564492.2,MYH7,-
164342,Pathogenic,15-Dec-16,"This variant was classified using modified ACMG criteria (ClinGen Expert Panel, Kelly et al. manuscript in preparation). Please see a summary of the rules and criteria codes in the ""ACMG variant classification (MYH7)"" document (assertion method column). The following criteria were met:PS4;PM1;PM2;PP1_Moderate",MedGen:C0949658,C0949658:Primary familial hypertrophic cardiomyopathy,reviewed by expert panel,curation,germline:na,MYH7,SCV000564426.2,MYH7,-
164378,Likely pathogenic,15-Dec-16,"This variant was classified using modified ACMG criteria (ClinGen Expert Panel, Kelly et al. manuscript in preparation). Please see a summary of the rules and criteria codes in the ""ACMG variant classification (MYH7)"" document (assertion method column). The following criteria were met:PM1;PM2;PM6;PP3",MedGen:C0949658,C0949658:Primary familial hypertrophic cardiomyopathy,reviewed by expert panel,curation,germline:na,MYH7,SCV000564411.2,MYH7,-
177629,Uncertain significance,15-Dec-16,"This variant was classified using modified ACMG criteria (ClinGen Expert Panel, Kelly et al. manuscript in preparation). Please see a summary of the rules and criteria codes in the ""ACMG variant classification (MYH7)"" document (assertion method column). The following criteria were met:PP3",not specified,CN169374:not specified,reviewed by expert panel,curation,germline:na,MYH7,SCV000564457.2,MYH7,-
177665,Pathogenic,15-Dec-16,"This variant was classified using modified ACMG criteria (ClinGen Expert Panel, Kelly et al. manuscript in preparation). Please see a summary of the rules and criteria codes in the ""ACMG variant classification (MYH7)"" document (assertion method column). The following criteria were met:PS4;PM1;PM2;PM5;PP1_Moderate;PP3",MedGen:C0949658,C0949658:Primary familial hypertrophic cardiomyopathy,reviewed by expert panel,curation,germline:na,MYH7,SCV000564428.2,MYH7,-
177697,Uncertain significance,15-Dec-16,"This variant was classified using modified ACMG criteria (ClinGen Expert Panel, Kelly et al. manuscript in preparation). Please see a summary of the rules and criteria codes in the ""ACMG variant classification (MYH7)"" document (assertion method column). The following criteria were met:PM2;PP3;PS4_ Supporting",not specified,CN169374:not specified,reviewed by expert panel,curation,germline:na,MYH7,SCV000564458.2,MYH7,-
177753,Likely pathogenic,15-Dec-16,"This variant was classified using modified ACMG criteria (ClinGen Expert Panel, Kelly et al. manuscript in preparation). Please see a summary of the rules and criteria codes in the ""ACMG variant classification (MYH7)"" document (assertion method column). The following criteria were met:PS4;PM2;PP3",MedGen:C0949658,C0949658:Primary familial hypertrophic cardiomyopathy,reviewed by expert panel,curation,germline:na,MYH7,SCV000564441.2,MYH7,-
177757,Likely pathogenic,15-Dec-16,"This variant was classified using modified ACMG criteria (ClinGen Expert Panel, Kelly et al. manuscript in preparation). Please see a summary of the rules and criteria codes in the ""ACMG variant classification (MYH7)"" document (assertion method column). The following criteria were met:PS4;PM1;PM2;PP3",MedGen:C0949658,C0949658:Primary familial hypertrophic cardiomyopathy,reviewed by expert panel,curation,germline:na,MYH7,SCV000564432.2,MYH7,-
177763,Likely pathogenic,15-Dec-16,"This variant was classified using modified ACMG criteria (ClinGen Expert Panel, Kelly et al. manuscript in preparation). Please see a summary of the rules and criteria codes in the ""ACMG variant classification (MYH7)"" document (assertion method column). The following criteria were met:PM1;PM2;PP1_Moderate;PS4_ Supporting;BS4",MedGen:C0007193,C0007193:Primary dilated cardiomyopathy,reviewed by expert panel,curation,germline:na,MYH7,SCV000564435.2,MYH7,-
177817,Uncertain significance,15-Dec-16,"This variant was classified using modified ACMG criteria (ClinGen Expert Panel, Kelly et al. manuscript in preparation). Please see a summary of the rules and criteria codes in the ""ACMG variant classification (MYH7)"" document (assertion method column). The following criteria were met:PM2;PVS1_Moderate",not specified,CN169374:not specified,reviewed by expert panel,curation,germline:na,MYH7,SCV000564416.2,MYH7,-
177865,Benign,15-Dec-16,"This variant was classified using modified ACMG criteria (ClinGen Expert Panel, Kelly et al. manuscript in preparation). Please see a summary of the rules and criteria codes in the ""ACMG variant classification (MYH7)"" document (assertion method column). The following criteria were met: BA1",not specified,CN169374:not specified,reviewed by expert panel,curation,germline:na,MYH7,SCV000564501.2,MYH7,-
188628,Benign,15-Dec-16,"This variant was classified using modified ACMG criteria (ClinGen Expert Panel, Kelly et al. manuscript in preparation). Please see a summary of the rules and criteria codes in the ""ACMG variant classification (MYH7)"" document (assertion method column). The following criteria were met: BA1",not specified,CN169374:not specified,reviewed by expert panel,curation,germline:na,MYH7,SCV000564465.2,MYH7,-
