[
 {
   "VariationID": 14087,
   "ClinicalSignificance": "Pathogenic",
   "DateLastEvaluated": "15-Dec-16",
   "Description": "This variant was classified using modified ACMG criteria (ClinGen Expert Panel, Kelly et al. manuscript in preparation). Please see a summary of the rules and criteria codes in the \"ACMG variant classification (MYH7)\" document (assertion method column). The following criteria were met:PS3;PS4;PP1_ Strong;PM1;PM2;PM5;PP3",
   "SubmittedPhenotypeInfo": "MedGen:C0949658",
   "ReportedPhenotypeInfo": "C0949658:Primary familial hypertrophic cardiomyopathy",
   "ReviewStatus": "reviewed by expert panel",
   "CollectionMethod": "curation",
   "OriginCounts": "germline:na",
   "Submitter": "MYH7",
   "SCV": "SCV000564413.2",
   "SubmittedGeneSymbol": "MYH7",
   "ExplanationOfInterpretation": "-"
 },
 {
   "VariationID": 14089,
   "ClinicalSignificance": "Pathogenic",
   "DateLastEvaluated": "15-Dec-16",
   "Description": "This variant was classified using modified ACMG criteria (ClinGen Expert Panel, Kelly et al. manuscript in preparation). Please see a summary of the rules and criteria codes in the \"ACMG variant classification (MYH7)\" document (assertion method column). The following criteria were met:PS2;PS3;PS4;PP1_ Strong;PM1;PM2;PP3",
   "SubmittedPhenotypeInfo": "MedGen:C0340429;MedGen:C0949658",
   "ReportedPhenotypeInfo": "C0340429:Familial restrictive cardiomyopathy;C0949658:Primary familial hypertrophic cardiomyopathy",
   "ReviewStatus": "reviewed by expert panel",
   "CollectionMethod": "curation",
   "OriginCounts": "germline:na",
   "Submitter": "MYH7",
   "SCV": "SCV000564414.2",
   "SubmittedGeneSymbol": "MYH7",
   "ExplanationOfInterpretation": "-"
 },
 {
   "VariationID": 14090,
   "ClinicalSignificance": "Pathogenic",
   "DateLastEvaluated": "15-Dec-16",
   "Description": "This variant was classified using modified ACMG criteria (ClinGen Expert Panel, Kelly et al. manuscript in preparation). Please see a summary of the rules and criteria codes in the \"ACMG variant classification (MYH7)\" document (assertion method column). The following criteria were met:PS4;PM1;PM2;PP1_Moderate;PP3",
   "SubmittedPhenotypeInfo": "MedGen:C0949658",
   "ReportedPhenotypeInfo": "C0949658:Primary familial hypertrophic cardiomyopathy",
   "ReviewStatus": "reviewed by expert panel",
   "CollectionMethod": "curation",
   "OriginCounts": "germline:na",
   "Submitter": "MYH7",
   "SCV": "SCV000564418.2",
   "SubmittedGeneSymbol": "MYH7",
   "ExplanationOfInterpretation": "-"
 },
 {
   "VariationID": 14095,
   "ClinicalSignificance": "Pathogenic",
   "DateLastEvaluated": "15-Dec-16",
   "Description": "This variant was classified using modified ACMG criteria (ClinGen Expert Panel, Kelly et al. manuscript in preparation). Please see a summary of the rules and criteria codes in the \"ACMG variant classification (MYH7)\" document (assertion method column). The following criteria were met:PS4;PP1_ Strong;PM1;PM2;PM5;PM6;PP3;BP2",
   "SubmittedPhenotypeInfo": "MedGen:C0949658",
   "ReportedPhenotypeInfo": "C0949658:Primary familial hypertrophic cardiomyopathy",
   "ReviewStatus": "reviewed by expert panel",
   "CollectionMethod": "curation",
   "OriginCounts": "germline:na",
   "Submitter": "MYH7",
   "SCV": "SCV000564425.2",
   "SubmittedGeneSymbol": "MYH7",
   "ExplanationOfInterpretation": "-"
 },
 {
   "VariationID": 14097,
   "ClinicalSignificance": "Pathogenic",
   "DateLastEvaluated": "15-Dec-16",
   "Description": "This variant was classified using modified ACMG criteria (ClinGen Expert Panel, Kelly et al. manuscript in preparation). Please see a summary of the rules and criteria codes in the \"ACMG variant classification (MYH7)\" document (assertion method column). The following criteria were met:PS4;PP1_ Strong;PM1;PM2;PP3",
   "SubmittedPhenotypeInfo": "MedGen:C0949658",
   "ReportedPhenotypeInfo": "C0949658:Primary familial hypertrophic cardiomyopathy",
   "ReviewStatus": "reviewed by expert panel",
   "CollectionMethod": "curation",
   "OriginCounts": "germline:na",
   "Submitter": "MYH7",
   "SCV": "SCV000564438.2",
   "SubmittedGeneSymbol": "MYH7",
   "ExplanationOfInterpretation": "-"
 },
 {
   "VariationID": 14098,
   "ClinicalSignificance": "Pathogenic",
   "DateLastEvaluated": "15-Dec-16",
   "Description": "This variant was classified using modified ACMG criteria (ClinGen Expert Panel, Kelly et al. manuscript in preparation). Please see a summary of the rules and criteria codes in the \"ACMG variant classification (MYH7)\" document (assertion method column). The following criteria were met:PS4;PM1;PM2;PM5;PM6;PP1;PP3",
   "SubmittedPhenotypeInfo": "MedGen:C0949658",
   "ReportedPhenotypeInfo": "C0949658:Primary familial hypertrophic cardiomyopathy",
   "ReviewStatus": "reviewed by expert panel",
   "CollectionMethod": "curation",
   "OriginCounts": "germline:na",
   "Submitter": "MYH7",
   "SCV": "SCV000564427.2",
   "SubmittedGeneSymbol": "MYH7",
   "ExplanationOfInterpretation": "-"
 },
 {
   "VariationID": 14102,
   "ClinicalSignificance": "Pathogenic",
   "DateLastEvaluated": "15-Dec-16",
   "Description": "This variant was classified using modified ACMG criteria (ClinGen Expert Panel, Kelly et al. manuscript in preparation). Please see a summary of the rules and criteria codes in the \"ACMG variant classification (MYH7)\" document (assertion method column). The following criteria were met:PS4;PP1_ Strong;PM1;PM2;PM5;PP3",
   "SubmittedPhenotypeInfo": "MedGen:C0949658",
   "ReportedPhenotypeInfo": "C0949658:Primary familial hypertrophic cardiomyopathy",
   "ReviewStatus": "reviewed by expert panel",
   "CollectionMethod": "curation",
   "OriginCounts": "germline:na",
   "Submitter": "MYH7",
   "SCV": "SCV000564412.2",
   "SubmittedGeneSymbol": "MYH7",
   "ExplanationOfInterpretation": "-"
 },
 {
   "VariationID": 14104,
   "ClinicalSignificance": "Pathogenic",
   "DateLastEvaluated": "15-Dec-16",
   "Description": "This variant was classified using modified ACMG criteria (ClinGen Expert Panel, Kelly et al. manuscript in preparation). Please see a summary of the rules and criteria codes in the \"ACMG variant classification (MYH7)\" document (assertion method column). The following criteria were met:PS2;PS3;PS4;PP1_ Strong;PM1;PM2;PM5;PP3",
   "SubmittedPhenotypeInfo": "MedGen:C0949658",
   "ReportedPhenotypeInfo": "C0949658:Primary familial hypertrophic cardiomyopathy",
   "ReviewStatus": "reviewed by expert panel",
   "CollectionMethod": "curation",
   "OriginCounts": "germline:na",
   "Submitter": "MYH7",
   "SCV": "SCV000564421.2",
   "SubmittedGeneSymbol": "MYH7",
   "ExplanationOfInterpretation": "-"
 },
 {
   "VariationID": 14105,
   "ClinicalSignificance": "Pathogenic",
   "DateLastEvaluated": "15-Dec-16",
   "Description": "This variant was classified using modified ACMG criteria (ClinGen Expert Panel, Kelly et al. manuscript in preparation). Please see a summary of the rules and criteria codes in the \"ACMG variant classification (MYH7)\" document (assertion method column). The following criteria were met:PS4;PP1_ Strong;PM1;PM2;PM6;PP3",
   "SubmittedPhenotypeInfo": "MedGen:C0949658",
   "ReportedPhenotypeInfo": "C0949658:Primary familial hypertrophic cardiomyopathy",
   "ReviewStatus": "reviewed by expert panel",
   "CollectionMethod": "curation",
   "OriginCounts": "germline:na",
   "Submitter": "MYH7",
   "SCV": "SCV000564420.2",
   "SubmittedGeneSymbol": "MYH7",
   "ExplanationOfInterpretation": "-"
 },
 {
   "VariationID": 14107,
   "ClinicalSignificance": "Pathogenic",
   "DateLastEvaluated": "15-Dec-16",
   "Description": "This variant was classified using modified ACMG criteria (ClinGen Expert Panel, Kelly et al. manuscript in preparation). Please see a summary of the rules and criteria codes in the \"ACMG variant classification (MYH7)\" document (assertion method column). The following criteria were met:PS4;PP1_ Strong;PM1;PM2;PM5;PP3",
   "SubmittedPhenotypeInfo": "MedGen:C0949658",
   "ReportedPhenotypeInfo": "C0949658:Primary familial hypertrophic cardiomyopathy",
   "ReviewStatus": "reviewed by expert panel",
   "CollectionMethod": "curation",
   "OriginCounts": "germline:na",
   "Submitter": "MYH7",
   "SCV": "SCV000564422.2",
   "SubmittedGeneSymbol": "MYH7",
   "ExplanationOfInterpretation": "-"
 },
 {
   "VariationID": 14108,
   "ClinicalSignificance": "Pathogenic",
   "DateLastEvaluated": "15-Dec-16",
   "Description": "This variant was classified using modified ACMG criteria (ClinGen Expert Panel, Kelly et al. manuscript in preparation). Please see a summary of the rules and criteria codes in the \"ACMG variant classification (MYH7)\" document (assertion method column). The following criteria were met:PS3;PP1_ Strong;PM1;PM2;PP3;PS4_ Supporting",
   "SubmittedPhenotypeInfo": "MedGen:C0007193",
   "ReportedPhenotypeInfo": "C0007193:Primary dilated cardiomyopathy",
   "ReviewStatus": "reviewed by expert panel",
   "CollectionMethod": "curation",
   "OriginCounts": "germline:na",
   "Submitter": "MYH7",
   "SCV": "SCV000564417.2",
   "SubmittedGeneSymbol": "MYH7",
   "ExplanationOfInterpretation": "-"
 },
 {
   "VariationID": 14120,
   "ClinicalSignificance": "Pathogenic",
   "DateLastEvaluated": "15-Dec-16",
   "Description": "This variant was classified using modified ACMG criteria (ClinGen Expert Panel, Kelly et al. manuscript in preparation). Please see a summary of the rules and criteria codes in the \"ACMG variant classification (MYH7)\" document (assertion method column). The following criteria were met:PS4;PP1_ Strong;PM1;PM2",
   "SubmittedPhenotypeInfo": "MedGen:C0949658",
   "ReportedPhenotypeInfo": "C0949658:Primary familial hypertrophic cardiomyopathy",
   "ReviewStatus": "reviewed by expert panel",
   "CollectionMethod": "curation",
   "OriginCounts": "germline:na",
   "Submitter": "MYH7",
   "SCV": "SCV000564434.2",
   "SubmittedGeneSymbol": "MYH7",
   "ExplanationOfInterpretation": "-"
 },
 {
   "VariationID": 14125,
   "ClinicalSignificance": "Pathogenic",
   "DateLastEvaluated": "15-Dec-16",
   "Description": "This variant was classified using modified ACMG criteria (ClinGen Expert Panel, Kelly et al. manuscript in preparation). Please see a summary of the rules and criteria codes in the \"ACMG variant classification (MYH7)\" document (assertion method column). The following criteria were met:PS4;PP1_ Strong;PM1;PM2",
   "SubmittedPhenotypeInfo": "MedGen:C0949658",
   "ReportedPhenotypeInfo": "C0949658:Primary familial hypertrophic cardiomyopathy",
   "ReviewStatus": "reviewed by expert panel",
   "CollectionMethod": "curation",
   "OriginCounts": "germline:na",
   "Submitter": "MYH7",
   "SCV": "SCV000564437.2",
   "SubmittedGeneSymbol": "MYH7",
   "ExplanationOfInterpretation": "-"
 },
 {
   "VariationID": 36641,
   "ClinicalSignificance": "Uncertain significance",
   "DateLastEvaluated": "15-Dec-16",
   "Description": "This variant was classified using modified ACMG criteria (ClinGen Expert Panel, Kelly et al. manuscript in preparation). Please see a summary of the rules and criteria codes in the \"ACMG variant classification (MYH7)\" document (assertion method column). The following criteria were met:PP3;BS4",
   "SubmittedPhenotypeInfo": "not specified",
   "ReportedPhenotypeInfo": "CN169374:not specified",
   "ReviewStatus": "reviewed by expert panel",
   "CollectionMethod": "curation",
   "OriginCounts": "germline:na",
   "Submitter": "MYH7",
   "SCV": "SCV000564447.2",
   "SubmittedGeneSymbol": "MYH7",
   "ExplanationOfInterpretation": "-"
 },
 {
   "VariationID": 36642,
   "ClinicalSignificance": "Likely pathogenic",
   "DateLastEvaluated": "15-Dec-16",
   "Description": "This variant was classified using modified ACMG criteria (ClinGen Expert Panel, Kelly et al. manuscript in preparation). Please see a summary of the rules and criteria codes in the \"ACMG variant classification (MYH7)\" document (assertion method column). The following criteria were met:PS4;PM2;PP1;PP3",
   "SubmittedPhenotypeInfo": "MedGen:C0949658",
   "ReportedPhenotypeInfo": "C0949658:Primary familial hypertrophic cardiomyopathy",
   "ReviewStatus": "reviewed by expert panel",
   "CollectionMethod": "curation",
   "OriginCounts": "germline:na",
   "Submitter": "MYH7",
   "SCV": "SCV000564455.2",
   "SubmittedGeneSymbol": "MYH7",
   "ExplanationOfInterpretation": "-"
 },
 {
   "VariationID": 37375,
   "ClinicalSignificance": "Benign",
   "DateLastEvaluated": "15-Dec-16",
   "Description": "This variant was classified using modified ACMG criteria (ClinGen Expert Panel, Kelly et al. manuscript in preparation). Please see a summary of the rules and criteria codes in the \"ACMG variant classification (MYH7)\" document (assertion method column). The following criteria were met: BA1",
   "SubmittedPhenotypeInfo": "not specified",
   "ReportedPhenotypeInfo": "CN169374:not specified",
   "ReviewStatus": "reviewed by expert panel",
   "CollectionMethod": "curation",
   "OriginCounts": "germline:na",
   "Submitter": "MYH7",
   "SCV": "SCV000564467.2",
   "SubmittedGeneSymbol": "MYH7",
   "ExplanationOfInterpretation": "-"
 },
 {
   "VariationID": 42817,
   "ClinicalSignificance": "Benign",
   "DateLastEvaluated": "15-Dec-16",
   "Description": "This variant was classified using modified ACMG criteria (ClinGen Expert Panel, Kelly et al. manuscript in preparation). Please see a summary of the rules and criteria codes in the \"ACMG variant classification (MYH7)\" document (assertion method column). The following criteria were met: BA1",
   "SubmittedPhenotypeInfo": "not specified",
   "ReportedPhenotypeInfo": "CN169374:not specified",
   "ReviewStatus": "reviewed by expert panel",
   "CollectionMethod": "curation",
   "OriginCounts": "germline:na",
   "Submitter": "MYH7",
   "SCV": "SCV000564470.2",
   "SubmittedGeneSymbol": "MYH7",
   "ExplanationOfInterpretation": "-"
 },
 {
   "VariationID": 42819,
   "ClinicalSignificance": "Benign",
   "DateLastEvaluated": "15-Dec-16",
   "Description": "This variant was classified using modified ACMG criteria (ClinGen Expert Panel, Kelly et al. manuscript in preparation). Please see a summary of the rules and criteria codes in the \"ACMG variant classification (MYH7)\" document (assertion method column). The following criteria were met: BA1",
   "SubmittedPhenotypeInfo": "not specified",
   "ReportedPhenotypeInfo": "CN169374:not specified",
   "ReviewStatus": "reviewed by expert panel",
   "CollectionMethod": "curation",
   "OriginCounts": "germline:na",
   "Submitter": "MYH7",
   "SCV": "SCV000564499.2",
   "SubmittedGeneSymbol": "MYH7",
   "ExplanationOfInterpretation": "-"
 },
 {
   "VariationID": 42821,
   "ClinicalSignificance": "Benign",
   "DateLastEvaluated": "15-Dec-16",
   "Description": "This variant was classified using modified ACMG criteria (ClinGen Expert Panel, Kelly et al. manuscript in preparation). Please see a summary of the rules and criteria codes in the \"ACMG variant classification (MYH7)\" document (assertion method column). The following criteria were met: BA1",
   "SubmittedPhenotypeInfo": "not specified",
   "ReportedPhenotypeInfo": "CN169374:not specified",
   "ReviewStatus": "reviewed by expert panel",
   "CollectionMethod": "curation",
   "OriginCounts": "germline:na",
   "Submitter": "MYH7",
   "SCV": "SCV000564498.2",
   "SubmittedGeneSymbol": "MYH7",
   "ExplanationOfInterpretation": "-"
 },
 {
   "VariationID": 42822,
   "ClinicalSignificance": "Likely pathogenic",
   "DateLastEvaluated": "15-Dec-16",
   "Description": "This variant was classified using modified ACMG criteria (ClinGen Expert Panel, Kelly et al. manuscript in preparation). Please see a summary of the rules and criteria codes in the \"ACMG variant classification (MYH7)\" document (assertion method column). The following criteria were met:PM1;PM2;PM6;PS4_Moderate",
   "SubmittedPhenotypeInfo": "MedGen:C0007193",
   "ReportedPhenotypeInfo": "C0007193:Primary dilated cardiomyopathy",
   "ReviewStatus": "reviewed by expert panel",
   "CollectionMethod": "curation",
   "OriginCounts": "germline:na",
   "Submitter": "MYH7",
   "SCV": "SCV000564410.2",
   "SubmittedGeneSymbol": "MYH7",
   "ExplanationOfInterpretation": "-"
 },
 {
   "VariationID": 42823,
   "ClinicalSignificance": "Benign",
   "DateLastEvaluated": "15-Dec-16",
   "Description": "This variant was classified using modified ACMG criteria (ClinGen Expert Panel, Kelly et al. manuscript in preparation). Please see a summary of the rules and criteria codes in the \"ACMG variant classification (MYH7)\" document (assertion method column). The following criteria were met: BA1",
   "SubmittedPhenotypeInfo": "not specified",
   "ReportedPhenotypeInfo": "CN169374:not specified",
   "ReviewStatus": "reviewed by expert panel",
   "CollectionMethod": "curation",
   "OriginCounts": "germline:na",
   "Submitter": "MYH7",
   "SCV": "SCV000564496.2",
   "SubmittedGeneSymbol": "MYH7",
   "ExplanationOfInterpretation": "-"
 },
 {
   "VariationID": 42838,
   "ClinicalSignificance": "Pathogenic",
   "DateLastEvaluated": "15-Dec-16",
   "Description": "This variant was classified using modified ACMG criteria (ClinGen Expert Panel, Kelly et al. manuscript in preparation). Please see a summary of the rules and criteria codes in the \"ACMG variant classification (MYH7)\" document (assertion method column). The following criteria were met:PS4;PM1;PM2;PM5;PM6;PP3",
   "SubmittedPhenotypeInfo": "MedGen:C0949658",
   "ReportedPhenotypeInfo": "C0949658:Primary familial hypertrophic cardiomyopathy",
   "ReviewStatus": "reviewed by expert panel",
   "CollectionMethod": "curation",
   "OriginCounts": "germline:na",
   "Submitter": "MYH7",
   "SCV": "SCV000564415.2",
   "SubmittedGeneSymbol": "MYH7",
   "ExplanationOfInterpretation": "-"
 },
 {
   "VariationID": 42843,
   "ClinicalSignificance": "Benign",
   "DateLastEvaluated": "15-Dec-16",
   "Description": "This variant was classified using modified ACMG criteria (ClinGen Expert Panel, Kelly et al. manuscript in preparation). Please see a summary of the rules and criteria codes in the \"ACMG variant classification (MYH7)\" document (assertion method column). The following criteria were met: BA1",
   "SubmittedPhenotypeInfo": "not specified",
   "ReportedPhenotypeInfo": "CN169374:not specified",
   "ReviewStatus": "reviewed by expert panel",
   "CollectionMethod": "curation",
   "OriginCounts": "germline:na",
   "Submitter": "MYH7",
   "SCV": "SCV000564495.2",
   "SubmittedGeneSymbol": "MYH7",
   "ExplanationOfInterpretation": "-"
 },
 {
   "VariationID": 42853,
   "ClinicalSignificance": "Benign",
   "DateLastEvaluated": "15-Dec-16",
   "Description": "This variant was classified using modified ACMG criteria (ClinGen Expert Panel, Kelly et al. manuscript in preparation). Please see a summary of the rules and criteria codes in the \"ACMG variant classification (MYH7)\" document (assertion method column). The following criteria were met: BA1",
   "SubmittedPhenotypeInfo": "not specified",
   "ReportedPhenotypeInfo": "CN169374:not specified",
   "ReviewStatus": "reviewed by expert panel",
   "CollectionMethod": "curation",
   "OriginCounts": "germline:na",
   "Submitter": "MYH7",
   "SCV": "SCV000564494.2",
   "SubmittedGeneSymbol": "MYH7",
   "ExplanationOfInterpretation": "-"
 },
 {
   "VariationID": 42864,
   "ClinicalSignificance": "Benign",
   "DateLastEvaluated": "15-Dec-16",
   "Description": "This variant was classified using modified ACMG criteria (ClinGen Expert Panel, Kelly et al. manuscript in preparation). Please see a summary of the rules and criteria codes in the \"ACMG variant classification (MYH7)\" document (assertion method column). The following criteria were met: BA1",
   "SubmittedPhenotypeInfo": "not specified",
   "ReportedPhenotypeInfo": "CN169374:not specified",
   "ReviewStatus": "reviewed by expert panel",
   "CollectionMethod": "curation",
   "OriginCounts": "germline:na",
   "Submitter": "MYH7",
   "SCV": "SCV000564493.2",
   "SubmittedGeneSymbol": "MYH7",
   "ExplanationOfInterpretation": "-"
 },
 {
   "VariationID": 42869,
   "ClinicalSignificance": "Benign",
   "DateLastEvaluated": "15-Dec-16",
   "Description": "This variant was classified using modified ACMG criteria (ClinGen Expert Panel, Kelly et al. manuscript in preparation). Please see a summary of the rules and criteria codes in the \"ACMG variant classification (MYH7)\" document (assertion method column). The following criteria were met: BA1",
   "SubmittedPhenotypeInfo": "not specified",
   "ReportedPhenotypeInfo": "CN169374:not specified",
   "ReviewStatus": "reviewed by expert panel",
   "CollectionMethod": "curation",
   "OriginCounts": "germline:na",
   "Submitter": "MYH7",
   "SCV": "SCV000564507.2",
   "SubmittedGeneSymbol": "MYH7",
   "ExplanationOfInterpretation": "-"
 },
 {
   "VariationID": 42875,
   "ClinicalSignificance": "Pathogenic",
   "DateLastEvaluated": "15-Dec-16",
   "Description": "This variant was classified using modified ACMG criteria (ClinGen Expert Panel, Kelly et al. manuscript in preparation). Please see a summary of the rules and criteria codes in the \"ACMG variant classification (MYH7)\" document (assertion method column). The following criteria were met:PS4;PP1_ Strong;PM1;PM2",
   "SubmittedPhenotypeInfo": "MedGen:C0949658",
   "ReportedPhenotypeInfo": "C0949658:Primary familial hypertrophic cardiomyopathy",
   "ReviewStatus": "reviewed by expert panel",
   "CollectionMethod": "curation",
   "OriginCounts": "germline:na",
   "Submitter": "MYH7",
   "SCV": "SCV000564419.2",
   "SubmittedGeneSymbol": "MYH7",
   "ExplanationOfInterpretation": "-"
 },
 {
   "VariationID": 42884,
   "ClinicalSignificance": "Benign",
   "DateLastEvaluated": "15-Dec-16",
   "Description": "This variant was classified using modified ACMG criteria (ClinGen Expert Panel, Kelly et al. manuscript in preparation). Please see a summary of the rules and criteria codes in the \"ACMG variant classification (MYH7)\" document (assertion method column). The following criteria were met:BA1;BP4",
   "SubmittedPhenotypeInfo": "not specified",
   "ReportedPhenotypeInfo": "CN169374:not specified",
   "ReviewStatus": "reviewed by expert panel",
   "CollectionMethod": "curation",
   "OriginCounts": "germline:na",
   "Submitter": "MYH7",
   "SCV": "SCV000564423.2",
   "SubmittedGeneSymbol": "MYH7",
   "ExplanationOfInterpretation": "-"
 },
 {
   "VariationID": 42885,
   "ClinicalSignificance": "Pathogenic",
   "DateLastEvaluated": "15-Dec-16",
   "Description": "This variant was classified using modified ACMG criteria (ClinGen Expert Panel, Kelly et al. manuscript in preparation). Please see a summary of the rules and criteria codes in the \"ACMG variant classification (MYH7)\" document (assertion method column). The following criteria were met:PS4;PP1_ Strong;PM1;PM2;PM5;PP3",
   "SubmittedPhenotypeInfo": "MedGen:C0949658",
   "ReportedPhenotypeInfo": "C0949658:Primary familial hypertrophic cardiomyopathy",
   "ReviewStatus": "reviewed by expert panel",
   "CollectionMethod": "curation",
   "OriginCounts": "germline:na",
   "Submitter": "MYH7",
   "SCV": "SCV000564424.2",
   "SubmittedGeneSymbol": "MYH7",
   "ExplanationOfInterpretation": "-"
 },
 {
   "VariationID": 42900,
   "ClinicalSignificance": "Uncertain significance",
   "DateLastEvaluated": "15-Dec-16",
   "Description": "This variant was classified using modified ACMG criteria (ClinGen Expert Panel, Kelly et al. manuscript in preparation). Please see a summary of the rules and criteria codes in the \"ACMG variant classification (MYH7)\" document (assertion method column). The following criteria were met:PM1;BP2",
   "SubmittedPhenotypeInfo": "not specified",
   "ReportedPhenotypeInfo": "CN169374:not specified",
   "ReviewStatus": "reviewed by expert panel",
   "CollectionMethod": "curation",
   "OriginCounts": "germline:na",
   "Submitter": "MYH7",
   "SCV": "SCV000564429.2",
   "SubmittedGeneSymbol": "MYH7",
   "ExplanationOfInterpretation": "-"
 },
 {
   "VariationID": 42910,
   "ClinicalSignificance": "Pathogenic",
   "DateLastEvaluated": "15-Dec-16",
   "Description": "This variant was classified using modified ACMG criteria (ClinGen Expert Panel, Kelly et al. manuscript in preparation). Please see a summary of the rules and criteria codes in the \"ACMG variant classification (MYH7)\" document (assertion method column). The following criteria were met:PS2;PM1;PM2;PP3;PS4_ Supporting",
   "SubmittedPhenotypeInfo": "MedGen:C0340429",
   "ReportedPhenotypeInfo": "C0340429:Familial restrictive cardiomyopathy",
   "ReviewStatus": "reviewed by expert panel",
   "CollectionMethod": "curation",
   "OriginCounts": "germline:na",
   "Submitter": "MYH7",
   "SCV": "SCV000564430.2",
   "SubmittedGeneSymbol": "MYH7",
   "ExplanationOfInterpretation": "-"
 },
 {
   "VariationID": 42911,
   "ClinicalSignificance": "Benign",
   "DateLastEvaluated": "15-Dec-16",
   "Description": "This variant was classified using modified ACMG criteria (ClinGen Expert Panel, Kelly et al. manuscript in preparation). Please see a summary of the rules and criteria codes in the \"ACMG variant classification (MYH7)\" document (assertion method column). The following criteria were met: BA1",
   "SubmittedPhenotypeInfo": "not specified",
   "ReportedPhenotypeInfo": "CN169374:not specified",
   "ReviewStatus": "reviewed by expert panel",
   "CollectionMethod": "curation",
   "OriginCounts": "germline:na",
   "Submitter": "MYH7",
   "SCV": "SCV000564491.2",
   "SubmittedGeneSymbol": "MYH7",
   "ExplanationOfInterpretation": "-"
 },
 {
   "VariationID": 42913,
   "ClinicalSignificance": "Likely pathogenic",
   "DateLastEvaluated": "15-Dec-16",
   "Description": "This variant was classified using modified ACMG criteria (ClinGen Expert Panel, Kelly et al. manuscript in preparation). Please see a summary of the rules and criteria codes in the \"ACMG variant classification (MYH7)\" document (assertion method column). The following criteria were met:PS4;PM2;PM4;PP1",
   "SubmittedPhenotypeInfo": "MedGen:C0949658",
   "ReportedPhenotypeInfo": "C0949658:Primary familial hypertrophic cardiomyopathy",
   "ReviewStatus": "reviewed by expert panel",
   "CollectionMethod": "curation",
   "OriginCounts": "germline:na",
   "Submitter": "MYH7",
   "SCV": "SCV000564431.2",
   "SubmittedGeneSymbol": "MYH7",
   "ExplanationOfInterpretation": "-"
 },
 {
   "VariationID": 42915,
   "ClinicalSignificance": "Benign",
   "DateLastEvaluated": "15-Dec-16",
   "Description": "This variant was classified using modified ACMG criteria (ClinGen Expert Panel, Kelly et al. manuscript in preparation). Please see a summary of the rules and criteria codes in the \"ACMG variant classification (MYH7)\" document (assertion method column). The following criteria were met: BA1",
   "SubmittedPhenotypeInfo": "not specified",
   "ReportedPhenotypeInfo": "CN169374:not specified",
   "ReviewStatus": "reviewed by expert panel",
   "CollectionMethod": "curation",
   "OriginCounts": "germline:na",
   "Submitter": "MYH7",
   "SCV": "SCV000564490.2",
   "SubmittedGeneSymbol": "MYH7",
   "ExplanationOfInterpretation": "-"
 },
 {
   "VariationID": 42918,
   "ClinicalSignificance": "Benign",
   "DateLastEvaluated": "15-Dec-16",
   "Description": "This variant was classified using modified ACMG criteria (ClinGen Expert Panel, Kelly et al. manuscript in preparation). Please see a summary of the rules and criteria codes in the \"ACMG variant classification (MYH7)\" document (assertion method column). The following criteria were met: BA1",
   "SubmittedPhenotypeInfo": "not specified",
   "ReportedPhenotypeInfo": "CN169374:not specified",
   "ReviewStatus": "reviewed by expert panel",
   "CollectionMethod": "curation",
   "OriginCounts": "germline:na",
   "Submitter": "MYH7",
   "SCV": "SCV000564506.2",
   "SubmittedGeneSymbol": "MYH7",
   "ExplanationOfInterpretation": "-"
 },
 {
   "VariationID": 42922,
   "ClinicalSignificance": "Pathogenic",
   "DateLastEvaluated": "15-Dec-16",
   "Description": "This variant was classified using modified ACMG criteria (ClinGen Expert Panel, Kelly et al. manuscript in preparation). Please see a summary of the rules and criteria codes in the \"ACMG variant classification (MYH7)\" document (assertion method column). The following criteria were met:PS4;PM1;PM2;PP1_Moderate;PP3",
   "SubmittedPhenotypeInfo": "MedGen:C0949658",
   "ReportedPhenotypeInfo": "C0949658:Primary familial hypertrophic cardiomyopathy",
   "ReviewStatus": "reviewed by expert panel",
   "CollectionMethod": "curation",
   "OriginCounts": "germline:na",
   "Submitter": "MYH7",
   "SCV": "SCV000564436.2",
   "SubmittedGeneSymbol": "MYH7",
   "ExplanationOfInterpretation": "-"
 },
 {
   "VariationID": 42931,
   "ClinicalSignificance": "Benign",
   "DateLastEvaluated": "15-Dec-16",
   "Description": "This variant was classified using modified ACMG criteria (ClinGen Expert Panel, Kelly et al. manuscript in preparation). Please see a summary of the rules and criteria codes in the \"ACMG variant classification (MYH7)\" document (assertion method column). The following criteria were met: BA1",
   "SubmittedPhenotypeInfo": "not specified",
   "ReportedPhenotypeInfo": "CN169374:not specified",
   "ReviewStatus": "reviewed by expert panel",
   "CollectionMethod": "curation",
   "OriginCounts": "germline:na",
   "Submitter": "MYH7",
   "SCV": "SCV000564489.2",
   "SubmittedGeneSymbol": "MYH7",
   "ExplanationOfInterpretation": "-"
 },
 {
   "VariationID": 42934,
   "ClinicalSignificance": "Likely pathogenic",
   "DateLastEvaluated": "15-Dec-16",
   "Description": "This variant was classified using modified ACMG criteria (ClinGen Expert Panel, Kelly et al. manuscript in preparation). Please see a summary of the rules and criteria codes in the \"ACMG variant classification (MYH7)\" document (assertion method column). The following criteria were met:PM2;PM4;PP1_Moderate;PS4_ Supporting",
   "SubmittedPhenotypeInfo": "MedGen:C0949658",
   "ReportedPhenotypeInfo": "C0949658:Primary familial hypertrophic cardiomyopathy",
   "ReviewStatus": "reviewed by expert panel",
   "CollectionMethod": "curation",
   "OriginCounts": "germline:na",
   "Submitter": "MYH7",
   "SCV": "SCV000564439.2",
   "SubmittedGeneSymbol": "MYH7",
   "ExplanationOfInterpretation": "-"
 },
 {
   "VariationID": 42939,
   "ClinicalSignificance": "Benign",
   "DateLastEvaluated": "15-Dec-16",
   "Description": "This variant was classified using modified ACMG criteria (ClinGen Expert Panel, Kelly et al. manuscript in preparation). Please see a summary of the rules and criteria codes in the \"ACMG variant classification (MYH7)\" document (assertion method column). The following criteria were met: BA1",
   "SubmittedPhenotypeInfo": "not specified",
   "ReportedPhenotypeInfo": "CN169374:not specified",
   "ReviewStatus": "reviewed by expert panel",
   "CollectionMethod": "curation",
   "OriginCounts": "germline:na",
   "Submitter": "MYH7",
   "SCV": "SCV000564488.2",
   "SubmittedGeneSymbol": "MYH7",
   "ExplanationOfInterpretation": "-"
 },
 {
   "VariationID": 42941,
   "ClinicalSignificance": "Benign",
   "DateLastEvaluated": "15-Dec-16",
   "Description": "This variant was classified using modified ACMG criteria (ClinGen Expert Panel, Kelly et al. manuscript in preparation). Please see a summary of the rules and criteria codes in the \"ACMG variant classification (MYH7)\" document (assertion method column). The following criteria were met: BA1",
   "SubmittedPhenotypeInfo": "not specified",
   "ReportedPhenotypeInfo": "CN169374:not specified",
   "ReviewStatus": "reviewed by expert panel",
   "CollectionMethod": "curation",
   "OriginCounts": "germline:na",
   "Submitter": "MYH7",
   "SCV": "SCV000564466.2",
   "SubmittedGeneSymbol": "MYH7",
   "ExplanationOfInterpretation": "-"
 },
 {
   "VariationID": 42942,
   "ClinicalSignificance": "Benign",
   "DateLastEvaluated": "15-Dec-16",
   "Description": "This variant was classified using modified ACMG criteria (ClinGen Expert Panel, Kelly et al. manuscript in preparation). Please see a summary of the rules and criteria codes in the \"ACMG variant classification (MYH7)\" document (assertion method column). The following criteria were met: BA1",
   "SubmittedPhenotypeInfo": "not specified",
   "ReportedPhenotypeInfo": "CN169374:not specified",
   "ReviewStatus": "reviewed by expert panel",
   "CollectionMethod": "curation",
   "OriginCounts": "germline:na",
   "Submitter": "MYH7",
   "SCV": "SCV000564487.2",
   "SubmittedGeneSymbol": "MYH7",
   "ExplanationOfInterpretation": "-"
 },
 {
   "VariationID": 42944,
   "ClinicalSignificance": "Benign",
   "DateLastEvaluated": "15-Dec-16",
   "Description": "This variant was classified using modified ACMG criteria (ClinGen Expert Panel, Kelly et al. manuscript in preparation). Please see a summary of the rules and criteria codes in the \"ACMG variant classification (MYH7)\" document (assertion method column). The following criteria were met: BA1",
   "SubmittedPhenotypeInfo": "not specified",
   "ReportedPhenotypeInfo": "CN169374:not specified",
   "ReviewStatus": "reviewed by expert panel",
   "CollectionMethod": "curation",
   "OriginCounts": "germline:na",
   "Submitter": "MYH7",
   "SCV": "SCV000564505.2",
   "SubmittedGeneSymbol": "MYH7",
   "ExplanationOfInterpretation": "-"
 },
 {
   "VariationID": 42945,
   "ClinicalSignificance": "Benign",
   "DateLastEvaluated": "15-Dec-16",
   "Description": "This variant was classified using modified ACMG criteria (ClinGen Expert Panel, Kelly et al. manuscript in preparation). Please see a summary of the rules and criteria codes in the \"ACMG variant classification (MYH7)\" document (assertion method column). The following criteria were met:BA1;BP7",
   "SubmittedPhenotypeInfo": "not specified",
   "ReportedPhenotypeInfo": "CN169374:not specified",
   "ReviewStatus": "reviewed by expert panel",
   "CollectionMethod": "curation",
   "OriginCounts": "germline:na",
   "Submitter": "MYH7",
   "SCV": "SCV000564440.2",
   "SubmittedGeneSymbol": "MYH7",
   "ExplanationOfInterpretation": "-"
 },
 {
   "VariationID": 42946,
   "ClinicalSignificance": "Benign",
   "DateLastEvaluated": "15-Dec-16",
   "Description": "This variant was classified using modified ACMG criteria (ClinGen Expert Panel, Kelly et al. manuscript in preparation). Please see a summary of the rules and criteria codes in the \"ACMG variant classification (MYH7)\" document (assertion method column). The following criteria were met: BA1",
   "SubmittedPhenotypeInfo": "not specified",
   "ReportedPhenotypeInfo": "CN169374:not specified",
   "ReviewStatus": "reviewed by expert panel",
   "CollectionMethod": "curation",
   "OriginCounts": "germline:na",
   "Submitter": "MYH7",
   "SCV": "SCV000564486.2",
   "SubmittedGeneSymbol": "MYH7",
   "ExplanationOfInterpretation": "-"
 },
 {
   "VariationID": 42949,
   "ClinicalSignificance": "Benign",
   "DateLastEvaluated": "15-Dec-16",
   "Description": "This variant was classified using modified ACMG criteria (ClinGen Expert Panel, Kelly et al. manuscript in preparation). Please see a summary of the rules and criteria codes in the \"ACMG variant classification (MYH7)\" document (assertion method column). The following criteria were met: BA1",
   "SubmittedPhenotypeInfo": "not specified",
   "ReportedPhenotypeInfo": "CN169374:not specified",
   "ReviewStatus": "reviewed by expert panel",
   "CollectionMethod": "curation",
   "OriginCounts": "germline:na",
   "Submitter": "MYH7",
   "SCV": "SCV000564485.2",
   "SubmittedGeneSymbol": "MYH7",
   "ExplanationOfInterpretation": "-"
 },
 {
   "VariationID": 42950,
   "ClinicalSignificance": "Uncertain significance",
   "DateLastEvaluated": "15-Dec-16",
   "Description": "This variant was classified using modified ACMG criteria (ClinGen Expert Panel, Kelly et al. manuscript in preparation). Please see a summary of the rules and criteria codes in the \"ACMG variant classification (MYH7)\" document (assertion method column). The following criteria were met:PM2;PS4_Moderate;PP3",
   "SubmittedPhenotypeInfo": "not specified",
   "ReportedPhenotypeInfo": "CN169374:not specified",
   "ReviewStatus": "reviewed by expert panel",
   "CollectionMethod": "curation",
   "OriginCounts": "germline:na",
   "Submitter": "MYH7",
   "SCV": "SCV000564443.2",
   "SubmittedGeneSymbol": "MYH7",
   "ExplanationOfInterpretation": "-"
 },
 {
   "VariationID": 42952,
   "ClinicalSignificance": "Benign",
   "DateLastEvaluated": "15-Dec-16",
   "Description": "This variant was classified using modified ACMG criteria (ClinGen Expert Panel, Kelly et al. manuscript in preparation). Please see a summary of the rules and criteria codes in the \"ACMG variant classification (MYH7)\" document (assertion method column). The following criteria were met:BA1;BP7",
   "SubmittedPhenotypeInfo": "not specified",
   "ReportedPhenotypeInfo": "CN169374:not specified",
   "ReviewStatus": "reviewed by expert panel",
   "CollectionMethod": "curation",
   "OriginCounts": "germline:na",
   "Submitter": "MYH7",
   "SCV": "SCV000564504.2",
   "SubmittedGeneSymbol": "MYH7",
   "ExplanationOfInterpretation": "-"
 },
 {
   "VariationID": 42953,
   "ClinicalSignificance": "Uncertain significance",
   "DateLastEvaluated": "15-Dec-16",
   "Description": "This variant was classified using modified ACMG criteria (ClinGen Expert Panel, Kelly et al. manuscript in preparation). Please see a summary of the rules and criteria codes in the \"ACMG variant classification (MYH7)\" document (assertion method column). The following criteria were met:PP3",
   "SubmittedPhenotypeInfo": "not specified",
   "ReportedPhenotypeInfo": "CN169374:not specified",
   "ReviewStatus": "reviewed by expert panel",
   "CollectionMethod": "curation",
   "OriginCounts": "germline:na",
   "Submitter": "MYH7",
   "SCV": "SCV000577981.3",
   "SubmittedGeneSymbol": "MYH7",
   "ExplanationOfInterpretation": "-"
 },
 {
   "VariationID": 42956,
   "ClinicalSignificance": "Benign",
   "DateLastEvaluated": "15-Dec-16",
   "Description": "This variant was classified using modified ACMG criteria (ClinGen Expert Panel, Kelly et al. manuscript in preparation). Please see a summary of the rules and criteria codes in the \"ACMG variant classification (MYH7)\" document (assertion method column). The following criteria were met: BA1",
   "SubmittedPhenotypeInfo": "not specified",
   "ReportedPhenotypeInfo": "CN169374:not specified",
   "ReviewStatus": "reviewed by expert panel",
   "CollectionMethod": "curation",
   "OriginCounts": "germline:na",
   "Submitter": "MYH7",
   "SCV": "SCV000564469.2",
   "SubmittedGeneSymbol": "MYH7",
   "ExplanationOfInterpretation": "-"
 },
 {
   "VariationID": 42957,
   "ClinicalSignificance": "Benign",
   "DateLastEvaluated": "15-Dec-16",
   "Description": "This variant was classified using modified ACMG criteria (ClinGen Expert Panel, Kelly et al. manuscript in preparation). Please see a summary of the rules and criteria codes in the \"ACMG variant classification (MYH7)\" document (assertion method column). The following criteria were met: BA1",
   "SubmittedPhenotypeInfo": "not specified",
   "ReportedPhenotypeInfo": "CN169374:not specified",
   "ReviewStatus": "reviewed by expert panel",
   "CollectionMethod": "curation",
   "OriginCounts": "germline:na",
   "Submitter": "MYH7",
   "SCV": "SCV000564484.2",
   "SubmittedGeneSymbol": "MYH7",
   "ExplanationOfInterpretation": "-"
 },
 {
   "VariationID": 42959,
   "ClinicalSignificance": "Uncertain significance",
   "DateLastEvaluated": "15-Dec-16",
   "Description": "This variant was classified using modified ACMG criteria (ClinGen Expert Panel, Kelly et al. manuscript in preparation). Please see a summary of the rules and criteria codes in the \"ACMG variant classification (MYH7)\" document (assertion method column). The following criteria were met:",
   "SubmittedPhenotypeInfo": "not specified",
   "ReportedPhenotypeInfo": "CN169374:not specified",
   "ReviewStatus": "reviewed by expert panel",
   "CollectionMethod": "curation",
   "OriginCounts": "germline:na",
   "Submitter": "MYH7",
   "SCV": "SCV000564444.2",
   "SubmittedGeneSymbol": "MYH7",
   "ExplanationOfInterpretation": "-"
 },
 {
   "VariationID": 42965,
   "ClinicalSignificance": "Uncertain significance",
   "DateLastEvaluated": "15-Dec-16",
   "Description": "This variant was classified using modified ACMG criteria (ClinGen Expert Panel, Kelly et al. manuscript in preparation). Please see a summary of the rules and criteria codes in the \"ACMG variant classification (MYH7)\" document (assertion method column). The following criteria were met:PP3",
   "SubmittedPhenotypeInfo": "not specified",
   "ReportedPhenotypeInfo": "CN169374:not specified",
   "ReviewStatus": "reviewed by expert panel",
   "CollectionMethod": "curation",
   "OriginCounts": "germline:na",
   "Submitter": "MYH7",
   "SCV": "SCV000564445.2",
   "SubmittedGeneSymbol": "MYH7",
   "ExplanationOfInterpretation": "-"
 },
 {
   "VariationID": 42968,
   "ClinicalSignificance": "Likely pathogenic",
   "DateLastEvaluated": "15-Dec-16",
   "Description": "This variant was classified using modified ACMG criteria (ClinGen Expert Panel, Kelly et al. manuscript in preparation). Please see a summary of the rules and criteria codes in the \"ACMG variant classification (MYH7)\" document (assertion method column). The following criteria were met:PM2;PM4;PP1;PS4_ Supporting",
   "SubmittedPhenotypeInfo": "MedGen:C0013481",
   "ReportedPhenotypeInfo": "C0013481:Ebstein's anomaly of the tricuspid valve",
   "ReviewStatus": "reviewed by expert panel",
   "CollectionMethod": "curation",
   "OriginCounts": "germline:na",
   "Submitter": "MYH7",
   "SCV": "SCV000564446.2",
   "SubmittedGeneSymbol": "MYH7",
   "ExplanationOfInterpretation": "-"
 },
 {
   "VariationID": 42974,
   "ClinicalSignificance": "Benign",
   "DateLastEvaluated": "15-Dec-16",
   "Description": "This variant was classified using modified ACMG criteria (ClinGen Expert Panel, Kelly et al. manuscript in preparation). Please see a summary of the rules and criteria codes in the \"ACMG variant classification (MYH7)\" document (assertion method column). The following criteria were met: BA1",
   "SubmittedPhenotypeInfo": "not specified",
   "ReportedPhenotypeInfo": "CN169374:not specified",
   "ReviewStatus": "reviewed by expert panel",
   "CollectionMethod": "curation",
   "OriginCounts": "germline:na",
   "Submitter": "MYH7",
   "SCV": "SCV000564483.2",
   "SubmittedGeneSymbol": "MYH7",
   "ExplanationOfInterpretation": "-"
 },
 {
   "VariationID": 42977,
   "ClinicalSignificance": "Benign",
   "DateLastEvaluated": "15-Dec-16",
   "Description": "This variant was classified using modified ACMG criteria (ClinGen Expert Panel, Kelly et al. manuscript in preparation). Please see a summary of the rules and criteria codes in the \"ACMG variant classification (MYH7)\" document (assertion method column). The following criteria were met: BA1",
   "SubmittedPhenotypeInfo": "not specified",
   "ReportedPhenotypeInfo": "CN169374:not specified",
   "ReviewStatus": "reviewed by expert panel",
   "CollectionMethod": "curation",
   "OriginCounts": "germline:na",
   "Submitter": "MYH7",
   "SCV": "SCV000564468.2",
   "SubmittedGeneSymbol": "MYH7",
   "ExplanationOfInterpretation": "-"
 },
 {
   "VariationID": 42979,
   "ClinicalSignificance": "Benign",
   "DateLastEvaluated": "15-Dec-16",
   "Description": "This variant was classified using modified ACMG criteria (ClinGen Expert Panel, Kelly et al. manuscript in preparation). Please see a summary of the rules and criteria codes in the \"ACMG variant classification (MYH7)\" document (assertion method column). The following criteria were met: BA1",
   "SubmittedPhenotypeInfo": "not specified",
   "ReportedPhenotypeInfo": "CN169374:not specified",
   "ReviewStatus": "reviewed by expert panel",
   "CollectionMethod": "curation",
   "OriginCounts": "germline:na",
   "Submitter": "MYH7",
   "SCV": "SCV000564482.2",
   "SubmittedGeneSymbol": "MYH7",
   "ExplanationOfInterpretation": "-"
 },
 {
   "VariationID": 42980,
   "ClinicalSignificance": "Benign",
   "DateLastEvaluated": "15-Dec-16",
   "Description": "This variant was classified using modified ACMG criteria (ClinGen Expert Panel, Kelly et al. manuscript in preparation). Please see a summary of the rules and criteria codes in the \"ACMG variant classification (MYH7)\" document (assertion method column). The following criteria were met: BA1",
   "SubmittedPhenotypeInfo": "not specified",
   "ReportedPhenotypeInfo": "CN169374:not specified",
   "ReviewStatus": "reviewed by expert panel",
   "CollectionMethod": "curation",
   "OriginCounts": "germline:na",
   "Submitter": "MYH7",
   "SCV": "SCV000564481.2",
   "SubmittedGeneSymbol": "MYH7",
   "ExplanationOfInterpretation": "-"
 },
 {
   "VariationID": 42988,
   "ClinicalSignificance": "Benign",
   "DateLastEvaluated": "15-Dec-16",
   "Description": "This variant was classified using modified ACMG criteria (ClinGen Expert Panel, Kelly et al. manuscript in preparation). Please see a summary of the rules and criteria codes in the \"ACMG variant classification (MYH7)\" document (assertion method column). The following criteria were met: BA1",
   "SubmittedPhenotypeInfo": "not specified",
   "ReportedPhenotypeInfo": "CN169374:not specified",
   "ReviewStatus": "reviewed by expert panel",
   "CollectionMethod": "curation",
   "OriginCounts": "germline:na",
   "Submitter": "MYH7",
   "SCV": "SCV000564480.2",
   "SubmittedGeneSymbol": "MYH7",
   "ExplanationOfInterpretation": "-"
 },
 {
   "VariationID": 42992,
   "ClinicalSignificance": "Likely pathogenic",
   "DateLastEvaluated": "15-Dec-16",
   "Description": "This variant was classified using modified ACMG criteria (ClinGen Expert Panel, Kelly et al. manuscript in preparation). Please see a summary of the rules and criteria codes in the \"ACMG variant classification (MYH7)\" document (assertion method column). The following criteria were met:PS4;PM2;PP3",
   "SubmittedPhenotypeInfo": "MedGen:C0949658",
   "ReportedPhenotypeInfo": "C0949658:Primary familial hypertrophic cardiomyopathy",
   "ReviewStatus": "reviewed by expert panel",
   "CollectionMethod": "curation",
   "OriginCounts": "germline:na",
   "Submitter": "MYH7",
   "SCV": "SCV000564449.2",
   "SubmittedGeneSymbol": "MYH7",
   "ExplanationOfInterpretation": "-"
 },
 {
   "VariationID": 43003,
   "ClinicalSignificance": "Likely pathogenic",
   "DateLastEvaluated": "15-Dec-16",
   "Description": "This variant was classified using modified ACMG criteria (ClinGen Expert Panel, Kelly et al. manuscript in preparation). Please see a summary of the rules and criteria codes in the \"ACMG variant classification (MYH7)\" document (assertion method column). The following criteria were met:PM2;PS4_Moderate;PP3",
   "SubmittedPhenotypeInfo": "MedGen:C0949658",
   "ReportedPhenotypeInfo": "C0949658:Primary familial hypertrophic cardiomyopathy",
   "ReviewStatus": "reviewed by expert panel",
   "CollectionMethod": "curation",
   "OriginCounts": "germline:na",
   "Submitter": "MYH7",
   "SCV": "SCV000564450.2",
   "SubmittedGeneSymbol": "MYH7",
   "ExplanationOfInterpretation": "-"
 },
 {
   "VariationID": 43005,
   "ClinicalSignificance": "Uncertain significance",
   "DateLastEvaluated": "15-Dec-16",
   "Description": "This variant was classified using modified ACMG criteria (ClinGen Expert Panel, Kelly et al. manuscript in preparation). Please see a summary of the rules and criteria codes in the \"ACMG variant classification (MYH7)\" document (assertion method column). The following criteria were met:PM2;PP3;PS4_ Supporting",
   "SubmittedPhenotypeInfo": "not specified",
   "ReportedPhenotypeInfo": "CN169374:not specified",
   "ReviewStatus": "reviewed by expert panel",
   "CollectionMethod": "curation",
   "OriginCounts": "germline:na",
   "Submitter": "MYH7",
   "SCV": "SCV000564451.2",
   "SubmittedGeneSymbol": "MYH7",
   "ExplanationOfInterpretation": "-"
 },
 {
   "VariationID": 43006,
   "ClinicalSignificance": "Likely pathogenic",
   "DateLastEvaluated": "15-Dec-16",
   "Description": "This variant was classified using modified ACMG criteria (ClinGen Expert Panel, Kelly et al. manuscript in preparation). Please see a summary of the rules and criteria codes in the \"ACMG variant classification (MYH7)\" document (assertion method column). The following criteria were met:PS4;PM2;PP1",
   "SubmittedPhenotypeInfo": "MedGen:C0949658",
   "ReportedPhenotypeInfo": "C0949658:Primary familial hypertrophic cardiomyopathy",
   "ReviewStatus": "reviewed by expert panel",
   "CollectionMethod": "curation",
   "OriginCounts": "germline:na",
   "Submitter": "MYH7",
   "SCV": "SCV000564407.2",
   "SubmittedGeneSymbol": "MYH7",
   "ExplanationOfInterpretation": "-"
 },
 {
   "VariationID": 43011,
   "ClinicalSignificance": "Uncertain significance",
   "DateLastEvaluated": "15-Dec-16",
   "Description": "This variant was classified using modified ACMG criteria (ClinGen Expert Panel, Kelly et al. manuscript in preparation). Please see a summary of the rules and criteria codes in the \"ACMG variant classification (MYH7)\" document (assertion method column). The following criteria were met:PM2;PS4_ Supporting;BP7",
   "SubmittedPhenotypeInfo": "not specified",
   "ReportedPhenotypeInfo": "CN169374:not specified",
   "ReviewStatus": "reviewed by expert panel",
   "CollectionMethod": "curation",
   "OriginCounts": "germline:na",
   "Submitter": "MYH7",
   "SCV": "SCV000564452.2",
   "SubmittedGeneSymbol": "MYH7",
   "ExplanationOfInterpretation": "-"
 },
 {
   "VariationID": 43012,
   "ClinicalSignificance": "Likely benign",
   "DateLastEvaluated": "15-Dec-16",
   "Description": "This variant was classified using modified ACMG criteria (ClinGen Expert Panel, Kelly et al. manuscript in preparation). Please see a summary of the rules and criteria codes in the \"ACMG variant classification (MYH7)\" document (assertion method column). The following criteria were met:PP3;BS1",
   "SubmittedPhenotypeInfo": "not specified",
   "ReportedPhenotypeInfo": "CN169374:not specified",
   "ReviewStatus": "reviewed by expert panel",
   "CollectionMethod": "curation",
   "OriginCounts": "germline:na",
   "Submitter": "MYH7",
   "SCV": "SCV000577982.3",
   "SubmittedGeneSymbol": "MYH7",
   "ExplanationOfInterpretation": "-"
 },
 {
   "VariationID": 43019,
   "ClinicalSignificance": "Benign",
   "DateLastEvaluated": "15-Dec-16",
   "Description": "This variant was classified using modified ACMG criteria (ClinGen Expert Panel, Kelly et al. manuscript in preparation). Please see a summary of the rules and criteria codes in the \"ACMG variant classification (MYH7)\" document (assertion method column). The following criteria were met: BA1",
   "SubmittedPhenotypeInfo": "not specified",
   "ReportedPhenotypeInfo": "CN169374:not specified",
   "ReviewStatus": "reviewed by expert panel",
   "CollectionMethod": "curation",
   "OriginCounts": "germline:na",
   "Submitter": "MYH7",
   "SCV": "SCV000564479.2",
   "SubmittedGeneSymbol": "MYH7",
   "ExplanationOfInterpretation": "-"
 },
 {
   "VariationID": 43020,
   "ClinicalSignificance": "Benign",
   "DateLastEvaluated": "15-Dec-16",
   "Description": "This variant was classified using modified ACMG criteria (ClinGen Expert Panel, Kelly et al. manuscript in preparation). Please see a summary of the rules and criteria codes in the \"ACMG variant classification (MYH7)\" document (assertion method column). The following criteria were met: BA1",
   "SubmittedPhenotypeInfo": "not specified",
   "ReportedPhenotypeInfo": "CN169374:not specified",
   "ReviewStatus": "reviewed by expert panel",
   "CollectionMethod": "curation",
   "OriginCounts": "germline:na",
   "Submitter": "MYH7",
   "SCV": "SCV000564464.2",
   "SubmittedGeneSymbol": "MYH7",
   "ExplanationOfInterpretation": "-"
 },
 {
   "VariationID": 43027,
   "ClinicalSignificance": "Benign",
   "DateLastEvaluated": "15-Dec-16",
   "Description": "This variant was classified using modified ACMG criteria (ClinGen Expert Panel, Kelly et al. manuscript in preparation). Please see a summary of the rules and criteria codes in the \"ACMG variant classification (MYH7)\" document (assertion method column). The following criteria were met: BA1",
   "SubmittedPhenotypeInfo": "not specified",
   "ReportedPhenotypeInfo": "CN169374:not specified",
   "ReviewStatus": "reviewed by expert panel",
   "CollectionMethod": "curation",
   "OriginCounts": "germline:na",
   "Submitter": "MYH7",
   "SCV": "SCV000564478.2",
   "SubmittedGeneSymbol": "MYH7",
   "ExplanationOfInterpretation": "-"
 },
 {
   "VariationID": 43029,
   "ClinicalSignificance": "Uncertain significance",
   "DateLastEvaluated": "15-Dec-16",
   "Description": "This variant was classified using modified ACMG criteria (ClinGen Expert Panel, Kelly et al. manuscript in preparation). Please see a summary of the rules and criteria codes in the \"ACMG variant classification (MYH7)\" document (assertion method column). The following criteria were met:PM2;PVS1_Moderate",
   "SubmittedPhenotypeInfo": "not specified",
   "ReportedPhenotypeInfo": "CN169374:not specified",
   "ReviewStatus": "reviewed by expert panel",
   "CollectionMethod": "curation",
   "OriginCounts": "germline:na",
   "Submitter": "MYH7",
   "SCV": "SCV000564453.2",
   "SubmittedGeneSymbol": "MYH7",
   "ExplanationOfInterpretation": "-"
 },
 {
   "VariationID": 43031,
   "ClinicalSignificance": "Benign",
   "DateLastEvaluated": "15-Dec-16",
   "Description": "This variant was classified using modified ACMG criteria (ClinGen Expert Panel, Kelly et al. manuscript in preparation). Please see a summary of the rules and criteria codes in the \"ACMG variant classification (MYH7)\" document (assertion method column). The following criteria were met: BA1",
   "SubmittedPhenotypeInfo": "not specified",
   "ReportedPhenotypeInfo": "CN169374:not specified",
   "ReviewStatus": "reviewed by expert panel",
   "CollectionMethod": "curation",
   "OriginCounts": "germline:na",
   "Submitter": "MYH7",
   "SCV": "SCV000564477.2",
   "SubmittedGeneSymbol": "MYH7",
   "ExplanationOfInterpretation": "-"
 },
 {
   "VariationID": 43032,
   "ClinicalSignificance": "Benign",
   "DateLastEvaluated": "15-Dec-16",
   "Description": "This variant was classified using modified ACMG criteria (ClinGen Expert Panel, Kelly et al. manuscript in preparation). Please see a summary of the rules and criteria codes in the \"ACMG variant classification (MYH7)\" document (assertion method column). The following criteria were met: BA1",
   "SubmittedPhenotypeInfo": "not specified",
   "ReportedPhenotypeInfo": "CN169374:not specified",
   "ReviewStatus": "reviewed by expert panel",
   "CollectionMethod": "curation",
   "OriginCounts": "germline:na",
   "Submitter": "MYH7",
   "SCV": "SCV000564476.2",
   "SubmittedGeneSymbol": "MYH7",
   "ExplanationOfInterpretation": "-"
 },
 {
   "VariationID": 43035,
   "ClinicalSignificance": "Benign",
   "DateLastEvaluated": "15-Dec-16",
   "Description": "This variant was classified using modified ACMG criteria (ClinGen Expert Panel, Kelly et al. manuscript in preparation). Please see a summary of the rules and criteria codes in the \"ACMG variant classification (MYH7)\" document (assertion method column). The following criteria were met: BA1",
   "SubmittedPhenotypeInfo": "not specified",
   "ReportedPhenotypeInfo": "CN169374:not specified",
   "ReviewStatus": "reviewed by expert panel",
   "CollectionMethod": "curation",
   "OriginCounts": "germline:na",
   "Submitter": "MYH7",
   "SCV": "SCV000564475.2",
   "SubmittedGeneSymbol": "MYH7",
   "ExplanationOfInterpretation": "-"
 },
 {
   "VariationID": 43038,
   "ClinicalSignificance": "Benign",
   "DateLastEvaluated": "15-Dec-16",
   "Description": "This variant was classified using modified ACMG criteria (ClinGen Expert Panel, Kelly et al. manuscript in preparation). Please see a summary of the rules and criteria codes in the \"ACMG variant classification (MYH7)\" document (assertion method column). The following criteria were met: BA1",
   "SubmittedPhenotypeInfo": "not specified",
   "ReportedPhenotypeInfo": "CN169374:not specified",
   "ReviewStatus": "reviewed by expert panel",
   "CollectionMethod": "curation",
   "OriginCounts": "germline:na",
   "Submitter": "MYH7",
   "SCV": "SCV000564503.2",
   "SubmittedGeneSymbol": "MYH7",
   "ExplanationOfInterpretation": "-"
 },
 {
   "VariationID": 43044,
   "ClinicalSignificance": "Uncertain significance",
   "DateLastEvaluated": "15-Dec-16",
   "Description": "This variant was classified using modified ACMG criteria (ClinGen Expert Panel, Kelly et al. manuscript in preparation). Please see a summary of the rules and criteria codes in the \"ACMG variant classification (MYH7)\" document (assertion method column). The following criteria were met:",
   "SubmittedPhenotypeInfo": "not specified",
   "ReportedPhenotypeInfo": "CN169374:not specified",
   "ReviewStatus": "reviewed by expert panel",
   "CollectionMethod": "curation",
   "OriginCounts": "germline:na",
   "Submitter": "MYH7",
   "SCV": "SCV000564454.2",
   "SubmittedGeneSymbol": "MYH7",
   "ExplanationOfInterpretation": "-"
 },
 {
   "VariationID": 43048,
   "ClinicalSignificance": "Benign",
   "DateLastEvaluated": "15-Dec-16",
   "Description": "This variant was classified using modified ACMG criteria (ClinGen Expert Panel, Kelly et al. manuscript in preparation). Please see a summary of the rules and criteria codes in the \"ACMG variant classification (MYH7)\" document (assertion method column). The following criteria were met: BA1",
   "SubmittedPhenotypeInfo": "not specified",
   "ReportedPhenotypeInfo": "CN169374:not specified",
   "ReviewStatus": "reviewed by expert panel",
   "CollectionMethod": "curation",
   "OriginCounts": "germline:na",
   "Submitter": "MYH7",
   "SCV": "SCV000564474.2",
   "SubmittedGeneSymbol": "MYH7",
   "ExplanationOfInterpretation": "-"
 },
 {
   "VariationID": 43056,
   "ClinicalSignificance": "Benign",
   "DateLastEvaluated": "15-Dec-16",
   "Description": "This variant was classified using modified ACMG criteria (ClinGen Expert Panel, Kelly et al. manuscript in preparation). Please see a summary of the rules and criteria codes in the \"ACMG variant classification (MYH7)\" document (assertion method column). The following criteria were met: BA1",
   "SubmittedPhenotypeInfo": "not specified",
   "ReportedPhenotypeInfo": "CN169374:not specified",
   "ReviewStatus": "reviewed by expert panel",
   "CollectionMethod": "curation",
   "OriginCounts": "germline:na",
   "Submitter": "MYH7",
   "SCV": "SCV000564473.2",
   "SubmittedGeneSymbol": "MYH7",
   "ExplanationOfInterpretation": "-"
 },
 {
   "VariationID": 43059,
   "ClinicalSignificance": "Uncertain significance",
   "DateLastEvaluated": "15-Dec-16",
   "Description": "This variant was classified using modified ACMG criteria (ClinGen Expert Panel, Kelly et al. manuscript in preparation). Please see a summary of the rules and criteria codes in the \"ACMG variant classification (MYH7)\" document (assertion method column). The following criteria were met:PM2;PP3;PS4_ Supporting",
   "SubmittedPhenotypeInfo": "not specified",
   "ReportedPhenotypeInfo": "CN169374:not specified",
   "ReviewStatus": "reviewed by expert panel",
   "CollectionMethod": "curation",
   "OriginCounts": "germline:na",
   "Submitter": "MYH7",
   "SCV": "SCV000564456.2",
   "SubmittedGeneSymbol": "MYH7",
   "ExplanationOfInterpretation": "-"
 },
 {
   "VariationID": 43069,
   "ClinicalSignificance": "Likely pathogenic",
   "DateLastEvaluated": "15-Dec-16",
   "Description": "This variant was classified using modified ACMG criteria (ClinGen Expert Panel, Kelly et al. manuscript in preparation). Please see a summary of the rules and criteria codes in the \"ACMG variant classification (MYH7)\" document (assertion method column). The following criteria were met:PM2;PM6;PP3;PS4_ Supporting",
   "SubmittedPhenotypeInfo": "MedGen:C0007193",
   "ReportedPhenotypeInfo": "C0007193:Primary dilated cardiomyopathy",
   "ReviewStatus": "reviewed by expert panel",
   "CollectionMethod": "curation",
   "OriginCounts": "germline:na",
   "Submitter": "MYH7",
   "SCV": "SCV000564459.2",
   "SubmittedGeneSymbol": "MYH7",
   "ExplanationOfInterpretation": "-"
 },
 {
   "VariationID": 43076,
   "ClinicalSignificance": "Uncertain significance",
   "DateLastEvaluated": "15-Dec-16",
   "Description": "This variant was classified using modified ACMG criteria (ClinGen Expert Panel, Kelly et al. manuscript in preparation). Please see a summary of the rules and criteria codes in the \"ACMG variant classification (MYH7)\" document (assertion method column). The following criteria were met:PM2;PP3;PS4_ Supporting",
   "SubmittedPhenotypeInfo": "not specified",
   "ReportedPhenotypeInfo": "CN169374:not specified",
   "ReviewStatus": "reviewed by expert panel",
   "CollectionMethod": "curation",
   "OriginCounts": "germline:na",
   "Submitter": "MYH7",
   "SCV": "SCV000564460.2",
   "SubmittedGeneSymbol": "MYH7",
   "ExplanationOfInterpretation": "-"
 },
 {
   "VariationID": 43082,
   "ClinicalSignificance": "Uncertain significance",
   "DateLastEvaluated": "15-Dec-16",
   "Description": "This variant was classified using modified ACMG criteria (ClinGen Expert Panel, Kelly et al. manuscript in preparation). Please see a summary of the rules and criteria codes in the \"ACMG variant classification (MYH7)\" document (assertion method column). The following criteria were met:",
   "SubmittedPhenotypeInfo": "not specified",
   "ReportedPhenotypeInfo": "CN169374:not specified",
   "ReviewStatus": "reviewed by expert panel",
   "CollectionMethod": "curation",
   "OriginCounts": "germline:na",
   "Submitter": "MYH7",
   "SCV": "SCV000564461.2",
   "SubmittedGeneSymbol": "MYH7",
   "ExplanationOfInterpretation": "-"
 },
 {
   "VariationID": 43085,
   "ClinicalSignificance": "Likely pathogenic",
   "DateLastEvaluated": "15-Dec-16",
   "Description": "This variant was classified using modified ACMG criteria (ClinGen Expert Panel, Kelly et al. manuscript in preparation). Please see a summary of the rules and criteria codes in the \"ACMG variant classification (MYH7)\" document (assertion method column). The following criteria were met:PM2;PM6;PP3",
   "SubmittedPhenotypeInfo": "MedGen:C0007193",
   "ReportedPhenotypeInfo": "C0007193:Primary dilated cardiomyopathy",
   "ReviewStatus": "reviewed by expert panel",
   "CollectionMethod": "curation",
   "OriginCounts": "germline:na",
   "Submitter": "MYH7",
   "SCV": "SCV000564462.2",
   "SubmittedGeneSymbol": "MYH7",
   "ExplanationOfInterpretation": "-"
 },
 {
   "VariationID": 43086,
   "ClinicalSignificance": "Benign",
   "DateLastEvaluated": "15-Dec-16",
   "Description": "This variant was classified using modified ACMG criteria (ClinGen Expert Panel, Kelly et al. manuscript in preparation). Please see a summary of the rules and criteria codes in the \"ACMG variant classification (MYH7)\" document (assertion method column). The following criteria were met: BA1",
   "SubmittedPhenotypeInfo": "not specified",
   "ReportedPhenotypeInfo": "CN169374:not specified",
   "ReviewStatus": "reviewed by expert panel",
   "CollectionMethod": "curation",
   "OriginCounts": "germline:na",
   "Submitter": "MYH7",
   "SCV": "SCV000564472.2",
   "SubmittedGeneSymbol": "MYH7",
   "ExplanationOfInterpretation": "-"
 },
 {
   "VariationID": 43088,
   "ClinicalSignificance": "Likely pathogenic",
   "DateLastEvaluated": "15-Dec-16",
   "Description": "This variant was classified using modified ACMG criteria (ClinGen Expert Panel, Kelly et al. manuscript in preparation). Please see a summary of the rules and criteria codes in the \"ACMG variant classification (MYH7)\" document (assertion method column). The following criteria were met:PM2;PM6;PP3;PS4_ Supporting",
   "SubmittedPhenotypeInfo": "MedGen:C0007193",
   "ReportedPhenotypeInfo": "C0007193:Primary dilated cardiomyopathy",
   "ReviewStatus": "reviewed by expert panel",
   "CollectionMethod": "curation",
   "OriginCounts": "germline:na",
   "Submitter": "MYH7",
   "SCV": "SCV000564463.2",
   "SubmittedGeneSymbol": "MYH7",
   "ExplanationOfInterpretation": "-"
 },
 {
   "VariationID": 43092,
   "ClinicalSignificance": "Benign",
   "DateLastEvaluated": "15-Dec-16",
   "Description": "This variant was classified using modified ACMG criteria (ClinGen Expert Panel, Kelly et al. manuscript in preparation). Please see a summary of the rules and criteria codes in the \"ACMG variant classification (MYH7)\" document (assertion method column). The following criteria were met: BA1",
   "SubmittedPhenotypeInfo": "not specified",
   "ReportedPhenotypeInfo": "CN169374:not specified",
   "ReviewStatus": "reviewed by expert panel",
   "CollectionMethod": "curation",
   "OriginCounts": "germline:na",
   "Submitter": "MYH7",
   "SCV": "SCV000564502.2",
   "SubmittedGeneSymbol": "MYH7",
   "ExplanationOfInterpretation": "-"
 },
 {
   "VariationID": 43103,
   "ClinicalSignificance": "Benign",
   "DateLastEvaluated": "15-Dec-16",
   "Description": "This variant was classified using modified ACMG criteria (ClinGen Expert Panel, Kelly et al. manuscript in preparation). Please see a summary of the rules and criteria codes in the \"ACMG variant classification (MYH7)\" document (assertion method column). The following criteria were met: BA1",
   "SubmittedPhenotypeInfo": "not specified",
   "ReportedPhenotypeInfo": "CN169374:not specified",
   "ReviewStatus": "reviewed by expert panel",
   "CollectionMethod": "curation",
   "OriginCounts": "germline:na",
   "Submitter": "MYH7",
   "SCV": "SCV000564471.2",
   "SubmittedGeneSymbol": "MYH7",
   "ExplanationOfInterpretation": "-"
 },
 {
   "VariationID": 43106,
   "ClinicalSignificance": "Pathogenic",
   "DateLastEvaluated": "15-Dec-16",
   "Description": "This variant was classified using modified ACMG criteria (ClinGen Expert Panel, Kelly et al. manuscript in preparation). Please see a summary of the rules and criteria codes in the \"ACMG variant classification (MYH7)\" document (assertion method column). The following criteria were met:PS4;PP1_ Strong;PM1;PM2;PP3",
   "SubmittedPhenotypeInfo": "MedGen:C0949658",
   "ReportedPhenotypeInfo": "C0949658:Primary familial hypertrophic cardiomyopathy",
   "ReviewStatus": "reviewed by expert panel",
   "CollectionMethod": "curation",
   "OriginCounts": "germline:na",
   "Submitter": "MYH7",
   "SCV": "SCV000564409.2",
   "SubmittedGeneSymbol": "MYH7",
   "ExplanationOfInterpretation": "-"
 },
 {
   "VariationID": 43116,
   "ClinicalSignificance": "Benign",
   "DateLastEvaluated": "15-Dec-16",
   "Description": "This variant was classified using modified ACMG criteria (ClinGen Expert Panel, Kelly et al. manuscript in preparation). Please see a summary of the rules and criteria codes in the \"ACMG variant classification (MYH7)\" document (assertion method column). The following criteria were met: BA1",
   "SubmittedPhenotypeInfo": "not specified",
   "ReportedPhenotypeInfo": "CN169374:not specified",
   "ReviewStatus": "reviewed by expert panel",
   "CollectionMethod": "curation",
   "OriginCounts": "germline:na",
   "Submitter": "MYH7",
   "SCV": "SCV000564500.2",
   "SubmittedGeneSymbol": "MYH7",
   "ExplanationOfInterpretation": "-"
 },
 {
   "VariationID": 138391,
   "ClinicalSignificance": "Benign",
   "DateLastEvaluated": "15-Dec-16",
   "Description": "This variant was classified using modified ACMG criteria (ClinGen Expert Panel, Kelly et al. manuscript in preparation). Please see a summary of the rules and criteria codes in the \"ACMG variant classification (MYH7)\" document (assertion method column). The following criteria were met: BA1",
   "SubmittedPhenotypeInfo": "not specified",
   "ReportedPhenotypeInfo": "CN169374:not specified",
   "ReviewStatus": "reviewed by expert panel",
   "CollectionMethod": "curation",
   "OriginCounts": "germline:na",
   "Submitter": "MYH7",
   "SCV": "SCV000564497.2",
   "SubmittedGeneSymbol": "MYH7",
   "ExplanationOfInterpretation": "-"
 },
 {
   "VariationID": 155814,
   "ClinicalSignificance": "Likely pathogenic",
   "DateLastEvaluated": "15-Dec-16",
   "Description": "This variant was classified using modified ACMG criteria (ClinGen Expert Panel, Kelly et al. manuscript in preparation). Please see a summary of the rules and criteria codes in the \"ACMG variant classification (MYH7)\" document (assertion method column). The following criteria were met:PS4;PM2;PP1_Moderate;PP3",
   "SubmittedPhenotypeInfo": "not specified",
   "ReportedPhenotypeInfo": "CN169374:not specified",
   "ReviewStatus": "reviewed by expert panel",
   "CollectionMethod": "curation",
   "OriginCounts": "germline:na",
   "Submitter": "MYH7",
   "SCV": "SCV000564442.2",
   "SubmittedGeneSymbol": "MYH7",
   "ExplanationOfInterpretation": "-"
 },
 {
   "VariationID": 161326,
   "ClinicalSignificance": "Likely pathogenic",
   "DateLastEvaluated": "15-Dec-16",
   "Description": "This variant was classified using modified ACMG criteria (ClinGen Expert Panel, Kelly et al. manuscript in preparation). Please see a summary of the rules and criteria codes in the \"ACMG variant classification (MYH7)\" document (assertion method column). The following criteria were met:PM1;PM2;PM5;PP3;PS4_ Supporting",
   "SubmittedPhenotypeInfo": "MedGen:C0949658",
   "ReportedPhenotypeInfo": "C0949658:Primary familial hypertrophic cardiomyopathy",
   "ReviewStatus": "reviewed by expert panel",
   "CollectionMethod": "curation",
   "OriginCounts": "germline:na",
   "Submitter": "MYH7",
   "SCV": "SCV000564433.2",
   "SubmittedGeneSymbol": "MYH7",
   "ExplanationOfInterpretation": "-"
 },
 {
   "VariationID": 164294,
   "ClinicalSignificance": "Likely pathogenic",
   "DateLastEvaluated": "15-Dec-16",
   "Description": "This variant was classified using modified ACMG criteria (ClinGen Expert Panel, Kelly et al. manuscript in preparation). Please see a summary of the rules and criteria codes in the \"ACMG variant classification (MYH7)\" document (assertion method column). The following criteria were met:PS4;PM2;PP1_Moderate;PP3",
   "SubmittedPhenotypeInfo": "MedGen:C0949658",
   "ReportedPhenotypeInfo": "C0949658:Primary familial hypertrophic cardiomyopathy",
   "ReviewStatus": "reviewed by expert panel",
   "CollectionMethod": "curation",
   "OriginCounts": "germline:na",
   "Submitter": "MYH7",
   "SCV": "SCV000564448.2",
   "SubmittedGeneSymbol": "MYH7",
   "ExplanationOfInterpretation": "-"
 },
 {
   "VariationID": 164334,
   "ClinicalSignificance": "Benign",
   "DateLastEvaluated": "15-Dec-16",
   "Description": "This variant was classified using modified ACMG criteria (ClinGen Expert Panel, Kelly et al. manuscript in preparation). Please see a summary of the rules and criteria codes in the \"ACMG variant classification (MYH7)\" document (assertion method column). The following criteria were met: BA1",
   "SubmittedPhenotypeInfo": "not specified",
   "ReportedPhenotypeInfo": "CN169374:not specified",
   "ReviewStatus": "reviewed by expert panel",
   "CollectionMethod": "curation",
   "OriginCounts": "germline:na",
   "Submitter": "MYH7",
   "SCV": "SCV000564492.2",
   "SubmittedGeneSymbol": "MYH7",
   "ExplanationOfInterpretation": "-"
 },
 {
   "VariationID": 164342,
   "ClinicalSignificance": "Pathogenic",
   "DateLastEvaluated": "15-Dec-16",
   "Description": "This variant was classified using modified ACMG criteria (ClinGen Expert Panel, Kelly et al. manuscript in preparation). Please see a summary of the rules and criteria codes in the \"ACMG variant classification (MYH7)\" document (assertion method column). The following criteria were met:PS4;PM1;PM2;PP1_Moderate",
   "SubmittedPhenotypeInfo": "MedGen:C0949658",
   "ReportedPhenotypeInfo": "C0949658:Primary familial hypertrophic cardiomyopathy",
   "ReviewStatus": "reviewed by expert panel",
   "CollectionMethod": "curation",
   "OriginCounts": "germline:na",
   "Submitter": "MYH7",
   "SCV": "SCV000564426.2",
   "SubmittedGeneSymbol": "MYH7",
   "ExplanationOfInterpretation": "-"
 },
 {
   "VariationID": 164378,
   "ClinicalSignificance": "Likely pathogenic",
   "DateLastEvaluated": "15-Dec-16",
   "Description": "This variant was classified using modified ACMG criteria (ClinGen Expert Panel, Kelly et al. manuscript in preparation). Please see a summary of the rules and criteria codes in the \"ACMG variant classification (MYH7)\" document (assertion method column). The following criteria were met:PM1;PM2;PM6;PP3",
   "SubmittedPhenotypeInfo": "MedGen:C0949658",
   "ReportedPhenotypeInfo": "C0949658:Primary familial hypertrophic cardiomyopathy",
   "ReviewStatus": "reviewed by expert panel",
   "CollectionMethod": "curation",
   "OriginCounts": "germline:na",
   "Submitter": "MYH7",
   "SCV": "SCV000564411.2",
   "SubmittedGeneSymbol": "MYH7",
   "ExplanationOfInterpretation": "-"
 },
 {
   "VariationID": 177629,
   "ClinicalSignificance": "Uncertain significance",
   "DateLastEvaluated": "15-Dec-16",
   "Description": "This variant was classified using modified ACMG criteria (ClinGen Expert Panel, Kelly et al. manuscript in preparation). Please see a summary of the rules and criteria codes in the \"ACMG variant classification (MYH7)\" document (assertion method column). The following criteria were met:PP3",
   "SubmittedPhenotypeInfo": "not specified",
   "ReportedPhenotypeInfo": "CN169374:not specified",
   "ReviewStatus": "reviewed by expert panel",
   "CollectionMethod": "curation",
   "OriginCounts": "germline:na",
   "Submitter": "MYH7",
   "SCV": "SCV000564457.2",
   "SubmittedGeneSymbol": "MYH7",
   "ExplanationOfInterpretation": "-"
 },
 {
   "VariationID": 177665,
   "ClinicalSignificance": "Pathogenic",
   "DateLastEvaluated": "15-Dec-16",
   "Description": "This variant was classified using modified ACMG criteria (ClinGen Expert Panel, Kelly et al. manuscript in preparation). Please see a summary of the rules and criteria codes in the \"ACMG variant classification (MYH7)\" document (assertion method column). The following criteria were met:PS4;PM1;PM2;PM5;PP1_Moderate;PP3",
   "SubmittedPhenotypeInfo": "MedGen:C0949658",
   "ReportedPhenotypeInfo": "C0949658:Primary familial hypertrophic cardiomyopathy",
   "ReviewStatus": "reviewed by expert panel",
   "CollectionMethod": "curation",
   "OriginCounts": "germline:na",
   "Submitter": "MYH7",
   "SCV": "SCV000564428.2",
   "SubmittedGeneSymbol": "MYH7",
   "ExplanationOfInterpretation": "-"
 },
 {
   "VariationID": 177697,
   "ClinicalSignificance": "Uncertain significance",
   "DateLastEvaluated": "15-Dec-16",
   "Description": "This variant was classified using modified ACMG criteria (ClinGen Expert Panel, Kelly et al. manuscript in preparation). Please see a summary of the rules and criteria codes in the \"ACMG variant classification (MYH7)\" document (assertion method column). The following criteria were met:PM2;PP3;PS4_ Supporting",
   "SubmittedPhenotypeInfo": "not specified",
   "ReportedPhenotypeInfo": "CN169374:not specified",
   "ReviewStatus": "reviewed by expert panel",
   "CollectionMethod": "curation",
   "OriginCounts": "germline:na",
   "Submitter": "MYH7",
   "SCV": "SCV000564458.2",
   "SubmittedGeneSymbol": "MYH7",
   "ExplanationOfInterpretation": "-"
 },
 {
   "VariationID": 177753,
   "ClinicalSignificance": "Likely pathogenic",
   "DateLastEvaluated": "15-Dec-16",
   "Description": "This variant was classified using modified ACMG criteria (ClinGen Expert Panel, Kelly et al. manuscript in preparation). Please see a summary of the rules and criteria codes in the \"ACMG variant classification (MYH7)\" document (assertion method column). The following criteria were met:PS4;PM2;PP3",
   "SubmittedPhenotypeInfo": "MedGen:C0949658",
   "ReportedPhenotypeInfo": "C0949658:Primary familial hypertrophic cardiomyopathy",
   "ReviewStatus": "reviewed by expert panel",
   "CollectionMethod": "curation",
   "OriginCounts": "germline:na",
   "Submitter": "MYH7",
   "SCV": "SCV000564441.2",
   "SubmittedGeneSymbol": "MYH7",
   "ExplanationOfInterpretation": "-"
 },
 {
   "VariationID": 177757,
   "ClinicalSignificance": "Likely pathogenic",
   "DateLastEvaluated": "15-Dec-16",
   "Description": "This variant was classified using modified ACMG criteria (ClinGen Expert Panel, Kelly et al. manuscript in preparation). Please see a summary of the rules and criteria codes in the \"ACMG variant classification (MYH7)\" document (assertion method column). The following criteria were met:PS4;PM1;PM2;PP3",
   "SubmittedPhenotypeInfo": "MedGen:C0949658",
   "ReportedPhenotypeInfo": "C0949658:Primary familial hypertrophic cardiomyopathy",
   "ReviewStatus": "reviewed by expert panel",
   "CollectionMethod": "curation",
   "OriginCounts": "germline:na",
   "Submitter": "MYH7",
   "SCV": "SCV000564432.2",
   "SubmittedGeneSymbol": "MYH7",
   "ExplanationOfInterpretation": "-"
 },
 {
   "VariationID": 177763,
   "ClinicalSignificance": "Likely pathogenic",
   "DateLastEvaluated": "15-Dec-16",
   "Description": "This variant was classified using modified ACMG criteria (ClinGen Expert Panel, Kelly et al. manuscript in preparation). Please see a summary of the rules and criteria codes in the \"ACMG variant classification (MYH7)\" document (assertion method column). The following criteria were met:PM1;PM2;PP1_Moderate;PS4_ Supporting;BS4",
   "SubmittedPhenotypeInfo": "MedGen:C0007193",
   "ReportedPhenotypeInfo": "C0007193:Primary dilated cardiomyopathy",
   "ReviewStatus": "reviewed by expert panel",
   "CollectionMethod": "curation",
   "OriginCounts": "germline:na",
   "Submitter": "MYH7",
   "SCV": "SCV000564435.2",
   "SubmittedGeneSymbol": "MYH7",
   "ExplanationOfInterpretation": "-"
 },
 {
   "VariationID": 177817,
   "ClinicalSignificance": "Uncertain significance",
   "DateLastEvaluated": "15-Dec-16",
   "Description": "This variant was classified using modified ACMG criteria (ClinGen Expert Panel, Kelly et al. manuscript in preparation). Please see a summary of the rules and criteria codes in the \"ACMG variant classification (MYH7)\" document (assertion method column). The following criteria were met:PM2;PVS1_Moderate",
   "SubmittedPhenotypeInfo": "not specified",
   "ReportedPhenotypeInfo": "CN169374:not specified",
   "ReviewStatus": "reviewed by expert panel",
   "CollectionMethod": "curation",
   "OriginCounts": "germline:na",
   "Submitter": "MYH7",
   "SCV": "SCV000564416.2",
   "SubmittedGeneSymbol": "MYH7",
   "ExplanationOfInterpretation": "-"
 },
 {
   "VariationID": 177865,
   "ClinicalSignificance": "Benign",
   "DateLastEvaluated": "15-Dec-16",
   "Description": "This variant was classified using modified ACMG criteria (ClinGen Expert Panel, Kelly et al. manuscript in preparation). Please see a summary of the rules and criteria codes in the \"ACMG variant classification (MYH7)\" document (assertion method column). The following criteria were met: BA1",
   "SubmittedPhenotypeInfo": "not specified",
   "ReportedPhenotypeInfo": "CN169374:not specified",
   "ReviewStatus": "reviewed by expert panel",
   "CollectionMethod": "curation",
   "OriginCounts": "germline:na",
   "Submitter": "MYH7",
   "SCV": "SCV000564501.2",
   "SubmittedGeneSymbol": "MYH7",
   "ExplanationOfInterpretation": "-"
 },
 {
   "VariationID": 188628,
   "ClinicalSignificance": "Benign",
   "DateLastEvaluated": "15-Dec-16",
   "Description": "This variant was classified using modified ACMG criteria (ClinGen Expert Panel, Kelly et al. manuscript in preparation). Please see a summary of the rules and criteria codes in the \"ACMG variant classification (MYH7)\" document (assertion method column). The following criteria were met: BA1",
   "SubmittedPhenotypeInfo": "not specified",
   "ReportedPhenotypeInfo": "CN169374:not specified",
   "ReviewStatus": "reviewed by expert panel",
   "CollectionMethod": "curation",
   "OriginCounts": "germline:na",
   "Submitter": "MYH7",
   "SCV": "SCV000564465.2",
   "SubmittedGeneSymbol": "MYH7",
   "ExplanationOfInterpretation": "-"
 }
]
