"ClinVar-Submitter Run Report"
"","Date/Time: ","Thu Nov 29 21:45:24 EST 2018"
"","File(s): ","PAH-4/allinput.json"
"","JSON-LD Context (-x): ","http://dataexchange.clinicalgenome.org/interpretation/json/sepio_context"
"","Output File (-o): ","PAH-4/clinvar-variant.csv"
"","Force overwrite (-f): ","true"
"","Run Report File (-r): ","PAH-4/clinvar-submitter-run-report.csv"

"","NOTE: The variant coordinates are based on the preferred genomic representation from the ClinGen Allele Registry."

"Record #","File Name","Interp Id","Variant (alt desig)","Output Cell","Status","Code","Description"
"1","PAH-4/allinput.json","3641e358-76ec-4492-b57b-e0456cc8d34b","","--","Success","--","--"
"2","PAH-4/allinput.json","6d2dd44e-13de-406f-a230-bfe8aa3f0740","","--","Success","--","--"
"3","PAH-4/allinput.json","d8d2e477-0bfe-4136-9489-617a94f7fda6","","--","Success","--","--"
"4","PAH-4/allinput.json","c12aac5a-a84d-4ecc-b66a-d375bf2deb7b","","--","Success","--","--"
"5","PAH-4/allinput.json","1adb5216-c67d-4ebf-8b37-89b36d1f2625","","--","Success","--","--"
"6","PAH-4/allinput.json","7a494430-377e-4473-a5f7-e0698ec51cab","","--","Success","--","--"
"7","PAH-4/allinput.json","a49cb655-9cb0-4fac-959d-26d4290227d6","","--","Success","--","--"
"8","PAH-4/allinput.json","e8a0e1ef-d616-4dfe-a24e-30a901afa80f","","--","Success","--","--"
"9","PAH-4/allinput.json","ac3ebdc5-43ab-403b-8ef9-27fff7d691ba","","--","Success","--","--"
"10","PAH-4/allinput.json","c18b654a-1bd0-428b-b43f-2711b92f28a1","","--","Success","--","--"
"11","PAH-4/allinput.json","a0e84b26-03d1-42c0-a937-859d45d287e0","","--","Success","--","--"
"12","PAH-4/allinput.json","7adf378c-7393-4f5a-8666-38c92a10a292","","--","Success","--","--"
"13","PAH-4/allinput.json","0c42e06b-e66b-4820-b77e-007dbe8b7c6f","","--","Success","--","--"
"14","PAH-4/allinput.json","0dbc6b3d-662c-424c-bca8-7346f4312024","","--","Success","--","--"
"15","PAH-4/allinput.json","99da71a3-d378-4933-bdf6-a67f3d1a4d71","","--","Success","--","--"
"16","PAH-4/allinput.json","d91a71b3-b17d-4148-8b40-c1de9c400e78","","--","Success","--","--"
"17","PAH-4/allinput.json","f459ef35-b6d1-4155-b1aa-7bb752fd55a0","","--","Success","--","--"
"18","PAH-4/allinput.json","0dbfb1dc-9c9b-4fbe-b1a1-37b190aafe51","","--","Success","--","--"
"19","PAH-4/allinput.json","4bb0b9e5-fa14-4fb0-bac1-1bcae3cc23b8","","--","Success","--","--"
"20","PAH-4/allinput.json","88d14684-a7c2-4bfb-9ec0-2e5bc851b285","","--","Success","--","--"
"21","PAH-4/allinput.json","d8dab33d-d9aa-45d0-8e54-f50e90d27dd5","","--","Success","--","--"
"22","PAH-4/allinput.json","4b73962a-e05e-466d-b474-fa8e50ec1626","","--","Success","--","--"
"23","PAH-4/allinput.json","0f298658-69d4-402a-a0d1-47973a683451","","--","Success","--","--"
"24","PAH-4/allinput.json","a445bf0d-e08f-4300-b282-53c974544d50","","--","Success","--","--"
"25","PAH-4/allinput.json","15418e53-7ae7-4fc4-8f8d-246d5db75696","","--","Success","--","--"
"26","PAH-4/allinput.json","c5437297-1b67-4097-ba03-479a5330c664","","--","Success","--","--"
"27","PAH-4/allinput.json","06092610-48ec-429d-b3f5-4e9cdd9d3209","","--","Success","--","--"
"28","PAH-4/allinput.json","a532eae1-862f-4d90-b69e-5e590a9f7512","","--","Success","--","--"
"29","PAH-4/allinput.json","674e662c-0350-403f-afef-a3cb5a47ced4","","--","Success","--","--"
"30","PAH-4/allinput.json","9cca2153-6d64-4ab3-923e-39673d123cd3","","--","Success","--","--"
"31","PAH-4/allinput.json","ef426544-d234-401a-81e4-5e2f6a9ded0a","","--","Success","--","--"
"32","PAH-4/allinput.json","f7c77032-c599-46f3-9086-0bb73eb5c0c1","","--","Success","--","--"
"33","PAH-4/allinput.json","415850ec-8284-4760-a5cc-4383c207b56f","","--","Success","--","--"
"34","PAH-4/allinput.json","ad7649c8-a5c0-4598-8404-91fbd76346b9","","--","Success","--","--"
"35","PAH-4/allinput.json","1afec1b2-0d05-412d-b7b8-5253350ff838","","--","Success","--","--"
"36","PAH-4/allinput.json","254ed141-a219-404a-8c94-1fd2aceb8103","","--","Success","--","--"
"37","PAH-4/allinput.json","f5d8dc3f-dba0-4dc9-98cd-4a22b6a11a83","","--","Success","--","--"
"38","PAH-4/allinput.json","1cd06d79-1c2c-4338-936e-15faf0063222","","--","Success","--","--"
"39","PAH-4/allinput.json","e8f41b26-818c-4003-b73f-0be5c4dcd234","","--","Success","--","--"
"40","PAH-4/allinput.json","66eeb668-a8a7-49cb-a6cd-26afcc800972","","--","Success","--","--"
"41","PAH-4/allinput.json","7b1098c0-cd76-4492-9b41-16cbd8f9ddc3","","--","Success","--","--"
"42","PAH-4/allinput.json","52c5efc0-4153-4bd6-a94a-132ad01f1d73","","--","Success","--","--"
"43","PAH-4/allinput.json","08c0af15-2212-42d9-841c-0a5e84d6838d","","--","Success","--","--"
"44","PAH-4/allinput.json","6f390ad4-1675-4f3f-9b2d-eb81f608dc3b","","--","Success","--","--"
"45","PAH-4/allinput.json","89f04437-ed5d-4735-8c4a-a9b1d91d10ea","","--","Success","--","--"
"46","PAH-4/allinput.json","4112e5b8-c121-471a-a34f-9da03e769a2b","","--","Success","--","--"
"47","PAH-4/allinput.json","168d68ba-4789-4c16-80f7-b3bd0197b5a8","","--","Success","--","--"
"48","PAH-4/allinput.json","ce8fbaf1-f9e2-43cc-ac9c-6b77a1fd68a0","","--","Success","--","--"
"49","PAH-4/allinput.json","2470a255-3083-4956-9ff7-176203d54920","","--","Success","--","--"
"50","PAH-4/allinput.json","0129bef0-6e1d-4f6b-8e4e-2c05721902af","","--","Success","--","--"
"51","PAH-4/allinput.json","38a183ee-7e53-4c24-a250-50958f390c78","","--","Success","--","--"
"52","PAH-4/allinput.json","95c70134-5e17-4767-a5b4-84155f4374bd","","--","Success","--","--"
"53","PAH-4/allinput.json","4917956e-57f9-44fe-959a-f93a579f02f2","","--","Success","--","--"
"54","PAH-4/allinput.json","9e4b6d0e-936a-4cbe-a237-e66213b685d4","","--","Success","--","--"
"55","PAH-4/allinput.json","86e24192-6435-4be3-a366-79ac5a804969","","--","Success","--","--"
"56","PAH-4/allinput.json","2e857d40-9a55-4adc-a5f1-92f85b42ab6a","","--","Success","--","--"
"57","PAH-4/allinput.json","75b9eddc-e554-4f4c-91a7-976ac6c27ba2","","--","Success","--","--"
"58","PAH-4/allinput.json","c75a3cc6-1a5e-4837-b431-6e2b2a14c0b1","","--","Success","--","--"
"59","PAH-4/allinput.json","31e57f08-7be8-46c7-902d-8429b753f57c","","--","Success","--","--"
"60","PAH-4/allinput.json","1530f57a-9096-4f98-a934-15ce8f576c73","","--","Success","--","--"
"61","PAH-4/allinput.json","8845817f-fc6b-4d7f-93b6-a072aeee8cba","","--","Success","--","--"
"62","PAH-4/allinput.json","349736d7-05a8-4ec0-9b30-04fa24dd5529","","--","Success","--","--"
"63","PAH-4/allinput.json","6807a54c-cde9-445c-b30f-9d4a3fbbdc85","","--","Success","--","--"
"64","PAH-4/allinput.json","faad1844-5076-4b6f-b671-eeb06035449a","","--","Success","--","--"
"65","PAH-4/allinput.json","f8b8c165-463e-4138-88c6-316879bdcf67","","--","Success","--","--"
"66","PAH-4/allinput.json","f73ce257-c08b-40ce-845f-012c6403252c","","--","Success","--","--"
"67","PAH-4/allinput.json","9cbb36d6-2daf-4507-b947-3a692ec4d9e7","","--","Success","--","--"
"68","PAH-4/allinput.json","9025e366-1413-4d27-b5fa-3879c6f42ce5","","--","Success","--","--"
"69","PAH-4/allinput.json","80bf0e7a-2798-48ae-a5a6-cd2f2dea5e41","","--","Success","--","--"
"70","PAH-4/allinput.json","db2881e3-3790-4e61-95e9-4ee16b4291d4","","--","Success","--","--"
"71","PAH-4/allinput.json","f5c357c3-eebd-4738-b8e9-b9c74e4aa9f4","","--","Success","--","--"
"72","PAH-4/allinput.json","33e1f5d5-20ab-45d2-8dcd-4eba431a8642","","--","Success","--","--"
"73","PAH-4/allinput.json","434f1539-4967-4ff7-abc2-e2ff3ca9ecbe","","--","Success","--","--"
"74","PAH-4/allinput.json","86ce59a8-cc5a-46f9-9b96-2254638db653","","--","Success","--","--"
"75","PAH-4/allinput.json","ab854b7c-19a6-4553-ac95-af437437cddf","","--","Success","--","--"
"76","PAH-4/allinput.json","dd8fcc3c-dde1-42d4-a0f2-31bbafa786a5","","--","Success","--","--"
"77","PAH-4/allinput.json","a0f4f502-3d14-496e-92b6-b2160d5d9013","","--","Success","--","--"
"78","PAH-4/allinput.json","65776af0-77ed-41ec-9999-612a44a636b2","","--","Success","--","--"
"79","PAH-4/allinput.json","4cc2d322-d860-4209-b3df-63e58bac3b07","","--","Success","--","--"
"80","PAH-4/allinput.json","4d4f7818-81d9-4893-8bdd-a751be9a75e9","","--","Success","--","--"
"81","PAH-4/allinput.json","633ef5e6-95c8-4ff5-88b2-6cf22b99158b","","--","Success","--","--"
"82","PAH-4/allinput.json","0b0aa28d-6844-4b34-a270-410f26ce9504","","--","Success","--","--"
"83","PAH-4/allinput.json","6daf45cd-bc30-4517-8391-4c64f38bea84","","--","Success","--","--"
"84","PAH-4/allinput.json","ea84cf1d-348b-4e04-a809-550ce2b8d111","","--","Success","--","--"
"85","PAH-4/allinput.json","aa4ba2e7-5604-4e53-ad0b-f24f7ed4339c","","--","Success","--","--"
"86","PAH-4/allinput.json","a79e0701-cceb-4823-a816-a3acbb89f1b7","","--","Success","--","--"
"87","PAH-4/allinput.json","08d51386-af9e-4de1-8e7b-0dc6c2252c91","","--","Success","--","--"
"88","PAH-4/allinput.json","97e81c3d-c06f-476a-b576-a37317f3f512","","--","Success","--","--"
