"ClinVar-Submitter Run Report"
"","Date/Time: ","Thu Nov 29 21:41:10 EST 2018"
"","File(s): ","PTEN-5/allinput.json"
"","JSON-LD Context (-x): ","http://dataexchange.clinicalgenome.org/interpretation/json/sepio_context"
"","Output File (-o): ","PTEN-5/clinvar-variant.csv"
"","Force overwrite (-f): ","true"
"","Run Report File (-r): ","PTEN-5/clinvar-submitter-run-report.csv"

"","NOTE: The variant coordinates are based on the preferred genomic representation from the ClinGen Allele Registry."

"Record #","File Name","Interp Id","Variant (alt desig)","Output Cell","Status","Code","Description"
"1","PTEN-5/allinput.json","e71dcbfe-0aed-4400-9ea2-5ec0ef78a666","","--","Success","--","--"
"2","PTEN-5/allinput.json","3905138e-990e-4b30-b0aa-96ad556248ac","","--","Success","--","--"
"3","PTEN-5/allinput.json","30a41c35-daf4-47cc-b83c-ccf0c557f631","","--","Success","--","--"
"4","PTEN-5/allinput.json","3026a8af-72dd-459e-be90-922c578fc8f6","","--","Success","--","--"
"5","PTEN-5/allinput.json","4f6345e3-25b1-48cd-9697-1a5624715071","","--","Success","--","--"
"6","PTEN-5/allinput.json","9c15b246-ef9f-4f55-a246-126b49710717","","--","Success","--","--"
"7","PTEN-5/allinput.json","0b5afc39-258a-4c7d-8a60-f765e5c2eaf2","","--","Success","--","--"
"8","PTEN-5/allinput.json","c8a8caba-2251-491c-8758-14da15b51065","","--","Success","--","--"
"9","PTEN-5/allinput.json","d1c7275d-fc3f-4feb-b749-4a6562cbc2d9","","--","Success","--","--"
"10","PTEN-5/allinput.json","276b536d-e9cf-488e-a7bf-d2d8d0b119b6","","--","Success","--","--"
"11","PTEN-5/allinput.json","844aa93c-ba66-4b09-825a-8e5e0fb0a775","","--","Success","--","--"
"12","PTEN-5/allinput.json","e5e35031-cdfe-44ec-ad5e-0f3892c0a7b1","","--","Success","--","--"
"13","PTEN-5/allinput.json","ebef4811-dc36-4625-bd07-ea516d1cad7e","","--","Success","--","--"
"14","PTEN-5/allinput.json","0340272b-ab4c-4672-94b8-40e0525d8eda","","--","Success","--","--"
"15","PTEN-5/allinput.json","d7cc25c0-43b3-408c-8e19-6aab8d40a4f1","","--","Success","--","--"
"16","PTEN-5/allinput.json","11de4e4a-dc77-4323-92c5-151d4868419d","","--","Success","--","--"
"17","PTEN-5/allinput.json","835a14e6-4a41-47df-a1ff-271c872adf39","","--","Success","--","--"
"18","PTEN-5/allinput.json","4fa0530f-2999-441d-b303-9451e343e97b","","--","Success","--","--"
"19","PTEN-5/allinput.json","044a4a6a-4939-4e73-8b9d-ff941b58e27d","","--","Success","--","--"
"20","PTEN-5/allinput.json","742e08c9-7bda-4006-95f1-22f34ec0d9e1","","--","Success","--","--"
"21","PTEN-5/allinput.json","b49fa554-1a60-419c-8931-6cdc5564285c","","--","Success","--","--"
"22","PTEN-5/allinput.json","a81bf7b8-305b-4704-bf65-95e6aa54b5ba","","--","Success","--","--"
"23","PTEN-5/allinput.json","9b8faad8-e78a-4d2f-8805-210367466752","","--","Success","--","--"
"24","PTEN-5/allinput.json","47291ab6-b17d-4e14-9acd-faae6fe9ec1e","","--","Success","--","--"
"25","PTEN-5/allinput.json","bfdfbf81-6f26-43f8-aa4b-bbb17ebaf54a","","--","Success","--","--"
"26","PTEN-5/allinput.json","e41ad782-4c9c-4ae6-ba02-ec2e11c967fc","","--","Success","--","--"
"27","PTEN-5/allinput.json","e0072965-9b20-4fa8-bfab-2ec93223849b","","--","Success","--","--"
"28","PTEN-5/allinput.json","b70739f7-4e4b-4678-8c1b-43aa0547db91","","--","Success","--","--"
"29","PTEN-5/allinput.json","271c91d3-d627-42bf-86bc-ba9a7f7f2189","","--","Success","--","--"
"30","PTEN-5/allinput.json","b7b13ffa-c41f-4c0e-9db4-dd26cede580d","","--","Success","--","--"
"31","PTEN-5/allinput.json","58b7be5a-c98e-4344-9f4f-cff2dd70911d","","--","Success","--","--"
"32","PTEN-5/allinput.json","2b40684d-92f4-40ce-8062-ffd5a0278fbd","","--","Success","--","--"
"33","PTEN-5/allinput.json","4ed5aa0a-d183-4c08-b6f6-23ffb9904a78","","--","Success","--","--"
"34","PTEN-5/allinput.json","4284ff17-816f-4321-a0b3-e3baeb0afc95","","--","Success","--","--"
"35","PTEN-5/allinput.json","8c50af60-fe53-4c9b-b60a-3735d21c8645","","--","Success","--","--"
"36","PTEN-5/allinput.json","9b41938e-76e1-469c-a782-0fabdaceb60c","","--","Success","--","--"
"37","PTEN-5/allinput.json","e5c0aa16-de66-441e-9ef7-cda008c2cef7","","--","Success","--","--"
"38","PTEN-5/allinput.json","67ade3e6-3038-4022-903b-9caf929577ba","","--","Success","--","--"
"39","PTEN-5/allinput.json","8c8c1292-baf8-4fcd-abbf-e22a7793a5dd","","--","Success","--","--"
"40","PTEN-5/allinput.json","049d3e03-b5ad-4a47-92e9-ee077179049a","","--","Success","--","--"
"41","PTEN-5/allinput.json","2f607d68-ce7c-4110-9640-98a0992a2d02","","--","Success","--","--"
"42","PTEN-5/allinput.json","d8470abc-cd84-4dd7-aa9d-def2c9c878aa","","--","Success","--","--"
"43","PTEN-5/allinput.json","747804f8-133a-4807-9f7e-4c8798e82ee5","","--","Success","--","--"
"44","PTEN-5/allinput.json","f890d81d-90ed-4411-a0fd-a89669dd616a","","--","Success","--","--"
"45","PTEN-5/allinput.json","742d7bc7-fc1a-47ac-b7fb-3be400cfe09f","","--","Success","--","--"
"46","PTEN-5/allinput.json","eb4d52da-5b73-477e-9890-d8c613ea7ae5","","--","Success","--","--"
"47","PTEN-5/allinput.json","53c09c9e-b77c-4949-8aef-58bcb3346e87","","--","Success","--","--"
"48","PTEN-5/allinput.json","ba4a2bab-161e-445b-a38c-7ef4639e08a9","","--","Success","--","--"
"49","PTEN-5/allinput.json","5ae8d67a-b184-476c-878e-aef6ec246a56","","--","Success","--","--"
"50","PTEN-5/allinput.json","2353f24f-8466-46ea-838d-a36a749f6a49","","--","Success","--","--"
"51","PTEN-5/allinput.json","400140b3-b081-46b3-8b10-03492bb903d0","","--","Success","--","--"
"52","PTEN-5/allinput.json","8f2c1cdc-0442-4dc1-ace0-ee811465348e","","--","Success","--","--"
"53","PTEN-5/allinput.json","9a0535ed-2b90-4309-917f-cbcce2549f2a","","--","Success","--","--"
"54","PTEN-5/allinput.json","1c091a56-7fdb-41a4-9573-e48254ef08b7","","--","Success","--","--"
"55","PTEN-5/allinput.json","e8d81f24-56b8-4bfb-82c1-e3c4bb305db9","","--","Success","--","--"
