[
 {
   "VariationID": 7829,
   "ClinicalSignificance": "Pathogenic",
   "DateLastEvaluated": "18-Oct-17",
   "Description": "PTEN c.389G>A (p.R130Q) meets criteria to be classified as pathogenic for PTEN Hamartoma Tumor syndrome in an autosomal dominant manner using modified ACMG criteria (Mester et al. 2018; manuscript in preparation). Please see a summary of the rules and criteria codes in the 'PTEN ACMG Specifications Summary' document (assertion method column). PM6_VS: At least four assumed de novo observations in a patient with the disease and no family history. (PMID 22595938, PMID 22327138, internal laboratory contributor(s) SCV000222111.11) PS3: Phosphatase activity <50% of wild type (PMID 10866302) PS4: Probands with phenotype specificity score of 4-15.5 (PMID 26798346, PMID 17526801, PMID 23335809, PMID 22266152) PM1: Located at a residue within a catalytic motif as defined by the ClinGen PTEN Expert Panel. PM2: Absent in large sequenced populations (PMID 27535533). PP2: PTEN is defined by the PTEN Expert Panel as a gene that has a low rate of benign missense variation and where missense variants are a common mechanism of disease.",
   "SubmittedPhenotypeInfo": "Orphanet:ORPHA306498",
   "ReportedPhenotypeInfo": "C1959582:PTEN hamartoma tumor syndrome",
   "ReviewStatus": "reviewed by expert panel",
   "CollectionMethod": "curation",
   "OriginCounts": "germline:na",
   "Submitter": "PTEN",
   "SCV": "SCV000840465.1",
   "SubmittedGeneSymbol": "PTEN",
   "ExplanationOfInterpretation": "-"
 },
 {
   "VariationID": 7844,
   "ClinicalSignificance": "Uncertain significance",
   "DateLastEvaluated": "6-Apr-18",
   "Description": "PTEN c.-764G>A (NC_000010.10:g.89623462G>A) is currently classified as a variant of uncertain significance for PTEN Hamartoma Tumor syndrome in an autosomal dominant manner using modified ACMG criteria (Mester et al. 2018; manuscript in preparation). Please see a summary of the rules and criteria codes in the 'PTEN ACMG Specifications Summary' document (assertion method column). PM2: Present at extremely low (<0.00001, 0.001%) allele frequency in the gnomAD cohort. (PMID 27535533).",
   "SubmittedPhenotypeInfo": "Orphanet:ORPHA306498",
   "ReportedPhenotypeInfo": "C1959582:PTEN hamartoma tumor syndrome",
   "ReviewStatus": "reviewed by expert panel",
   "CollectionMethod": "curation",
   "OriginCounts": "germline:na",
   "Submitter": "PTEN",
   "SCV": "SCV000840498.1",
   "SubmittedGeneSymbol": "PTEN",
   "ExplanationOfInterpretation": "-"
 },
 {
   "VariationID": 41682,
   "ClinicalSignificance": "Likely benign",
   "DateLastEvaluated": "6-Apr-18",
   "Description": "PTEN c.235G>A (p.A79T) meets criteria to be classified as likely benign for PTEN Hamartoma Tumor syndrome in an autosomal dominant manner using modified ACMG criteria (Mester et al. 2018; manuscript in preparation). Please see a summary of the rules and criteria codes in the 'PTEN ACMG Specifications Summary' document (assertion method column). BS1: Allele frequency of 0.0045 (0.45%, 9/1984 alleles) in the GME variome. (PMID 27428751) BS2_P: Meets criteria for BS2 (observed in the homozygous state in at least one healthy or PHTS-unaffected individual) but BS1 is also applied. (Internal laboratory contributor(s) SCV000222198.12) PP2: PTEN is defined by the PTEN Expert Panel as a gene that has a low rate of benign missense variation and where missense variants are a common mechanism of disease.",
   "SubmittedPhenotypeInfo": "Orphanet:ORPHA306498",
   "ReportedPhenotypeInfo": "C1959582:PTEN hamartoma tumor syndrome",
   "ReviewStatus": "reviewed by expert panel",
   "CollectionMethod": "curation",
   "OriginCounts": "germline:na",
   "Submitter": "PTEN",
   "SCV": "SCV000840467.1",
   "SubmittedGeneSymbol": "PTEN",
   "ExplanationOfInterpretation": "-"
 },
 {
   "VariationID": 92808,
   "ClinicalSignificance": "Benign",
   "DateLastEvaluated": "9-Nov-16",
   "Description": "PTEN c.-9C>G (NC_000010.10:g.89624218C>G) meets criteria to be classified as benign for PTEN Hamartoma Tumor syndrome in an autosomal dominant manner using modified ACMG criteria (Mester et al. 2018; manuscript in preparation). Please see a summary of the rules and criteria codes in the 'PTEN ACMG Specifications Summary' document (assertion method column). BA1: Allele frequency of 0.048 (4.8%, 903/18,870 alleles) in the East Asian subpopulation of the gnomAD cohort. (PMID 27535533)",
   "SubmittedPhenotypeInfo": "Orphanet:ORPHA306498",
   "ReportedPhenotypeInfo": "C1959582:PTEN hamartoma tumor syndrome",
   "ReviewStatus": "reviewed by expert panel",
   "CollectionMethod": "curation",
   "OriginCounts": "germline:na",
   "Submitter": "PTEN",
   "SCV": "SCV000840463.1",
   "SubmittedGeneSymbol": "PTEN",
   "ExplanationOfInterpretation": "-"
 },
 {
   "VariationID": 92810,
   "ClinicalSignificance": "Benign",
   "DateLastEvaluated": "14-Sep-16",
   "Description": "PTEN c.1026+32T>G (IVS8+32T>G) meets criteria to be classified as benign for PTEN Hamartoma Tumor syndrome in an autosomal dominant manner using modified ACMG criteria (Mester et al. 2018; manuscript in preparation). Please see a summary of the rules and criteria codes in the 'PTEN ACMG Specifications Summary' document (assertion method column). BA1: Allele frequency of 0.374 (37.4%, 102,771/274,696 alleles) in the gnomAD cohort. (PMID 27535533)",
   "SubmittedPhenotypeInfo": "Orphanet:ORPHA306498",
   "ReportedPhenotypeInfo": "C1959582:PTEN hamartoma tumor syndrome",
   "ReviewStatus": "reviewed by expert panel",
   "CollectionMethod": "curation",
   "OriginCounts": "germline:na",
   "Submitter": "PTEN",
   "SCV": "SCV000840460.1",
   "SubmittedGeneSymbol": "PTEN",
   "ExplanationOfInterpretation": "-"
 },
 {
   "VariationID": 92813,
   "ClinicalSignificance": "Likely benign",
   "DateLastEvaluated": "9-Nov-16",
   "Description": "PTEN c.132C>T (p.G44=) meets criteria to be classified as likely benign for PTEN Hamartoma Tumor syndrome in an autosomal dominant manner using modified ACMG criteria (Mester et al. 2018; manuscript in preparation). Please see a summary of the rules and criteria codes in the 'PTEN ACMG Specifications Summary' document (assertion method column). BS1: Allele frequency of 0.167 (1.67%, 463/276,792 alleles) in the gnomAD cohort. (PMID 27535533) BS2_P: Meets criteria for BS2 (observed in the homozygous state in at least one healthy or PHTS-unaffected individual) but BS1 is also applied. (Internal laboratory contributor(s) SCV000212700.3) BP5: Variant found in multiple cases with alternate molecular basis for disease. (Internal laboratory contributor(s) SCV000212700.3) BP7: Variant is synonymous (silent), nucleotide is not conserved, and no splicing impact is predicted.",
   "SubmittedPhenotypeInfo": "Orphanet:ORPHA306498",
   "ReportedPhenotypeInfo": "C1959582:PTEN hamartoma tumor syndrome",
   "ReviewStatus": "reviewed by expert panel",
   "CollectionMethod": "curation",
   "OriginCounts": "germline:na",
   "Submitter": "PTEN",
   "SCV": "SCV000840470.1",
   "SubmittedGeneSymbol": "PTEN",
   "ExplanationOfInterpretation": "-"
 },
 {
   "VariationID": 92816,
   "ClinicalSignificance": "Pathogenic",
   "DateLastEvaluated": "18-Dec-17",
   "Description": "PTEN c.209+4_209+7delAGTA (IVS3+4_IVS3+7delAGTA) meets criteria to be classified as pathogenic for PTEN Hamartoma Tumor syndrome in an autosomal dominant manner using modified ACMG criteria (Mester et al. 2018; manuscript in preparation). Please see a summary of the rules and criteria codes in the 'PTEN ACMG Specifications Summary' document (assertion method column). PS3: RNA, mini-gene, or other assay shows impact on splicing. (PMID 28677221) PM6_S: Two probands with presumed de novo occurrence (maternity/paternity not confirmed) in a patient with the disease and no family history. (Internal laboratory contributor(s)) PM2: Absent in large sequenced populations (PMID 27535533). PP1_M: Co-segregation with disease in multiple affected family members, with 5 or 6 meioses observed. (Internal laboratory contributor(s)) PS4_P: Proband(s) with phenotype specificity score of 1-1.5. (PMID 28677221, internal laboratory contributor(s) SCV000273868.4)",
   "SubmittedPhenotypeInfo": "Orphanet:ORPHA306498",
   "ReportedPhenotypeInfo": "C1959582:PTEN hamartoma tumor syndrome",
   "ReviewStatus": "reviewed by expert panel",
   "CollectionMethod": "curation",
   "OriginCounts": "germline:na",
   "Submitter": "PTEN",
   "SCV": "SCV000840483.1",
   "SubmittedGeneSymbol": "PTEN",
   "ExplanationOfInterpretation": "-"
 },
 {
   "VariationID": 92818,
   "ClinicalSignificance": "Likely benign",
   "DateLastEvaluated": "14-Dec-16",
   "Description": "PTEN c.254-39G>T (IVS4-39G>T) meets criteria to be classified as likely benign for PTEN Hamartoma Tumor syndrome in an autosomal dominant manner using modified ACMG criteria (Mester et al. 2018; manuscript in preparation). Please see a summary of the rules and criteria codes in the 'PTEN ACMG Specifications Summary' document (assertion method column). BS1: Allele frequency of 0.0064 (0.64%, 112/17,490 alleles) in the South Asian subpopulation of the gnomAD cohort. (PMID 27535533) BP4: Intronic variant where at least 2 out of 3 in silico models predict no splicing impact. BP7: Variant is intronic and at or beyond +7/-21, nucleotide is not conserved, and no splicing impact is predicted.",
   "SubmittedPhenotypeInfo": "Orphanet:ORPHA306498",
   "ReportedPhenotypeInfo": "C1959582:PTEN hamartoma tumor syndrome",
   "ReviewStatus": "reviewed by expert panel",
   "CollectionMethod": "curation",
   "OriginCounts": "germline:na",
   "Submitter": "PTEN",
   "SCV": "SCV000840477.1",
   "SubmittedGeneSymbol": "PTEN",
   "ExplanationOfInterpretation": "-"
 },
 {
   "VariationID": 92827,
   "ClinicalSignificance": "Benign",
   "DateLastEvaluated": "14-Sep-16",
   "Description": "PTEN c.79+35C>T (IVS1+35C>T) meets criteria to be classified as benign for PTEN Hamartoma Tumor syndrome in an autosomal dominant manner using modified ACMG criteria (Mester et al. 2018; manuscript in preparation). Please see a summary of the rules and criteria codes in the 'PTEN ACMG Specifications Summary' document (assertion method column). BS1: Allele frequency of 0.00178 (1.78%, 492/277,200 alleles) in the gnomAD cohort. (PMID 27535533) BS3: Intronic variant with RNA, mini-gene, or other splicing assay demonstrating no splicing impact. (PMID 17636424)",
   "SubmittedPhenotypeInfo": "Orphanet:ORPHA306498",
   "ReportedPhenotypeInfo": "C1959582:PTEN hamartoma tumor syndrome",
   "ReviewStatus": "reviewed by expert panel",
   "CollectionMethod": "curation",
   "OriginCounts": "germline:na",
   "Submitter": "PTEN",
   "SCV": "SCV000840499.1",
   "SubmittedGeneSymbol": "PTEN",
   "ExplanationOfInterpretation": "-"
 },
 {
   "VariationID": 92829,
   "ClinicalSignificance": "Likely benign",
   "DateLastEvaluated": "26-Sep-18",
   "Description": "PTEN c.801+23G>A (IVS7+23G>A) meets criteria to be classified as likely benign for PTEN Hamartoma Tumor syndrome in an autosomal dominant manner using modified ACMG criteria (Mester et al. 2018; manuscript in preparation). Please see a summary of the rules and criteria codes in the 'PTEN ACMG Specifications Summary' document (assertion method column). BS1: Allele frequency of 0.0024 (0.24%, 58/24,016 alleles) in the African subpopulation of the gnomAD cohort. (PMID 27535533) BP4: Intronic variant where at least 2 out of 3 in silico models predict no splicing impact.",
   "SubmittedPhenotypeInfo": "Orphanet:ORPHA306498",
   "ReportedPhenotypeInfo": "C1959582:PTEN hamartoma tumor syndrome",
   "ReviewStatus": "reviewed by expert panel",
   "CollectionMethod": "curation",
   "OriginCounts": "germline:na",
   "Submitter": "PTEN",
   "SCV": "SCV000840490.1",
   "SubmittedGeneSymbol": "PTEN",
   "ExplanationOfInterpretation": "-"
 },
 {
   "VariationID": 127662,
   "ClinicalSignificance": "Uncertain significance",
   "DateLastEvaluated": "8-Nov-17",
   "Description": "PTEN c.-1170C>T (NC_000010.10: g.89623056C>T) is currently classified as a variant of uncertain significance for PTEN Hamartoma Tumor syndrome in an autosomal dominant manner using modified ACMG criteria (Mester et al. 2018; manuscript in preparation). Please see a summary of the rules and criteria codes in the 'PTEN ACMG Specifications Summary' document (assertion method column). BP5: Variant found in multiple cases with alternate molecular basis for disease. (Internal laboratory contributor(s) SCV000149466.6, SCV000184146.1)",
   "SubmittedPhenotypeInfo": "Orphanet:ORPHA306498",
   "ReportedPhenotypeInfo": "C1959582:PTEN hamartoma tumor syndrome",
   "ReviewStatus": "reviewed by expert panel",
   "CollectionMethod": "curation",
   "OriginCounts": "germline:na",
   "Submitter": "PTEN",
   "SCV": "SCV000840482.1",
   "SubmittedGeneSymbol": "PTEN",
   "ExplanationOfInterpretation": "-"
 },
 {
   "VariationID": 127667,
   "ClinicalSignificance": "Benign",
   "DateLastEvaluated": "2-Jun-17",
   "Description": "PTEN c.-1311T>C (NC_000010.10:g.89622915T>C) meets criteria to be classified as benign for PTEN Hamartoma Tumor syndrome in an autosomal dominant manner using modified ACMG criteria (Mester et al. 2018; manuscript in preparation). Please see a summary of the rules and criteria codes in the 'PTEN ACMG Specifications Summary' document (assertion method column). BA1: Allele frequency of 0.0142 (1.42%, 23/1618 alleles) in the African subpopulation of the gnomAD cohort. (PMID 27535533)",
   "SubmittedPhenotypeInfo": "Orphanet:ORPHA306498",
   "ReportedPhenotypeInfo": "C1959582:PTEN hamartoma tumor syndrome",
   "ReviewStatus": "reviewed by expert panel",
   "CollectionMethod": "curation",
   "OriginCounts": "germline:na",
   "Submitter": "PTEN",
   "SCV": "SCV000840491.1",
   "SubmittedGeneSymbol": "PTEN",
   "ExplanationOfInterpretation": "-"
 },
 {
   "VariationID": 127687,
   "ClinicalSignificance": "Uncertain significance",
   "DateLastEvaluated": "8-Nov-17",
   "Description": "PTEN c.1052_1054delTAG (p.V351del) is currently classified as a variant of uncertain significance for PTEN Hamartoma Tumor syndrome in an autosomal dominant manner using modified ACMG criteria (Mester et al. 2018; manuscript in preparation). Please see a summary of the rules and criteria codes in the 'PTEN ACMG Specifications Summary' document (assertion method column). PM2: Absent in large sequenced populations (PMID 27535533).",
   "SubmittedPhenotypeInfo": "Orphanet:ORPHA306498",
   "ReportedPhenotypeInfo": "C1959582:PTEN hamartoma tumor syndrome",
   "ReviewStatus": "reviewed by expert panel",
   "CollectionMethod": "curation",
   "OriginCounts": "germline:na",
   "Submitter": "PTEN",
   "SCV": "SCV000840493.1",
   "SubmittedGeneSymbol": "PTEN",
   "ExplanationOfInterpretation": "-"
 },
 {
   "VariationID": 138835,
   "ClinicalSignificance": "Likely benign",
   "DateLastEvaluated": "14-Sep-16",
   "Description": "PTEN c.1104T>C (p.D368=) meets criteria to be classified as likely benign for PTEN Hamartoma Tumor syndrome in an autosomal dominant manner using modified ACMG criteria (Mester et al. 2018; manuscript in preparation). Please see a summary of the rules and criteria codes in the 'PTEN ACMG Specifications Summary' document (assertion method column). BS1: Allele frequency of 0.0057 (0.57%, 130/22,966 alleles) in the African subpopulation of the gnomAD cohort. (PMID 27535533) BP4: Synonymous variant where at least 2 out of 3 in silico models predict no splicing impact. BP7: Variant is synonymous (silent), nucleotide is not conserved, and no splicing impact is predicted.",
   "SubmittedPhenotypeInfo": "Orphanet:ORPHA306498",
   "ReportedPhenotypeInfo": "C1959582:PTEN hamartoma tumor syndrome",
   "ReviewStatus": "reviewed by expert panel",
   "CollectionMethod": "curation",
   "OriginCounts": "germline:na",
   "Submitter": "PTEN",
   "SCV": "SCV000840471.1",
   "SubmittedGeneSymbol": "PTEN",
   "ExplanationOfInterpretation": "-"
 },
 {
   "VariationID": 138836,
   "ClinicalSignificance": "Likely benign",
   "DateLastEvaluated": "9-Nov-16",
   "Description": "PTEN c.-1026C>A (NC_000010.10:g.89623200C>A) meets criteria to be classified as likely benign for PTEN Hamartoma Tumor syndrome in an autosomal dominant manner using modified ACMG criteria (Mester et al. 2018; manuscript in preparation). Please see a summary of the rules and criteria codes in the 'PTEN ACMG Specifications Summary' document (assertion method column). BS1: Allele frequency of 0.0056 (0.56%, 173/30,898 alleles) in the gnomAD cohort. (PMID 27535533) BS2_P: Meets criteria for BS2 (observed in the homozygous state in at least one healthy or PHTS-unaffected individual) but BS1 is also applied. (Internal laboratory contributor(s) SCV000171228.5) BP5: Variant found in multiple cases with alternate molecular basis for disease. (Internal laboratory contributor(s) SCV000171228.5)",
   "SubmittedPhenotypeInfo": "Orphanet:ORPHA306498",
   "ReportedPhenotypeInfo": "C1959582:PTEN hamartoma tumor syndrome",
   "ReviewStatus": "reviewed by expert panel",
   "CollectionMethod": "curation",
   "OriginCounts": "germline:na",
   "Submitter": "PTEN",
   "SCV": "SCV000840478.1",
   "SubmittedGeneSymbol": "PTEN",
   "ExplanationOfInterpretation": "-"
 },
 {
   "VariationID": 138837,
   "ClinicalSignificance": "Benign",
   "DateLastEvaluated": "14-Sep-16",
   "Description": "PTEN c.-903G>A (NC_000010.10:g.89623323G>A) meets criteria to be classified as benign for PTEN Hamartoma Tumor syndrome in an autosomal dominant manner using modified ACMG criteria (Mester et al. 2018; manuscript in preparation). Please see a summary of the rules and criteria codes in the 'PTEN ACMG Specifications Summary' document (assertion method column). BA1: Allele frequency of 0.011 (1.1%, 343/30,808 alleles) in the gnomAD cohort. (PMID 27535533)",
   "SubmittedPhenotypeInfo": "Orphanet:ORPHA306498",
   "ReportedPhenotypeInfo": "C1959582:PTEN hamartoma tumor syndrome",
   "ReviewStatus": "reviewed by expert panel",
   "CollectionMethod": "curation",
   "OriginCounts": "germline:na",
   "Submitter": "PTEN",
   "SCV": "SCV000840480.1",
   "SubmittedGeneSymbol": "PTEN",
   "ExplanationOfInterpretation": "-"
 },
 {
   "VariationID": 141485,
   "ClinicalSignificance": "Pathogenic",
   "DateLastEvaluated": "18-Oct-17",
   "Description": "PTEN c.493-2A>G (IVS5-2A>G) meets criteria to be classified as pathogenic for PTEN Hamartoma Tumor syndrome in an autosomal dominant manner using modified ACMG criteria (Mester et al. 2018; manuscript in preparation). Please see a summary of the rules and criteria codes in the 'PTEN ACMG Specifications Summary' document (assertion method column). PVS1: Null variant predicted to result in nonsense-mediated decay or causing truncation/frameshift at or 5' to c.1121 (NM_000314.4). PM6_S: Two probands with presumed de novo occurrence (maternity/paternity not confirmed) in a patient with the disease and no family history. (Internal laboratory contributor(s) SCV000222118.9) PM2: Absent in large sequenced populations.",
   "SubmittedPhenotypeInfo": "Orphanet:ORPHA306498",
   "ReportedPhenotypeInfo": "C1959582:PTEN hamartoma tumor syndrome",
   "ReviewStatus": "reviewed by expert panel",
   "CollectionMethod": "curation",
   "OriginCounts": "germline:na",
   "Submitter": "PTEN",
   "SCV": "SCV000840458.1",
   "SubmittedGeneSymbol": "PTEN",
   "ExplanationOfInterpretation": "-"
 },
 {
   "VariationID": 141654,
   "ClinicalSignificance": "Pathogenic",
   "DateLastEvaluated": "18-Oct-17",
   "Description": "PTEN c.50_51delAA (p.Q17RfsX26) meets criteria to be classified as pathogenic for PTEN Hamartoma Tumor syndrome in an autosomal dominant manner using modified ACMG criteria (Mester et al. 2018; manuscript in preparation). Please see a summary of the rules and criteria codes in the 'PTEN ACMG Specifications Summary' document (assertion method column). PVS1: Null variant predicted to result in nonsense-mediated decay or causing truncation/frameshift at or 5' to c.1121 (NM_000314.4). PM2: Present at extremely low (<0.00001, 0.001%) allele frequency in the gnomAD cohort. (PMID 27535533). PS4_P: Proband(s) with phenotype specificity score of 1-1.5. (PMID 20223021)",
   "SubmittedPhenotypeInfo": "Orphanet:ORPHA306498",
   "ReportedPhenotypeInfo": "C1959582:PTEN hamartoma tumor syndrome",
   "ReviewStatus": "reviewed by expert panel",
   "CollectionMethod": "curation",
   "OriginCounts": "germline:na",
   "Submitter": "PTEN",
   "SCV": "SCV000840481.1",
   "SubmittedGeneSymbol": "PTEN",
   "ExplanationOfInterpretation": "-"
 },
 {
   "VariationID": 142269,
   "ClinicalSignificance": "Pathogenic",
   "DateLastEvaluated": "18-Oct-17",
   "Description": "PTEN c.737C>T (p.P246L) meets criteria to be classified as pathogenic for PTEN Hamartoma Tumor syndrome in an autosomal dominant manner using modified ACMG criteria (Mester et al. 2018; manuscript in preparation). Please see a summary of the rules and criteria codes in the 'PTEN ACMG Specifications Summary' document (assertion method column). PS2_VS: At least two proven OR one proven plus two assumed de novo observations in a patient with the disease and no family history. (PMID 23934111, internal laboratory contributor(s) SCV000222227.10) PS4: Probands with phenotype specificity score of 4-15.5. (PMID 24375884, PMID 10076877, PMID 22261759, PMID 23934111, internal laboratory contributor(s) SCV000222227.10) PM2: Absent in large sequenced populations. (PMID 27535533). PP2: PTEN is defined by the PTEN Expert Panel as a gene that has a low rate of benign missense variation and where missense variants are a common mechanism of disease.",
   "SubmittedPhenotypeInfo": "Orphanet:ORPHA306498",
   "ReportedPhenotypeInfo": "C1959582:PTEN hamartoma tumor syndrome",
   "ReviewStatus": "reviewed by expert panel",
   "CollectionMethod": "curation",
   "OriginCounts": "germline:na",
   "Submitter": "PTEN",
   "SCV": "SCV000840469.1",
   "SubmittedGeneSymbol": "PTEN",
   "ExplanationOfInterpretation": "-"
 },
 {
   "VariationID": 142423,
   "ClinicalSignificance": "Pathogenic",
   "DateLastEvaluated": "18-Oct-17",
   "Description": "PTEN c.802-2A>T (IVS7-2A>T) meets criteria to be classified as pathogenic for PTEN Hamartoma Tumor syndrome in an autosomal dominant manner using modified ACMG criteria (Mester et al. 2018; manuscript in preparation). Please see a summary of the rules and criteria codes in the 'PTEN ACMG Specifications Summary' document (assertion method column). PVS1: Null variant predicted to result in nonsense-mediated decay or causing truncation/frameshift at or 5' to c.1121 (NM_000314.4). PM2: Absent in large sequenced populations (PMID 27535533). PS4_P: Proband(s) with phenotype specificity score of 1-1.5. (Internal laboratory contributor(s), SCV000222230.9)",
   "SubmittedPhenotypeInfo": "Orphanet:ORPHA306498",
   "ReportedPhenotypeInfo": "C1959582:PTEN hamartoma tumor syndrome",
   "ReviewStatus": "reviewed by expert panel",
   "CollectionMethod": "curation",
   "OriginCounts": "germline:na",
   "Submitter": "PTEN",
   "SCV": "SCV000840462.1",
   "SubmittedGeneSymbol": "PTEN",
   "ExplanationOfInterpretation": "-"
 },
 {
   "VariationID": 142681,
   "ClinicalSignificance": "Uncertain significance",
   "DateLastEvaluated": "8-Nov-17",
   "Description": "PTEN c.304_306dupAAA (p.K102_P103insK) is currently classified as a variant of uncertain significance for PTEN Hamartoma Tumor syndrome in an autosomal dominant manner using modified ACMG criteria (Mester et al. 2018; manuscript in preparation). Please see a summary of the rules and criteria codes in the 'PTEN ACMG Specifications Summary' document (assertion method column). PM2: Absent in large sequenced populations (PMID 27535533).",
   "SubmittedPhenotypeInfo": "Orphanet:ORPHA306498",
   "ReportedPhenotypeInfo": "C1959582:PTEN hamartoma tumor syndrome",
   "ReviewStatus": "reviewed by expert panel",
   "CollectionMethod": "curation",
   "OriginCounts": "germline:na",
   "Submitter": "PTEN",
   "SCV": "SCV000840472.1",
   "SubmittedGeneSymbol": "PTEN",
   "ExplanationOfInterpretation": "-"
 },
 {
   "VariationID": 183722,
   "ClinicalSignificance": "Pathogenic",
   "DateLastEvaluated": "18-Oct-17",
   "Description": "PTEN c.1026+1G>A (IVS8+1G>A) meets criteria to be classified as pathogenic for PTEN Hamartoma Tumor syndrome in an autosomal dominant manner using modified ACMG criteria (Mester et al. 2018; manuscript in preparation). Please see a summary of the rules and criteria codes in the 'PTEN ACMG Specifications Summary' document (assertion method column). PVS1: Null variant predicted to result in nonsense-mediated decay or causing truncation/frameshift at or 5' to c.1121 (NM_000314.4) (PMID 28677221). PM2: Absent in large sequenced populations (PMID 27535533). PS4_M: Probands with phenotype specificity score of 2-3.5. (PMID 28677221, internal laboratory contributor(s) SCV000212764.4)",
   "SubmittedPhenotypeInfo": "Orphanet:ORPHA306498",
   "ReportedPhenotypeInfo": "C1959582:PTEN hamartoma tumor syndrome",
   "ReviewStatus": "reviewed by expert panel",
   "CollectionMethod": "curation",
   "OriginCounts": "germline:na",
   "Submitter": "PTEN",
   "SCV": "SCV000840497.1",
   "SubmittedGeneSymbol": "PTEN",
   "ExplanationOfInterpretation": "-"
 },
 {
   "VariationID": 184104,
   "ClinicalSignificance": "Uncertain significance",
   "DateLastEvaluated": "18-Dec-17",
   "Description": "PTEN c.78C>T (p.T26=) is currently classified as a variant of uncertain significance for PTEN Hamartoma Tumor syndrome in an autosomal dominant manner using modified ACMG criteria (Mester et al. 2018; manuscript in preparation). Please see a summary of the rules and criteria codes in the 'PTEN ACMG Specifications Summary' document (assertion method column). PM2: Present at extremely low (<0.00001, 0.001%) allele frequency in the gnomAD cohort. (PMID 27535533). BP7: Variant is synonymous (silent), nucleotide is not conserved, and no splicing impact is predicted.",
   "SubmittedPhenotypeInfo": "Orphanet:ORPHA306498",
   "ReportedPhenotypeInfo": "C1959582:PTEN hamartoma tumor syndrome",
   "ReviewStatus": "reviewed by expert panel",
   "CollectionMethod": "curation",
   "OriginCounts": "germline:na",
   "Submitter": "PTEN",
   "SCV": "SCV000840494.1",
   "SubmittedGeneSymbol": "PTEN",
   "ExplanationOfInterpretation": "-"
 },
 {
   "VariationID": 184505,
   "ClinicalSignificance": "Uncertain significance",
   "DateLastEvaluated": "14-Dec-16",
   "Description": "PTEN c.75G>A (p.L25=) is currently classified as a variant of uncertain significance for PTEN Hamartoma Tumor syndrome in an autosomal dominant manner using modified ACMG criteria (Mester et al. 2018; manuscript in preparation). Please see a summary of the rules and criteria codes in the 'PTEN ACMG Specifications Summary' document (assertion method column). BP7: Variant is synonymous (silent), nucleotide is not conserved, and no splicing impact is predicted.",
   "SubmittedPhenotypeInfo": "Orphanet:ORPHA306498",
   "ReportedPhenotypeInfo": "C1959582:PTEN hamartoma tumor syndrome",
   "ReviewStatus": "reviewed by expert panel",
   "CollectionMethod": "curation",
   "OriginCounts": "germline:na",
   "Submitter": "PTEN",
   "SCV": "SCV000840466.1",
   "SubmittedGeneSymbol": "PTEN",
   "ExplanationOfInterpretation": "-"
 },
 {
   "VariationID": 185213,
   "ClinicalSignificance": "Likely pathogenic",
   "DateLastEvaluated": "18-Oct-17",
   "Description": "PTEN c.964A>T (p.K322X) meets criteria to be classified as likely pathogenic for PTEN Hamartoma Tumor syndrome in an autosomal dominant manner using modified ACMG criteria (Mester et al. 2018; manuscript in preparation). Please see a summary of the rules and criteria codes in the 'PTEN ACMG Specifications Summary' document (assertion method column). PVS1: Null variant predicted to result in nonsense-mediated decay or causing truncation/frameshift at or 5' to c.1121 (NM_000314.4). PM2: Absent in large sequenced populations (PMID 27535533).",
   "SubmittedPhenotypeInfo": "Orphanet:ORPHA306498",
   "ReportedPhenotypeInfo": "C1959582:PTEN hamartoma tumor syndrome",
   "ReviewStatus": "reviewed by expert panel",
   "CollectionMethod": "curation",
   "OriginCounts": "germline:na",
   "Submitter": "PTEN",
   "SCV": "SCV000840475.1",
   "SubmittedGeneSymbol": "PTEN",
   "ExplanationOfInterpretation": "-"
 },
 {
   "VariationID": 185989,
   "ClinicalSignificance": "Uncertain significance",
   "DateLastEvaluated": "8-Nov-17",
   "Description": "PTEN c.209+3A>T (IVS3+3A>T) is currently classified as a variant of uncertain significance for PTEN Hamartoma Tumor syndrome in an autosomal dominant manner using modified ACMG criteria (Mester et al. 2018; manuscript in preparation). Please see a summary of the rules and criteria codes in the 'PTEN ACMG Specifications Summary' document (assertion method column). PM2: Absent in large sequenced populations (PMID 27535533). PP3: At least 2 out of 3 in silico models predict a splicing impact.",
   "SubmittedPhenotypeInfo": "Orphanet:ORPHA306498",
   "ReportedPhenotypeInfo": "C1959582:PTEN hamartoma tumor syndrome",
   "ReviewStatus": "reviewed by expert panel",
   "CollectionMethod": "curation",
   "OriginCounts": "germline:na",
   "Submitter": "PTEN",
   "SCV": "SCV000840485.1",
   "SubmittedGeneSymbol": "PTEN",
   "ExplanationOfInterpretation": "-"
 },
 {
   "VariationID": 187590,
   "ClinicalSignificance": "Likely pathogenic",
   "DateLastEvaluated": "18-Oct-17",
   "Description": "PTEN c.165-1G>A (IVS2-1G>A) meets criteria to be classified as likely pathogenic for PTEN Hamartoma Tumor syndrome in an autosomal dominant manner using modified ACMG criteria (Mester et al. 2018; manuscript in preparation). Please see a summary of the rules and criteria codes in the 'PTEN ACMG Specifications Summary' document (assertion method column). PVS1: Null variant predicted to result in nonsense-mediated decay or causing truncation/frameshift at or 5' to c.1121 (NM_000314.4). PM2: Absent in large sequenced populations (PMID 27535533).",
   "SubmittedPhenotypeInfo": "Orphanet:ORPHA306498",
   "ReportedPhenotypeInfo": "C1959582:PTEN hamartoma tumor syndrome",
   "ReviewStatus": "reviewed by expert panel",
   "CollectionMethod": "curation",
   "OriginCounts": "germline:na",
   "Submitter": "PTEN",
   "SCV": "SCV000840484.1",
   "SubmittedGeneSymbol": "PTEN",
   "ExplanationOfInterpretation": "-"
 },
 {
   "VariationID": 187657,
   "ClinicalSignificance": "Pathogenic",
   "DateLastEvaluated": "18-Oct-17",
   "Description": "PTEN c.892C>T (p.Q298X) meets criteria to be classified as pathogenic for PTEN Hamartoma Tumor syndrome in an autosomal dominant manner using modified ACMG criteria (Mester et al. 2018; manuscript in preparation). Please see a summary of the rules and criteria codes in the 'PTEN ACMG Specifications Summary' document (assertion method column). PVS1: Null variant predicted to result in nonsense-mediated decay or causing truncation/frameshift at or 5' to c.1121 (NM_000314.4). PM2: Absent in large sequenced populations (PMID 27535533). PS4_P: Proband(s) with phenotype specificity score of 1-1.5. (PMID 23470840)",
   "SubmittedPhenotypeInfo": "Orphanet:ORPHA306498",
   "ReportedPhenotypeInfo": "C1959582:PTEN hamartoma tumor syndrome",
   "ReviewStatus": "reviewed by expert panel",
   "CollectionMethod": "curation",
   "OriginCounts": "germline:na",
   "Submitter": "PTEN",
   "SCV": "SCV000840489.1",
   "SubmittedGeneSymbol": "PTEN",
   "ExplanationOfInterpretation": "-"
 },
 {
   "VariationID": 187673,
   "ClinicalSignificance": "Uncertain significance",
   "DateLastEvaluated": "8-Nov-17",
   "Description": "PTEN c.1171C>T (p.P391S) is currently classified as a variant of uncertain significance for PTEN Hamartoma Tumor syndrome in an autosomal dominant manner using modified ACMG criteria (Mester et al. 2018; manuscript in preparation). Please see a summary of the rules and criteria codes in the 'PTEN ACMG Specifications Summary' document (assertion method column). PM2: Present at extremely low (<0.00001, 0.001%) allele frequency in the gnomAD cohort. (PMID 27535533). PP2: PTEN is defined by the PTEN Expert Panel as a gene that has a low rate of benign missense variation and where missense variants are a common mechanism of disease.",
   "SubmittedPhenotypeInfo": "Orphanet:ORPHA306498",
   "ReportedPhenotypeInfo": "C1959582:PTEN hamartoma tumor syndrome",
   "ReviewStatus": "reviewed by expert panel",
   "CollectionMethod": "curation",
   "OriginCounts": "germline:na",
   "Submitter": "PTEN",
   "SCV": "SCV000840495.1",
   "SubmittedGeneSymbol": "PTEN",
   "ExplanationOfInterpretation": "-"
 },
 {
   "VariationID": 189406,
   "ClinicalSignificance": "Pathogenic",
   "DateLastEvaluated": "18-Oct-17",
   "Description": "PTEN c.407G>A (p.C136Y) meets criteria to be classified as pathogenic for PTEN Hamartoma Tumor syndrome in an autosomal dominant manner using modified ACMG criteria (Mester et al. 2018; manuscript in preparation). Please see a summary of the rules and criteria codes in the 'PTEN ACMG Specifications Summary' document (assertion method column). PS2: De novo (both maternity and paternity confirmed) observation in a patient with the disease and no family history. (Internal laboratory contributor(s) SCV000222113.9) PS3: Phosphatase activity <50% of wild-type OR RNA, mini-gene, or other assay shows impact on splicing. (PMID 10866302) PM2: Absent in large sequenced populations (PMID 27535533). PP2: PTEN is defined by the PTEN Expert Panel as a gene that has a low rate of benign missense variation and where missense variants are a common mechanism of disease. PS4_P: Probands with specificity score of 1-1.5. (PMID 9735393, internal laboratory contributor(s) SCV000222113.9)",
   "SubmittedPhenotypeInfo": "Orphanet:ORPHA306498",
   "ReportedPhenotypeInfo": "C1959582:PTEN hamartoma tumor syndrome",
   "ReviewStatus": "reviewed by expert panel",
   "CollectionMethod": "curation",
   "OriginCounts": "germline:na",
   "Submitter": "PTEN",
   "SCV": "SCV000840468.1",
   "SubmittedGeneSymbol": "PTEN",
   "ExplanationOfInterpretation": "-"
 },
 {
   "VariationID": 189411,
   "ClinicalSignificance": "Pathogenic",
   "DateLastEvaluated": "18-Oct-17",
   "Description": "PTEN c.511C>T (p.Q171X) meets criteria to be classified as pathogenic for PTEN Hamartoma Tumor syndrome in an autosomal dominant manner using modified ACMG criteria (Mester et al. 2018; manuscript in preparation). Please see a summary of the rules and criteria codes in the 'PTEN ACMG Specifications Summary' document (assertion method column). PVS1: Null variant predicted to result in nonsense-mediated decay or causing truncation/frameshift at or 5' to c.1121 (NM_000314.4). PM2: Absent in large sequenced populations (PMID 27535533). PM6: Assumed de novo, but without confirmation of paternity and maternity in a patient with the disease and no family history. (PMID 22595938) PS4_M: Probands with phenotype specificity score of 2-3.5. (PMID 17043057, PMID 22595938)",
   "SubmittedPhenotypeInfo": "Orphanet:ORPHA306498",
   "ReportedPhenotypeInfo": "C1959582:PTEN hamartoma tumor syndrome",
   "ReviewStatus": "reviewed by expert panel",
   "CollectionMethod": "curation",
   "OriginCounts": "germline:na",
   "Submitter": "PTEN",
   "SCV": "SCV000840464.1",
   "SubmittedGeneSymbol": "PTEN",
   "ExplanationOfInterpretation": "-"
 },
 {
   "VariationID": 189425,
   "ClinicalSignificance": "Likely benign",
   "DateLastEvaluated": "14-Dec-16",
   "Description": "PTEN c.165-13_165-10delGTTT (IVS2-13_IVS2-10delGTTT) meets criteria to be classified as likely benign for PTEN Hamartoma Tumor syndrome in an autosomal dominant manner using modified ACMG criteria (Mester et al. 2018; manuscript in preparation). Please see a summary of the rules and criteria codes in the 'PTEN ACMG Specifications Summary' document (assertion method column). BS1: Allele frequency of 0.0049 (0.49%, 112/22,776 alleles) in the African subpopulation of the gnomAD cohort. (PMID 27535533) BP4: Intronic variant where at least 2 out of 3 in silico models predict no splicing impact.",
   "SubmittedPhenotypeInfo": "Orphanet:ORPHA306498",
   "ReportedPhenotypeInfo": "C1959582:PTEN hamartoma tumor syndrome",
   "ReviewStatus": "reviewed by expert panel",
   "CollectionMethod": "curation",
   "OriginCounts": "germline:na",
   "Submitter": "PTEN",
   "SCV": "SCV000840473.1",
   "SubmittedGeneSymbol": "PTEN",
   "ExplanationOfInterpretation": "-"
 },
 {
   "VariationID": 189426,
   "ClinicalSignificance": "Likely benign",
   "DateLastEvaluated": "14-Dec-16",
   "Description": "PTEN c.360A>C (p.A120=) meets criteria to be classified as likely benign for PTEN Hamartoma Tumor syndrome in an autosomal dominant manner using modified ACMG criteria (Mester et al. 2018; manuscript in preparation). Please see a summary of the rules and criteria codes in the 'PTEN ACMG Specifications Summary' document (assertion method column). BP4: Synonymous variant where at least 2 out of 3 in silico models predict no splicing impact. BP7: Variant is synonymous (silent), nucleotide is not conserved, and no splicing impact is predicted.",
   "SubmittedPhenotypeInfo": "Orphanet:ORPHA306498",
   "ReportedPhenotypeInfo": "C1959582:PTEN hamartoma tumor syndrome",
   "ReviewStatus": "reviewed by expert panel",
   "CollectionMethod": "curation",
   "OriginCounts": "germline:na",
   "Submitter": "PTEN",
   "SCV": "SCV000840492.1",
   "SubmittedGeneSymbol": "PTEN",
   "ExplanationOfInterpretation": "-"
 },
 {
   "VariationID": 189441,
   "ClinicalSignificance": "Pathogenic",
   "DateLastEvaluated": "18-Oct-17",
   "Description": "PTEN c.987_990delTAAA (p.N329KfsX14) meets criteria to be classified as pathogenic for PTEN Hamartoma Tumor syndrome in an autosomal dominant manner using modified ACMG criteria (Mester et al. 2018; manuscript in preparation). Please see a summary of the rules and criteria codes in the 'PTEN ACMG Specifications Summary' document (assertion method column). PVS1: Null variant predicted to result in nonsense-mediated decay or causing truncation/frameshift at or 5' to c.1121 (NM_000314.4). PM2: Absent in large sequenced populations (PMID 27535533). PS4_P: Proband(s) with phenotype specificity score of 1-1.5. (PMID 10232405)",
   "SubmittedPhenotypeInfo": "Orphanet:ORPHA306498",
   "ReportedPhenotypeInfo": "C1959582:PTEN hamartoma tumor syndrome",
   "ReviewStatus": "reviewed by expert panel",
   "CollectionMethod": "curation",
   "OriginCounts": "germline:na",
   "Submitter": "PTEN",
   "SCV": "SCV000840476.1",
   "SubmittedGeneSymbol": "PTEN",
   "ExplanationOfInterpretation": "-"
 },
 {
   "VariationID": 189462,
   "ClinicalSignificance": "Likely pathogenic",
   "DateLastEvaluated": "18-Oct-17",
   "Description": "PTEN c.80-1G>C (IVS1-1G>C) meets criteria to be classified as likely pathogenic for PTEN Hamartoma Tumor syndrome in an autosomal dominant manner using modified ACMG criteria (Mester et al. 2018; manuscript in preparation). Please see a summary of the rules and criteria codes in the 'PTEN ACMG Specifications Summary' document (assertion method column). PVS1: Null variant predicted to result in nonsense-mediated decay or causing truncation/frameshift at or 5' to c.1121 (NM_000314.4). PM2: Absent in large sequenced populations (PMID 27535533).",
   "SubmittedPhenotypeInfo": "Orphanet:ORPHA306498",
   "ReportedPhenotypeInfo": "C1959582:PTEN hamartoma tumor syndrome",
   "ReviewStatus": "reviewed by expert panel",
   "CollectionMethod": "curation",
   "OriginCounts": "germline:na",
   "Submitter": "PTEN",
   "SCV": "SCV000840486.1",
   "SubmittedGeneSymbol": "PTEN",
   "ExplanationOfInterpretation": "-"
 },
 {
   "VariationID": 189500,
   "ClinicalSignificance": "Pathogenic",
   "DateLastEvaluated": "18-Oct-17",
   "Description": "PTEN c.517C>T (p.R173C) meets criteria to be classified as pathogenic for PTEN Hamartoma Tumor syndrome in an autosomal dominant manner using modified ACMG criteria (Mester et al. 2018; manuscript in preparation). Please see a summary of the rules and criteria codes in the 'PTEN ACMG Specifications Summary' document (assertion method column). PS2_VS: At least two proven OR one proven plus two assumed de novo observations in a patient with the disease and no family history. (PMID 17526800, PMID 22628360, internal laboratory contributor(s) SCV000222220.10) PS3: Phosphatase activity <50% of wild type. (PMID 10866302) PM2: Absent in large sequenced populations (PMID 27535533). PS4_M: Probands with phenotype specificity score of 2-3.5. (PMID 22628360, PMID 17526800, PMID 17526801) PP1: Co-segregation with disease in multiple affected family members, with 3 or 4 meioses observed. (PMID 22628360) PP2: PTEN is defined by the PTEN Expert Panel as a gene that has a low rate of benign missense variation and where missense variants are a common mechanism of disease.",
   "SubmittedPhenotypeInfo": "Orphanet:ORPHA306498",
   "ReportedPhenotypeInfo": "C1959582:PTEN hamartoma tumor syndrome",
   "ReviewStatus": "reviewed by expert panel",
   "CollectionMethod": "curation",
   "OriginCounts": "germline:na",
   "Submitter": "PTEN",
   "SCV": "SCV000840496.1",
   "SubmittedGeneSymbol": "PTEN",
   "ExplanationOfInterpretation": "-"
 },
 {
   "VariationID": 189520,
   "ClinicalSignificance": "Benign",
   "DateLastEvaluated": "14-Sep-16",
   "Description": "PTEN c.-1059C>G (NC_000010.10:g.89623167C>G) meets criteria to be classified as benign for PTEN Hamartoma Tumor syndrome in an autosomal dominant manner using modified ACMG criteria (Mester et al. 2018; manuscript in preparation). Please see a summary of the rules and criteria codes in the 'PTEN ACMG Specifications Summary' document (assertion method column). BA1: Allele frequency of 0.0138 (1.38%, 120/8698 alleles) in the African subpopulation of the gnomAD cohort. (PMID 27535533)",
   "SubmittedPhenotypeInfo": "Orphanet:ORPHA306498",
   "ReportedPhenotypeInfo": "C1959582:PTEN hamartoma tumor syndrome",
   "ReviewStatus": "reviewed by expert panel",
   "CollectionMethod": "curation",
   "OriginCounts": "germline:na",
   "Submitter": "PTEN",
   "SCV": "SCV000840479.1",
   "SubmittedGeneSymbol": "PTEN",
   "ExplanationOfInterpretation": "-"
 },
 {
   "VariationID": 220007,
   "ClinicalSignificance": "Likely pathogenic",
   "DateLastEvaluated": "26-Sep-18",
   "Description": "PTEN c.521A>G (p.Y174C) meets criteria to be classified as likely pathogenic for PTEN Hamartoma Tumor syndrome in an autosomal dominant manner using modified ACMG criteria (Mester et al. 2018; manuscript in preparation). Please see a summary of the rules and criteria codes in the 'PTEN ACMG Specifications Summary' document (assertion method column). PS2: De novo (both maternity and paternity confirmed) observation in a patient with the disease and no family history. (Internal laboratory contributor(s) SCV000602123.1) PM2: Absent in large sequenced populations (PMID 27535533). PP2: PTEN is defined by the PTEN Expert Panel as a gene that has a low rate of benign missense variation and where missense variants are a common mechanism of disease. PS4_P: Proband(s) with phenotype specificity score of 1-1.5. (Internal laboratory contributor(s) SCV000602123.1)",
   "SubmittedPhenotypeInfo": "Orphanet:ORPHA306498",
   "ReportedPhenotypeInfo": "C1959582:PTEN hamartoma tumor syndrome",
   "ReviewStatus": "reviewed by expert panel",
   "CollectionMethod": "curation",
   "OriginCounts": "germline:na",
   "Submitter": "PTEN",
   "SCV": "SCV000840459.1",
   "SubmittedGeneSymbol": "PTEN",
   "ExplanationOfInterpretation": "-"
 },
 {
   "VariationID": 231916,
   "ClinicalSignificance": "Likely pathogenic",
   "DateLastEvaluated": "18-Oct-17",
   "Description": "PTEN c.103A>G (p.M35V) meets criteria to be classified as likely pathogenic for PTEN Hamartoma Tumor syndrome in an autosomal dominant manner using modified ACMG criteria (Mester et al. 2018; manuscript in preparation). Please see a summary of the rules and criteria codes in the 'PTEN ACMG Specifications Summary' document (assertion method column). PS2: De novo (both maternity and paternity confirmed) observation in a patient with the disease and no family history. (Internal laboratory contributor(s) SCV000275912.5) PM2: Absent in large sequenced populations (PMID 27535533). PS4_M: Probands with phenotype specificity score of 2-3.5. (Internal laboratory contributor(s) SCV000565444.4, SCV000275912.5) PP2: PTEN is defined by the PTEN Expert Panel as a gene that has a low rate of benign missense variation and where missense variants are a common mechanism of disease.",
   "SubmittedPhenotypeInfo": "Orphanet:ORPHA306498",
   "ReportedPhenotypeInfo": "C1959582:PTEN hamartoma tumor syndrome",
   "ReviewStatus": "reviewed by expert panel",
   "CollectionMethod": "curation",
   "OriginCounts": "germline:na",
   "Submitter": "PTEN",
   "SCV": "SCV000840461.1",
   "SubmittedGeneSymbol": "PTEN",
   "ExplanationOfInterpretation": "-"
 },
 {
   "VariationID": 233415,
   "ClinicalSignificance": "Likely benign",
   "DateLastEvaluated": "12-Oct-16",
   "Description": "PTEN c.18A>G (p.L6=) meets criteria to be classified as likely benign for PTEN Hamartoma Tumor syndrome in an autosomal dominant manner using modified ACMG criteria (Mester et al. 2018; manuscript in preparation). Please see a summary of the rules and criteria codes in the 'PTEN ACMG Specifications Summary' document (assertion method column). BP4: Synonymous variant where at least 2 out of 3 in silico models predict no splicing impact. BP7: Variant is synonymous (silent), nucleotide is not conserved, and no splicing impact is predicted.",
   "SubmittedPhenotypeInfo": "Orphanet:ORPHA306498",
   "ReportedPhenotypeInfo": "C1959582:PTEN hamartoma tumor syndrome",
   "ReviewStatus": "reviewed by expert panel",
   "CollectionMethod": "curation",
   "OriginCounts": "germline:na",
   "Submitter": "PTEN",
   "SCV": "SCV000840488.1",
   "SubmittedGeneSymbol": "PTEN",
   "ExplanationOfInterpretation": "-"
 },
 {
   "VariationID": 404140,
   "ClinicalSignificance": "Likely pathogenic",
   "DateLastEvaluated": "18-Oct-17",
   "Description": "PTEN c.801+1delG (IVS7+1delG) meets criteria to be classified as likely pathogenic for PTEN Hamartoma Tumor syndrome in an autosomal dominant manner using modified ACMG criteria (Mester et al. 2018; manuscript in preparation). Please see a summary of the rules and criteria codes in the 'PTEN ACMG Specifications Summary' document (assertion method column). PVS1: Null variant predicted to result in nonsense-mediated decay or causing truncation/frameshift at or 5' to c.1121 (NM_000314.4). PM2: Absent in large sequenced populations (PMID 27535533).",
   "SubmittedPhenotypeInfo": "Orphanet:ORPHA306498",
   "ReportedPhenotypeInfo": "C1959582:PTEN hamartoma tumor syndrome",
   "ReviewStatus": "reviewed by expert panel",
   "CollectionMethod": "curation",
   "OriginCounts": "germline:na",
   "Submitter": "PTEN",
   "SCV": "SCV000840487.1",
   "SubmittedGeneSymbol": "PTEN",
   "ExplanationOfInterpretation": "-"
 },
 {
   "VariationID": 404147,
   "ClinicalSignificance": "Uncertain significance",
   "DateLastEvaluated": "3-Jan-18",
   "Description": "PTEN c.44G>A (p.R15K) is currently classified as a variant of uncertain significance for PTEN Hamartoma Tumor syndrome in an autosomal dominant manner using modified ACMG criteria (Mester et al. 2018; manuscript in preparation). Please see a summary of the rules and criteria codes in the 'PTEN ACMG Specifications Summary' document (assertion method column). PM2: Absent in large sequenced populations (PMID 27535533). PP2: PTEN is defined by the PTEN Expert Panel as a gene that has a low rate of benign missense variation and where missense variants are a common mechanism of disease. PS3_P: Abnormal in vitro cellular assay or transgenic model with phenotype different from wild type that does not meet PS3. (PMID 25875300)",
   "SubmittedPhenotypeInfo": "Orphanet:ORPHA306498",
   "ReportedPhenotypeInfo": "C1959582:PTEN hamartoma tumor syndrome",
   "ReviewStatus": "reviewed by expert panel",
   "CollectionMethod": "curation",
   "OriginCounts": "germline:na",
   "Submitter": "PTEN",
   "SCV": "SCV000840474.1",
   "SubmittedGeneSymbol": "PTEN",
   "ExplanationOfInterpretation": "-"
 }
]
