"ClinVar-Submitter Run Report"
"","Date/Time: ","Wed Oct 24 11:54:34 EDT 2018"
"","File(s): ","PTEN-4/allinput.json"
"","Method Name (-m): ","PTEN-specific ACMG/AMP criteria"
"","Method Citation (-c): ",""
"","JSON-LD Context (-x): ","http://dataexchange.clinicalgenome.org/interpretation/json/sepio_context"
"","Output File (-o): ","PTEN-clinvar-variant.csv"
"","Force overwrite (-f): ","true"
"","Run Report File (-r): ","PTEN-clinvar-submitter-run-report.csv"

"","NOTE: The variant coordinates are based on the preferred genomic representation from the ClinGen Allele Registry."

"Record #","File Name","Interp Id","Variant (alt desig)","Output Cell","Status","Code","Description"
"1","PTEN-4/allinput.json","e71dcbfe-0aed-4400-9ea2-5ec0ef78a666","NM_000314.6(PTEN):c.493-2A>G","--","Success","--","--"
"2","PTEN-4/allinput.json","3905138e-990e-4b30-b0aa-96ad556248ac","NM_000314.6(PTEN):c.521A>G (p.Tyr174Cys)","--","Success","--","--"
"3","PTEN-4/allinput.json","30a41c35-daf4-47cc-b83c-ccf0c557f631","NM_000314.6(PTEN):c.1026+32T>G","--","Success","--","--"
"4","PTEN-4/allinput.json","4f6345e3-25b1-48cd-9697-1a5624715071","NM_000314.6(PTEN):c.103A>G (p.Met35Val)","--","Success","--","--"
"5","PTEN-4/allinput.json","0b5afc39-258a-4c7d-8a60-f765e5c2eaf2","NM_000314.6(PTEN):c.802-2A>T","--","Success","--","--"
"6","PTEN-4/allinput.json","d1c7275d-fc3f-4feb-b749-4a6562cbc2d9","NM_000314.6(PTEN):c.-9C>G","--","Success","--","--"
"7","PTEN-4/allinput.json","276b536d-e9cf-488e-a7bf-d2d8d0b119b6","NM_000314.6(PTEN):c.511C>T (p.Gln171Ter)","--","Success","--","--"
"8","PTEN-4/allinput.json","844aa93c-ba66-4b09-825a-8e5e0fb0a775","NM_000314.6(PTEN):c.389G>A (p.Arg130Gln)","--","Success","--","--"
"9","PTEN-4/allinput.json","e5e35031-cdfe-44ec-ad5e-0f3892c0a7b1","NM_000314.6(PTEN):c.75G>A (p.Leu25=)","--","Success","--","--"
"10","PTEN-4/allinput.json","0340272b-ab4c-4672-94b8-40e0525d8eda","NM_000314.6(PTEN):c.235G>A (p.Ala79Thr)","--","Success","--","--"
"11","PTEN-4/allinput.json","11de4e4a-dc77-4323-92c5-151d4868419d","NM_000314.6(PTEN):c.407G>A (p.Cys136Tyr)","--","Success","--","--"
"12","PTEN-4/allinput.json","835a14e6-4a41-47df-a1ff-271c872adf39","NM_000314.6(PTEN):c.737C>T (p.Pro246Leu)","--","Success","--","--"
"13","PTEN-4/allinput.json","4fa0530f-2999-441d-b303-9451e343e97b","NM_000314.6(PTEN):c.132C>T (p.Gly44=)","--","Success","--","--"
"14","PTEN-4/allinput.json","044a4a6a-4939-4e73-8b9d-ff941b58e27d","NM_000314.6(PTEN):c.1104T>C (p.Asp368=)","--","Success","--","--"
"15","PTEN-4/allinput.json","742e08c9-7bda-4006-95f1-22f34ec0d9e1","NM_000314.6(PTEN):c.304_306dupAAA (p.Lys102_Pro103insLys)","--","Success","--","--"
"16","PTEN-4/allinput.json","a81bf7b8-305b-4704-bf65-95e6aa54b5ba","NM_000314.6(PTEN):c.165-13_165-10delGTTT","--","Success","--","--"
"17","PTEN-4/allinput.json","9b8faad8-e78a-4d2f-8805-210367466752","NM_000314.6(PTEN):c.44G>A (p.Arg15Lys)","--","Success","--","--"
"18","PTEN-4/allinput.json","bfdfbf81-6f26-43f8-aa4b-bbb17ebaf54a","NM_000314.6(PTEN):c.964A>T (p.Lys322Ter)","--","Success","--","--"
"19","PTEN-4/allinput.json","e41ad782-4c9c-4ae6-ba02-ec2e11c967fc","NM_000314.6(PTEN):c.987_990delTAAA (p.Asn329Lysfs)","--","Success","--","--"
"20","PTEN-4/allinput.json","e0072965-9b20-4fa8-bfab-2ec93223849b","NM_000314.6(PTEN):c.254-39G>T","--","Success","--","--"
"21","PTEN-4/allinput.json","b70739f7-4e4b-4678-8c1b-43aa0547db91","NM_000314.6(PTEN):c.-1026C>A","--","Success","--","--"
"22","PTEN-4/allinput.json","271c91d3-d627-42bf-86bc-ba9a7f7f2189","NM_000314.6(PTEN):c.-1059C>G","--","Success","--","--"
"23","PTEN-4/allinput.json","b7b13ffa-c41f-4c0e-9db4-dd26cede580d","NM_000314.6(PTEN):c.-903G>A","--","Success","--","--"
"24","PTEN-4/allinput.json","2b40684d-92f4-40ce-8062-ffd5a0278fbd","NM_000314.6(PTEN):c.50_51delAA (p.Gln17Argfs)","--","Success","--","--"
"25","PTEN-4/allinput.json","8c50af60-fe53-4c9b-b60a-3735d21c8645","NM_000314.6(PTEN):c.-1170C>T","--","Success","--","--"
"26","PTEN-4/allinput.json","9b41938e-76e1-469c-a782-0fabdaceb60c","NM_000314.6(PTEN):c.209+4_209+7delAGTA","--","Success","--","--"
"27","PTEN-4/allinput.json","8c8c1292-baf8-4fcd-abbf-e22a7793a5dd","NM_000314.6(PTEN):c.165-1G>A","--","Success","--","--"
"28","PTEN-4/allinput.json","049d3e03-b5ad-4a47-92e9-ee077179049a","NM_000314.6(PTEN):c.209+3A>T","--","Success","--","--"
"29","PTEN-4/allinput.json","2f607d68-ce7c-4110-9640-98a0992a2d02","NM_000314.6(PTEN):c.80-1G>C","--","Success","--","--"
"30","PTEN-4/allinput.json","d8470abc-cd84-4dd7-aa9d-def2c9c878aa","NM_000314.6(PTEN):c.801+1delG","--","Success","--","--"
"31","PTEN-4/allinput.json","747804f8-133a-4807-9f7e-4c8798e82ee5","NM_000314.6(PTEN):c.18A>G (p.Lys6=)","--","Success","--","--"
"32","PTEN-4/allinput.json","f890d81d-90ed-4411-a0fd-a89669dd616a","NM_000314.6(PTEN):c.892C>T (p.Gln298Ter)","--","Success","--","--"
"33","PTEN-4/allinput.json","742d7bc7-fc1a-47ac-b7fb-3be400cfe09f","NM_000314.6(PTEN):c.801+23G>A","--","Success","--","--"
"34","PTEN-4/allinput.json","eb4d52da-5b73-477e-9890-d8c613ea7ae5","NM_000314.6(PTEN):c.-1311T>C","--","Success","--","--"
"35","PTEN-4/allinput.json","53c09c9e-b77c-4949-8aef-58bcb3346e87","NM_000314.6(PTEN):c.360A>C (p.Ala120=)","--","Success","--","--"
"36","PTEN-4/allinput.json","ba4a2bab-161e-445b-a38c-7ef4639e08a9","NM_000314.6(PTEN):c.1052_1054delTAG (p.Val351del)","--","Success","--","--"
"37","PTEN-4/allinput.json","5ae8d67a-b184-476c-878e-aef6ec246a56","NM_000314.6(PTEN):c.78C>T (p.Thr26=)","--","Success","--","--"
"38","PTEN-4/allinput.json","2353f24f-8466-46ea-838d-a36a749f6a49","NM_000314.6(PTEN):c.1171C>T (p.Pro391Ser)","--","Success","--","--"
"39","PTEN-4/allinput.json","8f2c1cdc-0442-4dc1-ace0-ee811465348e","NM_000314.6(PTEN):c.517C>T (p.Arg173Cys)","--","Success","--","--"
"40","PTEN-4/allinput.json","9a0535ed-2b90-4309-917f-cbcce2549f2a","NM_000314.6(PTEN):c.1026+1G>A","--","Success","--","--"
"41","PTEN-4/allinput.json","1c091a56-7fdb-41a4-9573-e48254ef08b7","NM_000314.6(PTEN):c.-764G>A","--","Success","--","--"
"42","PTEN-4/allinput.json","e8d81f24-56b8-4bfb-82c1-e3c4bb305db9","NM_000314.6(PTEN):c.79+35C>T","--","Success","--","--"
