"e71dcbfe-0aed-4400-9ea2-5ec0ef78a666","","","NC_000010.11","","","87952116","87952116","A","G","","","","","","","","","","","","","","","","NM_000314.6(PTEN):c.493-2A>G","","","","","","","","","","","Pathogenic","2017-10-18","PTEN-specific ACMG/AMP criteria","","Autosomal Dominant inheritance","","","PTEN c.493-2A>G (IVS5-2A>G) meets criteria to be classified as pathogenic for PTEN Hamartoma Tumor syndrome in an autosomal dominant manner using modified ACMG criteria (Mester et al. 2018; manuscript in preparation).  Please see a summary of the rules and criteria codes in the “PTEN ACMG Specifications Summary” document (assertion method column).

PVS1: Null variant predicted to result in nonsense-mediated decay or causing truncation/frameshift at or 5’ to c.1121 (NM_000314.4).
PM6_S: Two probands with presumed de novo occurrence (maternity/paternity not confirmed) in a patient with the disease and no family history. (Internal laboratory contributor(s) SCV000222118.9)
PM2: Absent in large sequenced populations.","","","","","","curation","germline","yes"
"3905138e-990e-4b30-b0aa-96ad556248ac","","","NC_000010.11","","","87952146","87952146","A","G","","","","","","","","","","","","","","","","NM_000314.6(PTEN):c.521A>G (p.Tyr174Cys)","","","","","","","","","","","Likely Pathogenic","2018-09-26","PTEN-specific ACMG/AMP criteria","","Autosomal Dominant inheritance","","","PTEN c.521A>G (p.Y174C) meets criteria to be classified as likely pathogenic for PTEN Hamartoma Tumor syndrome in an autosomal dominant manner using modified ACMG criteria (Mester et al. 2018; manuscript in preparation).  Please see a summary of the rules and criteria codes in the “PTEN ACMG Specifications Summary” document (assertion method column).

PS2: De novo (both maternity and paternity confirmed) observation in a patient with the disease and no family history. (Internal laboratory contributor(s) SCV000602123.1)
PM2: Absent in large sequenced populations (PMID 27535533).
PP2: PTEN is defined by the PTEN Expert Panel as a gene that has a low rate of benign missense variation and where missense variants are a common mechanism of disease.
PS4_P: Proband(s) with phenotype specificity score of 1-1.5. (Internal laboratory contributor(s) SCV000602123.1)","","","","","","curation","germline","yes"
"30a41c35-daf4-47cc-b83c-ccf0c557f631","","","NC_000010.11","","","87961150","87961150","T","G","","","","","","","","","","","","","","","","NM_000314.6(PTEN):c.1026+32T>G","","","","","","","","","","","Benign","2016-09-14","PTEN-specific ACMG/AMP criteria","","Autosomal Dominant inheritance","","","PTEN c.1026+32T>G (IVS8+32T>G) meets criteria to be classified as benign for PTEN Hamartoma Tumor syndrome in an autosomal dominant manner using modified ACMG criteria (Mester et al. 2018; manuscript in preparation).  Please see a summary of the rules and criteria codes in the “PTEN ACMG Specifications Summary” document (assertion method column).

BA1: Allele frequency of 0.374 (37.4%, 102,771/274,696 alleles) in the gnomAD cohort. (PMID 27535533)","","","","","","curation","germline","yes"
"4f6345e3-25b1-48cd-9697-1a5624715071","","","NC_000010.11","","","87894048","87894048","A","G","","","","","","","","","","","","","","","","NM_000314.6(PTEN):c.103A>G (p.Met35Val)","","","","","","","","","","","Likely Pathogenic","2017-10-18","PTEN-specific ACMG/AMP criteria","","Autosomal Dominant inheritance","","","PTEN c.103A>G (p.M35V) meets criteria to be classified as likely pathogenic for PTEN Hamartoma Tumor syndrome in an autosomal dominant manner using modified ACMG criteria (Mester et al. 2018; manuscript in preparation).  Please see a summary of the rules and criteria codes in the “PTEN ACMG Specifications Summary” document (assertion method column).

PS2: De novo (both maternity and paternity confirmed) observation in a patient with the disease and no family history. (Internal laboratory contributor(s) SCV000275912.5)
PM2: Absent in large sequenced populations (PMID 27535533).
PS4_M: Probands with phenotype specificity score of 2-3.5. (Internal laboratory contributor(s) SCV000565444.4, SCV000275912.5)
PP2: PTEN is defined by the PTEN Expert Panel as a gene that has a low rate of benign missense variation and where missense variants are a common mechanism of disease.","","","","","","curation","germline","yes"
"0b5afc39-258a-4c7d-8a60-f765e5c2eaf2","","","NC_000010.11","","","87960892","87960892","A","T","","","","","","","","","","","","","","","","NM_000314.6(PTEN):c.802-2A>T","","","","","","","","","","","Pathogenic","2017-10-18","PTEN-specific ACMG/AMP criteria","","Autosomal Dominant inheritance","","","PTEN c.802-2A>T (IVS7-2A>T) meets criteria to be classified as pathogenic for PTEN Hamartoma Tumor syndrome in an autosomal dominant manner using modified ACMG criteria (Mester et al. 2018; manuscript in preparation).  Please see a summary of the rules and criteria codes in the “PTEN ACMG Specifications Summary” document (assertion method column).

PVS1: Null variant predicted to result in nonsense-mediated decay or causing truncation/frameshift at or 5’ to c.1121 (NM_000314.4).
PM2: Absent in large sequenced populations (PMID 27535533).
PS4_P: Proband(s) with phenotype specificity score of 1-1.5. (Internal laboratory contributor(s), SCV000222230.9)","","","","","","curation","germline","yes"
"d1c7275d-fc3f-4feb-b749-4a6562cbc2d9","","","NC_000010.11","","","87864461","87864461","C","G","","","","","","","","","","","","","","","","NM_000314.6(PTEN):c.-9C>G","","","","","","","","","","","Benign","2016-11-09","PTEN-specific ACMG/AMP criteria","","Autosomal Dominant inheritance","","","PTEN c.-9C>G (NC_000010.10:g.89624218C>G) meets criteria to be classified as benign for PTEN Hamartoma Tumor syndrome in an autosomal dominant manner using modified ACMG criteria (Mester et al. 2018; manuscript in preparation).  Please see a summary of the rules and criteria codes in the “PTEN ACMG Specifications Summary” document (assertion method column).

BA1: Allele frequency of 0.048 (4.8%, 903/18,870 alleles) in the East Asian subpopulation of the gnomAD cohort. (PMID 27535533)","","","","","","curation","germline","yes"
"276b536d-e9cf-488e-a7bf-d2d8d0b119b6","","","NC_000010.11","","","87952136","87952136","C","T","","","","","","","","","","","","","","","","NM_000314.6(PTEN):c.511C>T (p.Gln171Ter)","","","","","","","","","","","Pathogenic","2017-10-18","PTEN-specific ACMG/AMP criteria","","Autosomal Dominant inheritance","","","PTEN c.511C>T (p.Q171X) meets criteria to be classified as pathogenic for PTEN Hamartoma Tumor syndrome in an autosomal dominant manner using modified ACMG criteria (Mester et al. 2018; manuscript in preparation).  Please see a summary of the rules and criteria codes in the “PTEN ACMG Specifications Summary” document (assertion method column).

PVS1: Null variant predicted to result in nonsense-mediated decay or causing truncation/frameshift at or 5’ to c.1121 (NM_000314.4).
PM2: Absent in large sequenced populations (PMID 27535533).
PM6: Assumed de novo, but without confirmation of paternity and maternity in a patient with the disease and no family history. (PMID 22595938)
PS4_M: Probands with phenotype specificity score of 2-3.5. (PMID 17043057, PMID 22595938)","","","","","","curation","germline","yes"
"844aa93c-ba66-4b09-825a-8e5e0fb0a775","","","NC_000010.11","","","87933148","87933148","G","A","","","","","","","","","","","","","","","","NM_000314.6(PTEN):c.389G>A (p.Arg130Gln)","","","","","","","","","","","Pathogenic","2017-10-18","PTEN-specific ACMG/AMP criteria","","Autosomal Dominant inheritance","","","PTEN c.389G>A (p.R130Q) meets criteria to be classified as pathogenic for PTEN Hamartoma Tumor syndrome in an autosomal dominant manner using modified ACMG criteria (Mester et al. 2018; manuscript in preparation).  Please see a summary of the rules and criteria codes in the “PTEN ACMG Specifications Summary” document (assertion method column).

PM6_VS: At least four assumed de novo observations in a patient with the disease and no family history. (PMID 22595938, PMID 22327138, internal laboratory contributor(s) SCV000222111.11)
PS3: Phosphatase activity <50% of wild type (PMID 10866302)
PS4: Probands with phenotype specificity score of 4-15.5 (PMID 26798346, PMID 17526801, PMID 23335809, PMID 22266152)
PM1: Located at a residue within a catalytic motif as defined by the ClinGen PTEN Expert Panel.
PM2: Absent in large sequenced populations (PMID 27535533).
PP2: PTEN is defined by the PTEN Expert Panel as a gene that has a low rate of benign missense variation and where missense variants are a common mechanism of disease.","","","","","","curation","germline","yes"
"e5e35031-cdfe-44ec-ad5e-0f3892c0a7b1","","","NC_000010.11","","","87864544","87864544","G","A","","","","","","","","","","","","","","","","NM_000314.6(PTEN):c.75G>A (p.Leu25=)","","","","","","","","","","","Uncertain Significance","2016-12-14","PTEN-specific ACMG/AMP criteria","","Autosomal Dominant inheritance","","","PTEN c.75G>A (p.L25=) is currently classified as a variant of uncertain significance for PTEN Hamartoma Tumor syndrome in an autosomal dominant manner using modified ACMG criteria (Mester et al. 2018; manuscript in preparation).  Please see a summary of the rules and criteria codes in the “PTEN ACMG Specifications Summary” document (assertion method column).
BP7: Variant is synonymous (silent), nucleotide is not conserved, and no splicing impact is predicted.","","","","","","curation","germline","yes"
"0340272b-ab4c-4672-94b8-40e0525d8eda","","","NC_000010.11","","","87931071","87931071","G","A","","","","","","","","","","","","","","","","NM_000314.6(PTEN):c.235G>A (p.Ala79Thr)","","","","","","","","","","","Likely Benign","2018-04-06","PTEN-specific ACMG/AMP criteria","","Autosomal Dominant inheritance","","","PTEN c.235G>A (p.A79T) meets criteria to be classified as likely benign for PTEN Hamartoma Tumor syndrome in an autosomal dominant manner using modified ACMG criteria (Mester et al. 2018; manuscript in preparation).  Please see a summary of the rules and criteria codes in the “PTEN ACMG Specifications Summary” document (assertion method column).

BS1: Allele frequency of 0.0045 (0.45%, 9/1984 alleles) in the GME variome. (PMID 27428751)
BS2_P: Meets criteria for BS2 (observed in the homozygous state in at least one healthy or PHTS-unaffected individual) but BS1 is also applied. (Internal laboratory contributor(s) SCV000222198.12)
PP2: PTEN is defined by the PTEN Expert Panel as a gene that has a low rate of benign missense variation and where missense variants are a common mechanism of disease.","","","","","","curation","germline","yes"
"11de4e4a-dc77-4323-92c5-151d4868419d","","","NC_000010.11","","","87933166","87933166","G","A","","","","","","","","","","","","","","","","NM_000314.6(PTEN):c.407G>A (p.Cys136Tyr)","","","","","","","","","","","Pathogenic","2017-10-18","PTEN-specific ACMG/AMP criteria","","Autosomal Dominant inheritance","","","PTEN c.407G>A (p.C136Y) meets criteria to be classified as pathogenic for PTEN Hamartoma Tumor syndrome in an autosomal dominant manner using modified ACMG criteria (Mester et al. 2018; manuscript in preparation).  Please see a summary of the rules and criteria codes in the “PTEN ACMG Specifications Summary” document (assertion method column).

PS2: De novo (both maternity and paternity confirmed) observation in a patient with the disease and no family history. (Internal laboratory contributor(s) SCV000222113.9)
PS3: Phosphatase activity <50% of wild-type OR RNA, mini-gene, or other assay shows impact on splicing. (PMID 10866302)
PM2: Absent in large sequenced populations (PMID 27535533).
PP2: PTEN is defined by the PTEN Expert Panel as a gene that has a low rate of benign missense variation and where missense variants are a common mechanism of disease.
PS4_P: Probands with specificity score of 1-1.5. (PMID 9735393, internal laboratory contributor(s) SCV000222113.9)","","","","","","curation","germline","yes"
"835a14e6-4a41-47df-a1ff-271c872adf39","","","NC_000010.11","","","87957955","87957955","C","T","","","","","","","","","","","","","","","","NM_000314.6(PTEN):c.737C>T (p.Pro246Leu)","","","","","","","","","","","Pathogenic","2017-10-18","PTEN-specific ACMG/AMP criteria","","Autosomal Dominant inheritance","","","PTEN c.737C>T (p.P246L) meets criteria to be classified as pathogenic for PTEN Hamartoma Tumor syndrome in an autosomal dominant manner using modified ACMG criteria (Mester et al. 2018; manuscript in preparation).  Please see a summary of the rules and criteria codes in the “PTEN ACMG Specifications Summary” document (assertion method column).

PS2_VS: At least two proven OR one proven plus two assumed de novo observations in a patient with the disease and no family history. (PMID 23934111, internal laboratory contributor(s) SCV000222227.10)
PS4: Probands with phenotype specificity score of 4-15.5. (PMID 24375884, PMID 10076877, PMID 22261759, PMID 23934111, internal laboratory contributor(s) SCV000222227.10)
PM2: Absent in large sequenced populations. (PMID 27535533).
PP2: PTEN is defined by the PTEN Expert Panel as a gene that has a low rate of benign missense variation and where missense variants are a common mechanism of disease.","","","","","","curation","germline","yes"
"4fa0530f-2999-441d-b303-9451e343e97b","","","NC_000010.11","","","87894077","87894077","C","T","","","","","","","","","","","","","","","","NM_000314.6(PTEN):c.132C>T (p.Gly44=)","","","","","","","","","","","Likely Benign","2016-11-09","PTEN-specific ACMG/AMP criteria","","Autosomal Dominant inheritance","","","PTEN c.132C>T (p.G44=) meets criteria to be classified as likely benign for PTEN Hamartoma Tumor syndrome in an autosomal dominant manner using modified ACMG criteria (Mester et al. 2018; manuscript in preparation).  Please see a summary of the rules and criteria codes in the “PTEN ACMG Specifications Summary” document (assertion method column).

BS1: Allele frequency of 0.167 (1.67%, 463/276,792 alleles) in the gnomAD cohort. (PMID 27535533)
BS2_P: Meets criteria for BS2 (observed in the homozygous state in at least one healthy or PHTS-unaffected individual) but BS1 is also applied. (Internal laboratory contributor(s) SCV000212700.3)
BP5: Variant found in multiple cases with alternate molecular basis for disease. (Internal laboratory contributor(s) SCV000212700.3)
BP7: Variant is synonymous (silent), nucleotide is not conserved, and no splicing impact is predicted.","","","","","","curation","germline","yes"
"044a4a6a-4939-4e73-8b9d-ff941b58e27d","","","NC_000010.11","","","87965364","87965364","T","C","","","","","","","","","","","","","","","","NM_000314.6(PTEN):c.1104T>C (p.Asp368=)","","","","","","","","","","","Likely Benign","2016-09-14","PTEN-specific ACMG/AMP criteria","","Autosomal Dominant inheritance","","","PTEN c.1104T>C (p.D368=) meets criteria to be classified as likely benign for PTEN Hamartoma Tumor syndrome in an autosomal dominant manner using modified ACMG criteria (Mester et al. 2018; manuscript in preparation).  Please see a summary of the rules and criteria codes in the “PTEN ACMG Specifications Summary” document (assertion method column).

BS1: Allele frequency of 0.0057 (0.57%, 130/22,966 alleles) in the African subpopulation of the gnomAD cohort. (PMID 27535533)
BP4: Synonymous variant where at least 2 out of 3 in silico models predict no splicing impact.
BP7: Variant is synonymous (silent), nucleotide is not conserved, and no splicing impact is predicted.","","","","","","curation","germline","yes"
"742e08c9-7bda-4006-95f1-22f34ec0d9e1","","","NC_000010.11","","","87933062","87933063","","AAA","","","","","","","","","","","","","","","","NM_000314.6(PTEN):c.304_306dupAAA (p.Lys102_Pro103insLys)","","","","","","","","","","","Uncertain Significance","2017-11-08","PTEN-specific ACMG/AMP criteria","","Autosomal Dominant inheritance","","","PTEN c.304_306dupAAA (p.K102_P103insK) is currently classified as a variant of uncertain significance for PTEN Hamartoma Tumor syndrome in an autosomal dominant manner using modified ACMG criteria (Mester et al. 2018; manuscript in preparation).  Please see a summary of the rules and criteria codes in the “PTEN ACMG Specifications Summary” document (assertion method column).

PM2: Absent in large sequenced populations (PMID 27535533).","","","","","","curation","germline","yes"
"a81bf7b8-305b-4704-bf65-95e6aa54b5ba","","","NC_000010.11","","","87925489","87925492","TTTG","","","","","","","","","","","","","","","","","NM_000314.6(PTEN):c.165-13_165-10delGTTT","","","","","","","","","","","Likely Benign","2016-12-14","PTEN-specific ACMG/AMP criteria","","Autosomal Dominant inheritance","","","PTEN c.165-13_165-10delGTTT (IVS2-13_IVS2-10delGTTT) meets criteria to be classified as likely benign for PTEN Hamartoma Tumor syndrome in an autosomal dominant manner using modified ACMG criteria (Mester et al. 2018; manuscript in preparation).  Please see a summary of the rules and criteria codes in the “PTEN ACMG Specifications Summary” document (assertion method column).

BS1: Allele frequency of 0.0049 (0.49%, 112/22,776 alleles) in the African subpopulation of the gnomAD cohort. (PMID 27535533) 
BP4: Intronic variant where at least 2 out of 3 in silico models predict no splicing impact.","","","","","","curation","germline","yes"
"9b8faad8-e78a-4d2f-8805-210367466752","","","NC_000010.11","","","87864513","87864513","G","A","","","","","","","","","","","","","","","","NM_000314.6(PTEN):c.44G>A (p.Arg15Lys)","","","","","","","","","","","Uncertain Significance","2018-01-03","PTEN-specific ACMG/AMP criteria","","Autosomal Dominant inheritance","","","PTEN c.44G>A (p.R15K) is currently classified as a variant of uncertain significance for PTEN Hamartoma Tumor syndrome in an autosomal dominant manner using modified ACMG criteria (Mester et al. 2018; manuscript in preparation).  Please see a summary of the rules and criteria codes in the “PTEN ACMG Specifications Summary” document (assertion method column).

PM2: Absent in large sequenced populations (PMID 27535533).
PP2: PTEN is defined by the PTEN Expert Panel as a gene that has a low rate of benign missense variation and where missense variants are a common mechanism of disease.
PS3_P: Abnormal in vitro cellular assay or transgenic model with phenotype different from wild type that does not meet PS3. (PMID 25875300)","","","","","","curation","germline","yes"
"bfdfbf81-6f26-43f8-aa4b-bbb17ebaf54a","","","NC_000010.11","","","87961056","87961056","A","T","","","","","","","","","","","","","","","","NM_000314.6(PTEN):c.964A>T (p.Lys322Ter)","","","","","","","","","","","Likely Pathogenic","2017-10-18","PTEN-specific ACMG/AMP criteria","","Autosomal Dominant inheritance","","","PTEN c.964A>T (p.K322X) meets criteria to be classified as likely pathogenic for PTEN Hamartoma Tumor syndrome in an autosomal dominant manner using modified ACMG criteria (Mester et al. 2018; manuscript in preparation).  Please see a summary of the rules and criteria codes in the “PTEN ACMG Specifications Summary” document (assertion method column).

PVS1: Null variant predicted to result in nonsense-mediated decay or causing truncation/frameshift at or 5’ to c.1121 (NM_000314.4).
PM2: Absent in large sequenced populations (PMID 27535533).","","","","","","curation","germline","yes"
"e41ad782-4c9c-4ae6-ba02-ec2e11c967fc","","","NC_000010.11","","","87961076","87961079","AAAT","","","","","","","","","","","","","","","","","NM_000314.6(PTEN):c.987_990delTAAA (p.Asn329Lysfs)","","","","","","","","","","","Pathogenic","2017-10-18","PTEN-specific ACMG/AMP criteria","","Autosomal Dominant inheritance","","","PTEN c.987_990delTAAA (p.N329KfsX14) meets criteria to be classified as pathogenic for PTEN Hamartoma Tumor syndrome in an autosomal dominant manner using modified ACMG criteria (Mester et al. 2018; manuscript in preparation).  Please see a summary of the rules and criteria codes in the “PTEN ACMG Specifications Summary” document (assertion method column).

PVS1: Null variant predicted to result in nonsense-mediated decay or causing truncation/frameshift at or 5’ to c.1121 (NM_000314.4).
PM2: Absent in large sequenced populations (PMID 27535533).
PS4_P: Proband(s) with phenotype specificity score of 1-1.5. (PMID 10232405)","","","","","","curation","germline","yes"
"e0072965-9b20-4fa8-bfab-2ec93223849b","","","NC_000010.11","","","87932974","87932974","G","T","","","","","","","","","","","","","","","","NM_000314.6(PTEN):c.254-39G>T","","","","","","","","","","","Likely Benign","2016-12-14","PTEN-specific ACMG/AMP criteria","","Autosomal Dominant inheritance","","","PTEN c.254-39G>T (IVS4-39G>T) meets criteria to be classified as likely benign for PTEN Hamartoma Tumor syndrome in an autosomal dominant manner using modified ACMG criteria (Mester et al. 2018; manuscript in preparation).  Please see a summary of the rules and criteria codes in the “PTEN ACMG Specifications Summary” document (assertion method column).

BS1: Allele frequency of 0.0064 (0.64%, 112/17,490 alleles) in the South Asian subpopulation of the gnomAD cohort. (PMID 27535533)
BP4: Intronic variant where at least 2 out of 3 in silico models predict no splicing impact.
BP7: Variant is intronic and at or beyond +7/-21, nucleotide is not conserved, and no splicing impact is predicted.","","","","","","curation","germline","yes"
"b70739f7-4e4b-4678-8c1b-43aa0547db91","","","NC_000010.11","","","87863443","87863443","C","A","","","","","","","","","","","","","","","","NM_000314.6(PTEN):c.-1026C>A","","","","","","","","","","","Likely Benign","2016-11-09","PTEN-specific ACMG/AMP criteria","","Autosomal Dominant inheritance","","","PTEN c.-1026C>A (NC_000010.10:g.89623200C>A) meets criteria to be classified as likely benign for PTEN Hamartoma Tumor syndrome in an autosomal dominant manner using modified ACMG criteria (Mester et al. 2018; manuscript in preparation).  Please see a summary of the rules and criteria codes in the “PTEN ACMG Specifications Summary” document (assertion method column).
BS1: Allele frequency of 0.0056 (0.56%, 173/30,898 alleles) in the gnomAD cohort. (PMID 27535533)
BS2_P: Meets criteria for BS2 (observed in the homozygous state in at least one healthy or PHTS-unaffected individual) but BS1 is also applied. (Internal laboratory contributor(s) SCV000171228.5)
BP5: Variant found in multiple cases with alternate molecular basis for disease. (Internal laboratory contributor(s) SCV000171228.5)","","","","","","curation","germline","yes"
"271c91d3-d627-42bf-86bc-ba9a7f7f2189","","","NC_000010.11","","","87863410","87863410","C","G","","","","","","","","","","","","","","","","NM_000314.6(PTEN):c.-1059C>G","","","","","","","","","","","Benign","2016-09-14","PTEN-specific ACMG/AMP criteria","","Autosomal Dominant inheritance","","","PTEN c.-1059C>G (NC_000010.10:g.89623167C>G) meets criteria to be classified as benign for PTEN Hamartoma Tumor syndrome in an autosomal dominant manner using modified ACMG criteria (Mester et al. 2018; manuscript in preparation).  Please see a summary of the rules and criteria codes in the “PTEN ACMG Specifications Summary” document (assertion method column).
BA1: Allele frequency of 0.0138 (1.38%, 120/8698 alleles) in the African subpopulation of the gnomAD cohort. (PMID 27535533)","","","","","","curation","germline","yes"
"b7b13ffa-c41f-4c0e-9db4-dd26cede580d","","","NC_000010.11","","","87863566","87863566","G","A","","","","","","","","","","","","","","","","NM_000314.6(PTEN):c.-903G>A","","","","","","","","","","","Benign","2016-09-14","PTEN-specific ACMG/AMP criteria","","Autosomal Dominant inheritance","","","PTEN c.-903G>A (NC_000010.10:g.89623323G>A) meets criteria to be classified as benign for PTEN Hamartoma Tumor syndrome in an autosomal dominant manner using modified ACMG criteria (Mester et al. 2018; manuscript in preparation).  Please see a summary of the rules and criteria codes in the “PTEN ACMG Specifications Summary” document (assertion method column).

BA1: Allele frequency of 0.011 (1.1%, 343/30,808 alleles) in the gnomAD cohort. (PMID 27535533)","","","","","","curation","germline","yes"
"2b40684d-92f4-40ce-8062-ffd5a0278fbd","","","NC_000010.11","","","87864519","87864520","AA","","","","","","","","","","","","","","","","","NM_000314.6(PTEN):c.50_51delAA (p.Gln17Argfs)","","","","","","","","","","","Pathogenic","2017-10-18","PTEN-specific ACMG/AMP criteria","","Autosomal Dominant inheritance","PMID:20223021","","PTEN c.50_51delAA (p.Q17RfsX26) meets criteria to be classified as pathogenic for PTEN Hamartoma Tumor syndrome in an autosomal dominant manner using modified ACMG criteria (Mester et al. 2018; manuscript in preparation).  Please see a summary of the rules and criteria codes in the “PTEN ACMG Specifications Summary” document (assertion method column).

PVS1: Null variant predicted to result in nonsense-mediated decay or causing truncation/frameshift at or 5’ to c.1121 (NM_000314.4).
PM2: Present at extremely low (<0.00001, 0.001%) allele frequency in the gnomAD cohort. (PMID 27535533).
PS4_P: Proband(s) with phenotype specificity score of 1-1.5. (PMID 20223021)","","","","","","curation","germline","yes"
"8c50af60-fe53-4c9b-b60a-3735d21c8645","","","NC_000010.11","","","87863299","87863299","C","T","","","","","","","","","","","","","","","","NM_000314.6(PTEN):c.-1170C>T","","","","","","","","","","","Uncertain Significance","2017-11-08","PTEN-specific ACMG/AMP criteria","","Autosomal Dominant inheritance","","","PTEN c.-1170C>T (NC_000010.10: g.89623056C>T) is currently classified as a variant of uncertain significance for PTEN Hamartoma Tumor syndrome in an autosomal dominant manner using modified ACMG criteria (Mester et al. 2018; manuscript in preparation).  Please see a summary of the rules and criteria codes in the “PTEN ACMG Specifications Summary” document (assertion method column).

BP5: Variant found in multiple cases with alternate molecular basis for disease. (Internal laboratory contributor(s) SCV000149466.6, SCV000184146.1)","","","","","","curation","germline","yes"
"9b41938e-76e1-469c-a782-0fabdaceb60c","","","NC_000010.11","","","87925558","87925561","GTAA","","","","","","","","","","","","","","","","","NM_000314.6(PTEN):c.209+4_209+7delAGTA","","","","","","","","","","","Pathogenic","2017-12-18","PTEN-specific ACMG/AMP criteria","","Autosomal Dominant inheritance","","","PTEN c.209+4_209+7delAGTA (IVS3+4_IVS3+7delAGTA) meets criteria to be classified as pathogenic for PTEN Hamartoma Tumor syndrome in an autosomal dominant manner using modified ACMG criteria (Mester et al. 2018; manuscript in preparation).  Please see a summary of the rules and criteria codes in the “PTEN ACMG Specifications Summary” document (assertion method column).

PS3: RNA, mini-gene, or other assay shows impact on splicing. (PMID 28677221)
PM6_S: Two probands with presumed de novo occurrence (maternity/paternity not confirmed) in a patient with the disease and no family history. (Internal laboratory contributor(s))
PM2: Absent in large sequenced populations (PMID 27535533).
PP1_M: Co-segregation with disease in multiple affected family members, with 5 or 6 meioses observed. (Internal laboratory contributor(s))
PS4_P: Proband(s) with phenotype specificity score of 1-1.5. (PMID 28677221, internal laboratory contributor(s) SCV000273868.4)","","","","","","curation","germline","yes"
"8c8c1292-baf8-4fcd-abbf-e22a7793a5dd","","","NC_000010.11","","","87925512","87925512","G","A","","","","","","","","","","","","","","","","NM_000314.6(PTEN):c.165-1G>A","","","","","","","","","","","Likely Pathogenic","2017-10-18","PTEN-specific ACMG/AMP criteria","","Autosomal Dominant inheritance","","","PTEN c.165-1G>A (IVS2-1G>A) meets criteria to be classified as likely pathogenic for PTEN Hamartoma Tumor syndrome in an autosomal dominant manner using modified ACMG criteria (Mester et al. 2018; manuscript in preparation).  Please see a summary of the rules and criteria codes in the “PTEN ACMG Specifications Summary” document (assertion method column).

PVS1: Null variant predicted to result in nonsense-mediated decay or causing truncation/frameshift at or 5’ to c.1121 (NM_000314.4).
PM2: Absent in large sequenced populations (PMID 27535533).","","","","","","curation","germline","yes"
"049d3e03-b5ad-4a47-92e9-ee077179049a","","","NC_000010.11","","","87925560","87925560","A","T","","","","","","","","","","","","","","","","NM_000314.6(PTEN):c.209+3A>T","","","","","","","","","","","Uncertain Significance","2017-11-08","PTEN-specific ACMG/AMP criteria","","Autosomal Dominant inheritance","","","PTEN c.209+3A>T (IVS3+3A>T) is currently classified as a variant of uncertain significance for PTEN Hamartoma Tumor syndrome in an autosomal dominant manner using modified ACMG criteria (Mester et al. 2018; manuscript in preparation).  Please see a summary of the rules and criteria codes in the “PTEN ACMG Specifications Summary” document (assertion method column).

PM2: Absent in large sequenced populations (PMID 27535533).
PP3: At least 2 out of 3 in silico models predict a splicing impact.","","","","","","curation","germline","yes"
"2f607d68-ce7c-4110-9640-98a0992a2d02","","","NC_000010.11","","","87894024","87894024","G","C","","","","","","","","","","","","","","","","NM_000314.6(PTEN):c.80-1G>C","","","","","","","","","","","Likely Pathogenic","2017-10-18","PTEN-specific ACMG/AMP criteria","","Autosomal Dominant inheritance","","","PTEN c.80-1G>C (IVS1-1G>C) meets criteria to be classified as likely pathogenic for PTEN Hamartoma Tumor syndrome in an autosomal dominant manner using modified ACMG criteria (Mester et al. 2018; manuscript in preparation).  Please see a summary of the rules and criteria codes in the “PTEN ACMG Specifications Summary” document (assertion method column).

PVS1: Null variant predicted to result in nonsense-mediated decay or causing truncation/frameshift at or 5’ to c.1121 (NM_000314.4).
PM2: Absent in large sequenced populations (PMID 27535533).","","","","","","curation","germline","yes"
"d8470abc-cd84-4dd7-aa9d-def2c9c878aa","","","NC_000010.11","","","87958019","87958019","G","","","","","","","","","","","","","","","","","NM_000314.6(PTEN):c.801+1delG","","","","","","","","","","","Likely Pathogenic","2017-10-18","PTEN-specific ACMG/AMP criteria","","Autosomal Dominant inheritance","","","PTEN c.801+1delG (IVS7+1delG) meets criteria to be classified as likely pathogenic for PTEN Hamartoma Tumor syndrome in an autosomal dominant manner using modified ACMG criteria (Mester et al. 2018; manuscript in preparation).  Please see a summary of the rules and criteria codes in the “PTEN ACMG Specifications Summary” document (assertion method column).

PVS1: Null variant predicted to result in nonsense-mediated decay or causing truncation/frameshift at or 5’ to c.1121 (NM_000314.4).
PM2: Absent in large sequenced populations (PMID 27535533).","","","","","","curation","germline","yes"
"747804f8-133a-4807-9f7e-4c8798e82ee5","","","NC_000010.11","","","87864487","87864487","A","G","","","","","","","","","","","","","","","","NM_000314.6(PTEN):c.18A>G (p.Lys6=)","","","","","","","","","","","Likely Benign","2016-10-12","PTEN-specific ACMG/AMP criteria","","Autosomal Dominant inheritance","","","PTEN c.18A>G (p.L6=) meets criteria to be classified as likely benign for PTEN Hamartoma Tumor syndrome in an autosomal dominant manner using modified ACMG criteria (Mester et al. 2018; manuscript in preparation).  Please see a summary of the rules and criteria codes in the “PTEN ACMG Specifications Summary” document (assertion method column).

BP4: Synonymous variant where at least 2 out of 3 in silico models predict no splicing impact.
BP7: Variant is synonymous (silent), nucleotide is not conserved, and no splicing impact is predicted.","","","","","","curation","germline","yes"
"f890d81d-90ed-4411-a0fd-a89669dd616a","","","NC_000010.11","","","87960984","87960984","C","T","","","","","","","","","","","","","","","","NM_000314.6(PTEN):c.892C>T (p.Gln298Ter)","","","","","","","","","","","Pathogenic","2017-10-18","PTEN-specific ACMG/AMP criteria","","Autosomal Dominant inheritance","","","PTEN c.892C>T (p.Q298X) meets criteria to be classified as pathogenic for PTEN Hamartoma Tumor syndrome in an autosomal dominant manner using modified ACMG criteria (Mester et al. 2018; manuscript in preparation).  Please see a summary of the rules and criteria codes in the “PTEN ACMG Specifications Summary” document (assertion method column).

PVS1: Null variant predicted to result in nonsense-mediated decay or causing truncation/frameshift at or 5’ to c.1121 (NM_000314.4).
PM2: Absent in large sequenced populations (PMID 27535533).
PS4_P: Proband(s) with phenotype specificity score of 1-1.5. (PMID 23470840)","","","","","","curation","germline","yes"
"742d7bc7-fc1a-47ac-b7fb-3be400cfe09f","","","NC_000010.11","","","87958042","87958042","G","A","","","","","","","","","","","","","","","","NM_000314.6(PTEN):c.801+23G>A","","","","","","","","","","","Likely Benign","2018-09-26","PTEN-specific ACMG/AMP criteria","","Autosomal Dominant inheritance","","","PTEN c.801+23G>A (IVS7+23G>A) meets criteria to be classified as likely benign for PTEN Hamartoma Tumor syndrome in an autosomal dominant manner using modified ACMG criteria (Mester et al. 2018; manuscript in preparation).  Please see a summary of the rules and criteria codes in the “PTEN ACMG Specifications Summary” document (assertion method column).

BS1: Allele frequency of 0.0024 (0.24%, 58/24,016 alleles) in the African subpopulation of the gnomAD cohort. (PMID 27535533)
BP4: Intronic variant where at least 2 out of 3 in silico models predict no splicing impact.","","","","","","curation","germline","yes"
"eb4d52da-5b73-477e-9890-d8c613ea7ae5","","","NC_000010.11","","","87863158","87863158","T","C","","","","","","","","","","","","","","","","NM_000314.6(PTEN):c.-1311T>C","","","","","","","","","","","Benign","2017-06-02","PTEN-specific ACMG/AMP criteria","","Autosomal Dominant inheritance","","","PTEN c.-1311T>C (NC_000010.10:g.89622915T>C) meets criteria to be classified as benign for PTEN Hamartoma Tumor syndrome in an autosomal dominant manner using modified ACMG criteria (Mester et al. 2018; manuscript in preparation).  Please see a summary of the rules and criteria codes in the “PTEN ACMG Specifications Summary” document (assertion method column).
BA1: Allele frequency of 0.0142 (1.42%, 23/1618 alleles) in the African subpopulation of the gnomAD cohort. (PMID 27535533)","","","","","","curation","germline","yes"
"53c09c9e-b77c-4949-8aef-58bcb3346e87","","","NC_000010.11","","","87933119","87933119","A","C","","","","","","","","","","","","","","","","NM_000314.6(PTEN):c.360A>C (p.Ala120=)","","","","","","","","","","","Likely Benign","2016-12-14","PTEN-specific ACMG/AMP criteria","","Autosomal Dominant inheritance","","","PTEN c.360A>C (p.A120=) meets criteria to be classified as likely benign for PTEN Hamartoma Tumor syndrome in an autosomal dominant manner using modified ACMG criteria (Mester et al. 2018; manuscript in preparation).  Please see a summary of the rules and criteria codes in the “PTEN ACMG Specifications Summary” document (assertion method column).

BP4: Synonymous variant where at least 2 out of 3 in silico models predict no splicing impact.
BP7: Variant is synonymous (silent), nucleotide is not conserved, and no splicing impact is predicted.","","","","","","curation","germline","yes"
"ba4a2bab-161e-445b-a38c-7ef4639e08a9","","","NC_000010.11","","","87965310","87965312","AGT","","","","","","","","","","","","","","","","","NM_000314.6(PTEN):c.1052_1054delTAG (p.Val351del)","","","","","","","","","","","Uncertain Significance","2017-11-08","PTEN-specific ACMG/AMP criteria","","Autosomal Dominant inheritance","","","PTEN c.1052_1054delTAG (p.V351del) is currently classified as a variant of uncertain significance for PTEN Hamartoma Tumor syndrome in an autosomal dominant manner using modified ACMG criteria (Mester et al. 2018; manuscript in preparation).  Please see a summary of the rules and criteria codes in the “PTEN ACMG Specifications Summary” document (assertion method column).

PM2: Absent in large sequenced populations (PMID 27535533).","","","","","","curation","germline","yes"
"5ae8d67a-b184-476c-878e-aef6ec246a56","","","NC_000010.11","","","87864547","87864547","C","T","","","","","","","","","","","","","","","","NM_000314.6(PTEN):c.78C>T (p.Thr26=)","","","","","","","","","","","Uncertain Significance","2017-12-18","PTEN-specific ACMG/AMP criteria","","Autosomal Dominant inheritance","","","PTEN c.78C>T (p.T26=) is currently classified as a variant of uncertain significance for PTEN Hamartoma Tumor syndrome in an autosomal dominant manner using modified ACMG criteria (Mester et al. 2018; manuscript in preparation).  Please see a summary of the rules and criteria codes in the “PTEN ACMG Specifications Summary” document (assertion method column).

PM2: Present at extremely low (<0.00001, 0.001%) allele frequency in the gnomAD cohort. (PMID 27535533).
BP7: Variant is synonymous (silent), nucleotide is not conserved, and no splicing impact is predicted.","","","","","","curation","germline","yes"
"2353f24f-8466-46ea-838d-a36a749f6a49","","","NC_000010.11","","","87965431","87965431","C","T","","","","","","","","","","","","","","","","NM_000314.6(PTEN):c.1171C>T (p.Pro391Ser)","","","","","","","","","","","Uncertain Significance","2017-11-08","PTEN-specific ACMG/AMP criteria","","Autosomal Dominant inheritance","","","PTEN c.1171C>T (p.P391S) is currently classified as a variant of uncertain significance for PTEN Hamartoma Tumor syndrome in an autosomal dominant manner using modified ACMG criteria (Mester et al. 2018; manuscript in preparation).  Please see a summary of the rules and criteria codes in the “PTEN ACMG Specifications Summary” document (assertion method column).

PM2: Present at extremely low (<0.00001, 0.001%) allele frequency in the gnomAD cohort. (PMID 27535533).
PP2: PTEN is defined by the PTEN Expert Panel as a gene that has a low rate of benign missense variation and where missense variants are a common mechanism of disease.","","","","","","curation","germline","yes"
"8f2c1cdc-0442-4dc1-ace0-ee811465348e","","","NC_000010.11","","","87952142","87952142","C","T","","","","","","","","","","","","","","","","NM_000314.6(PTEN):c.517C>T (p.Arg173Cys)","","","","","","","","","","","Pathogenic","2017-10-18","PTEN-specific ACMG/AMP criteria","","Autosomal Dominant inheritance","","","PTEN c.517C>T (p.R173C) meets criteria to be classified as pathogenic for PTEN Hamartoma Tumor syndrome in an autosomal dominant manner using modified ACMG criteria (Mester et al. 2018; manuscript in preparation).  Please see a summary of the rules and criteria codes in the “PTEN ACMG Specifications Summary” document (assertion method column).

PS2_VS: At least two proven OR one proven plus two assumed de novo observations in a patient with the disease and no family history. (PMID 17526800, PMID 22628360, internal laboratory contributor(s) SCV000222220.10)
PS3: Phosphatase activity <50% of wild type. (PMID 10866302)
PM2: Absent in large sequenced populations (PMID 27535533).
PS4_M: Probands with phenotype specificity score of 2-3.5. (PMID 22628360, PMID 17526800, PMID 17526801)
PP1: Co-segregation with disease in multiple affected family members, with 3 or 4 meioses observed. (PMID 22628360)
PP2: PTEN is defined by the PTEN Expert Panel as a gene that has a low rate of benign missense variation and where missense variants are a common mechanism of disease.","","","","","","curation","germline","yes"
"9a0535ed-2b90-4309-917f-cbcce2549f2a","","","NC_000010.11","","","87961119","87961119","G","A","","","","","","","","","","","","","","","","NM_000314.6(PTEN):c.1026+1G>A","","","","","","","","","","","Pathogenic","2017-10-18","PTEN-specific ACMG/AMP criteria","","Autosomal Dominant inheritance","","","PTEN c.1026+1G>A (IVS8+1G>A) meets criteria to be classified as pathogenic for PTEN Hamartoma Tumor syndrome in an autosomal dominant manner using modified ACMG criteria (Mester et al. 2018; manuscript in preparation).  Please see a summary of the rules and criteria codes in the “PTEN ACMG Specifications Summary” document (assertion method column).

PVS1: Null variant predicted to result in nonsense-mediated decay or causing truncation/frameshift at or 5’ to c.1121 (NM_000314.4) (PMID 28677221).
PM2: Absent in large sequenced populations (PMID 27535533).
PS4_M: Probands with phenotype specificity score of 2-3.5. (PMID 28677221, internal laboratory contributor(s) SCV000212764.4)","","","","","","curation","germline","yes"
"1c091a56-7fdb-41a4-9573-e48254ef08b7","","","NC_000010.11","","","87863705","87863705","G","A","","","","","","","","","","","","","","","","NM_000314.6(PTEN):c.-764G>A","","","","","","","","","","","Uncertain Significance","2018-04-06","PTEN-specific ACMG/AMP criteria","","Autosomal Dominant inheritance","","","PTEN c.-764G>A (NC_000010.10:g.89623462G>A) is currently classified as a variant of uncertain significance for PTEN Hamartoma Tumor syndrome in an autosomal dominant manner using modified ACMG criteria (Mester et al. 2018; manuscript in preparation).  Please see a summary of the rules and criteria codes in the “PTEN ACMG Specifications Summary” document (assertion method column).

PM2: Present at extremely low (<0.00001, 0.001%) allele frequency in the gnomAD cohort. (PMID 27535533).","","","","","","curation","germline","yes"
"e8d81f24-56b8-4bfb-82c1-e3c4bb305db9","","","NC_000010.11","","","87864583","87864583","C","T","","","","","","","","","","","","","","","","NM_000314.6(PTEN):c.79+35C>T","","","","","","","","","","","Benign","2016-09-14","PTEN-specific ACMG/AMP criteria","","Autosomal Dominant inheritance","","","PTEN c.79+35C>T (IVS1+35C>T) meets criteria to be classified as benign for PTEN Hamartoma Tumor syndrome in an autosomal dominant manner using modified ACMG criteria (Mester et al. 2018; manuscript in preparation).  Please see a summary of the rules and criteria codes in the “PTEN ACMG Specifications Summary” document (assertion method column).

BS1: Allele frequency of 0.00178 (1.78%, 492/277,200 alleles) in the gnomAD cohort. (PMID 27535533) 
BS3: Intronic variant with RNA, mini-gene, or other splicing assay demonstrating no splicing impact. (PMID 17636424)","","","","","","curation","germline","yes"
