{
    "@context": "http://datamodel.clinicalgenome.org/interpretation/json/context",
    "condition": [
        {
            "disease": [
                {
                    "id": "http://monarchinitiative.org/disease/MONDO_0009861",
                    "type": "Disease",
                    "userLabel": "phenylketonuria"
                }
            ],
            "modeOfInheritance": {
                "id": "HP:0000007",
                "label": "Autosomal Recessive",
                "type": "ModeOfInheritance"
            },
            "type": "GeneticCondition"
        }
    ],
    "contribution": [
        {
            "agent": {
                "id": "https://vci.clinicalgenome.org/users/8f88bcae-5b67-42a2-ac27-0d856a8fbb65/",
                "label": "Diane Zastrow",
                "type": "Agent"
            },
            "contributionDate": "2017-12-02T22:46:52.504421+00:00",
            "contributionRole": {
                "label": "interpreter",
                "type": "ContributoryRole"
            },
            "type": "Contribution"
        }
    ],
    "evidenceLine": [
        {
            "evidenceItem": [
                {
                    "contribution": [
                        {
                            "agent": "https://vci.clinicalgenome.org/users/8f88bcae-5b67-42a2-ac27-0d856a8fbb65/",
                            "contributionDate": "2017-12-02T22:33:32.328265+00:00",
                            "contributionRole": {
                                "label": "assessor",
                                "type": "ContributoryRole"
                            },
                            "type": "Contribution"
                        }
                    ],
                    "criterion": {
                        "defaultStrength": {
                            "id": "SEPIO:0000328",
                            "label": "Benign Strong",
                            "type": "EvidenceLineStrength"
                        },
                        "id": "SEPIO-CG:99039",
                        "label": "BS1",
                        "type": "Criterion"
                    },
                    "description": "Highest MAF=0.10514 in 1000G. 35 homozygotes in ExAC",
                    "evidenceLine": [
                        {
                            "evidenceItem": [
                                {
                                    "allele": {
                                        "CanonicalAlleleType": "nucleotide",
                                        "complexity": "simple",
                                        "id": "http://reg.genome.network/allele/CA180267",
                                        "relatedContextualAllele": [
                                            {
                                                "CanonicalAllele": "http://reg.genome.network/allele/CA180267",
                                                "allele": "A",
                                                "alleleName": [
                                                    {
                                                        "name": "NC_000012.12:g.102852957T>A",
                                                        "nameType": "hgvs"
                                                    },
                                                    {
                                                        "name": "CM000674.2:g.102852957T>A",
                                                        "nameType": "hgvs"
                                                    }
                                                ],
                                                "contextualAlleleType": "genomic",
                                                "preferred": true,
                                                "referenceCoordinate": {
                                                    "end": {
                                                        "index": 102852957
                                                    },
                                                    "refAllele": "T",
                                                    "referenceSequence": {
                                                        "display": "NC_000012.12",
                                                        "reference": "http://reg.genome.network/refseq/RS000060"
                                                    },
                                                    "start": {
                                                        "index": 102852956
                                                    }
                                                },
                                                "type": "ContextualAllele"
                                            },
                                            {
                                                "CanonicalAllele": "http://reg.genome.network/allele/CA180267",
                                                "allele": "A",
                                                "alleleName": [
                                                    {
                                                        "name": "NC_000012.10:g.101770865T>A",
                                                        "nameType": "hgvs"
                                                    }
                                                ],
                                                "contextualAlleleType": "genomic",
                                                "referenceCoordinate": {
                                                    "end": {
                                                        "index": 101770865
                                                    },
                                                    "refAllele": "T",
                                                    "referenceSequence": {
                                                        "display": "NC_000012.10",
                                                        "reference": "http://reg.genome.network/refseq/RS000012"
                                                    },
                                                    "start": {
                                                        "index": 101770864
                                                    }
                                                },
                                                "type": "ContextualAllele"
                                            },
                                            {
                                                "CanonicalAllele": "http://reg.genome.network/allele/CA180267",
                                                "allele": "A",
                                                "alleleName": [
                                                    {
                                                        "name": "NC_000012.11:g.103246735T>A",
                                                        "nameType": "hgvs"
                                                    },
                                                    {
                                                        "name": "CM000674.1:g.103246735T>A",
                                                        "nameType": "hgvs"
                                                    }
                                                ],
                                                "contextualAlleleType": "genomic",
                                                "referenceCoordinate": {
                                                    "end": {
                                                        "index": 103246735
                                                    },
                                                    "refAllele": "T",
                                                    "referenceSequence": {
                                                        "display": "NC_000012.11",
                                                        "reference": "http://reg.genome.network/refseq/RS000036"
                                                    },
                                                    "start": {
                                                        "index": 103246734
                                                    }
                                                },
                                                "type": "ContextualAllele"
                                            },
                                            {
                                                "CanonicalAllele": "http://reg.genome.network/allele/CA180267",
                                                "allele": "T",
                                                "alleleName": [
                                                    {
                                                        "name": "NG_008690.1:g.69646A>T",
                                                        "nameType": "hgvs"
                                                    }
                                                ],
                                                "contextualAlleleType": "genomic",
                                                "referenceCoordinate": {
                                                    "end": {
                                                        "index": 69646
                                                    },
                                                    "refAllele": "A",
                                                    "referenceSequence": {
                                                        "display": "",
                                                        "reference": "http://reg.genome.network/refseq/RS001168"
                                                    },
                                                    "start": {
                                                        "index": 69645
                                                    }
                                                },
                                                "type": "ContextualAllele"
                                            }
                                        ],
                                        "relatedIdentifier": [
                                            {
                                                "code": 102795,
                                                "display": "NM_000277.2(PAH):c.707-7A>T",
                                                "system": "http://www.ncbi.nlm.nih.gov/clinvar/variation/",
                                                "type": "Coding"
                                            },
                                            {
                                                "code": 62508624,
                                                "system": "http://www.ncbi.nlm.nih.gov/snp/",
                                                "type": "Coding"
                                            }
                                        ],
                                        "type": "CanonicalAllele"
                                    },
                                    "alleleCount": 367,
                                    "alleleFrequency": 0.08329550612800726,
                                    "alleleNumber": 4406,
                                    "ascertainment": {
                                        "label": "ESP",
                                        "type": "Ascertainment"
                                    },
                                    "contribution": [
                                        {
                                            "agent": "https://vci.clinicalgenome.org/users/8f88bcae-5b67-42a2-ac27-0d856a8fbb65/",
                                            "contributionDate": "2017-12-02T22:33:32.049905+00:00",
                                            "contributionRole": {
                                                "label": "curator",
                                                "type": "ContributoryRole"
                                            },
                                            "type": "Contribution"
                                        }
                                    ],
                                    "heterozygousAlleleIndividualCount": 339,
                                    "homozygousAlleleIndividualCount": 14,
                                    "population": {
                                        "label": "http://evs.gs.washington.edu/EVS/AA",
                                        "type": "Population"
                                    },
                                    "type": "AlleleFrequency"
                                }
                            ],
                            "type": "EvidenceLine"
                        },
                        {
                            "evidenceItem": [
                                {
                                    "allele": "http://reg.genome.network/allele/CA180267",
                                    "alleleCount": 374,
                                    "alleleFrequency": 0.028755958788251577,
                                    "alleleNumber": 13006,
                                    "ascertainment": {
                                        "label": "ESP",
                                        "type": "Ascertainment"
                                    },
                                    "contribution": [
                                        {
                                            "agent": "https://vci.clinicalgenome.org/users/8f88bcae-5b67-42a2-ac27-0d856a8fbb65/",
                                            "contributionDate": "2017-12-02T22:33:32.049905+00:00",
                                            "contributionRole": {
                                                "label": "curator",
                                                "type": "ContributoryRole"
                                            },
                                            "type": "Contribution"
                                        }
                                    ],
                                    "heterozygousAlleleIndividualCount": 346,
                                    "homozygousAlleleIndividualCount": 14,
                                    "population": {
                                        "label": "combined",
                                        "type": "Population"
                                    },
                                    "type": "AlleleFrequency"
                                }
                            ],
                            "type": "EvidenceLine"
                        },
                        {
                            "evidenceItem": [
                                {
                                    "allele": "http://reg.genome.network/allele/CA180267",
                                    "alleleCount": 7,
                                    "alleleFrequency": 0.0008139534883720931,
                                    "alleleNumber": 8600,
                                    "ascertainment": {
                                        "label": "ESP",
                                        "type": "Ascertainment"
                                    },
                                    "contribution": [
                                        {
                                            "agent": "https://vci.clinicalgenome.org/users/8f88bcae-5b67-42a2-ac27-0d856a8fbb65/",
                                            "contributionDate": "2017-12-02T22:33:32.049905+00:00",
                                            "contributionRole": {
                                                "label": "curator",
                                                "type": "ContributoryRole"
                                            },
                                            "type": "Contribution"
                                        }
                                    ],
                                    "heterozygousAlleleIndividualCount": 7,
                                    "homozygousAlleleIndividualCount": 0,
                                    "population": {
                                        "label": "http://evs.gs.washington.edu/EVS/EA",
                                        "type": "Population"
                                    },
                                    "type": "AlleleFrequency"
                                }
                            ],
                            "type": "EvidenceLine"
                        },
                        {
                            "evidenceItem": [
                                {
                                    "allele": "http://reg.genome.network/allele/CA180267",
                                    "alleleCount": 3,
                                    "alleleFrequency": 0.003432494279176201,
                                    "alleleNumber": 874,
                                    "ascertainment": {
                                        "label": "ExAC",
                                        "type": "Ascertainment"
                                    },
                                    "contribution": [
                                        {
                                            "agent": "https://vci.clinicalgenome.org/users/8f88bcae-5b67-42a2-ac27-0d856a8fbb65/",
                                            "contributionDate": "2017-12-02T22:33:32.049905+00:00",
                                            "contributionRole": {
                                                "label": "curator",
                                                "type": "ContributoryRole"
                                            },
                                            "type": "Contribution"
                                        }
                                    ],
                                    "homozygousAlleleIndividualCount": 0,
                                    "population": {
                                        "label": "other",
                                        "type": "Population"
                                    },
                                    "type": "AlleleFrequency"
                                }
                            ],
                            "type": "EvidenceLine"
                        },
                        {
                            "evidenceItem": [
                                {
                                    "allele": "http://reg.genome.network/allele/CA180267",
                                    "alleleCount": 56,
                                    "alleleFrequency": 0.0008617771075066942,
                                    "alleleNumber": 64982,
                                    "ascertainment": {
                                        "label": "ExAC",
                                        "type": "Ascertainment"
                                    },
                                    "contribution": [
                                        {
                                            "agent": "https://vci.clinicalgenome.org/users/8f88bcae-5b67-42a2-ac27-0d856a8fbb65/",
                                            "contributionDate": "2017-12-02T22:33:32.049905+00:00",
                                            "contributionRole": {
                                                "label": "curator",
                                                "type": "ContributoryRole"
                                            },
                                            "type": "Contribution"
                                        }
                                    ],
                                    "homozygousAlleleIndividualCount": 1,
                                    "population": {
                                        "label": "http://broadinstitute.org/populations/nfe",
                                        "type": "Population"
                                    },
                                    "type": "AlleleFrequency"
                                }
                            ],
                            "type": "EvidenceLine"
                        },
                        {
                            "evidenceItem": [
                                {
                                    "allele": "http://reg.genome.network/allele/CA180267",
                                    "alleleCount": 1049,
                                    "alleleFrequency": 0.008876140190553553,
                                    "alleleNumber": 118182,
                                    "ascertainment": {
                                        "label": "ExAC",
                                        "type": "Ascertainment"
                                    },
                                    "contribution": [
                                        {
                                            "agent": "https://vci.clinicalgenome.org/users/8f88bcae-5b67-42a2-ac27-0d856a8fbb65/",
                                            "contributionDate": "2017-12-02T22:33:32.049905+00:00",
                                            "contributionRole": {
                                                "label": "curator",
                                                "type": "ContributoryRole"
                                            },
                                            "type": "Contribution"
                                        }
                                    ],
                                    "homozygousAlleleIndividualCount": null,
                                    "population": {
                                        "label": "combined",
                                        "type": "Population"
                                    },
                                    "type": "AlleleFrequency"
                                }
                            ],
                            "type": "EvidenceLine"
                        },
                        {
                            "evidenceItem": [
                                {
                                    "allele": "http://reg.genome.network/allele/CA180267",
                                    "alleleCount": 2,
                                    "alleleFrequency": 0.0001232589670898558,
                                    "alleleNumber": 16226,
                                    "ascertainment": {
                                        "label": "ExAC",
                                        "type": "Ascertainment"
                                    },
                                    "contribution": [
                                        {
                                            "agent": "https://vci.clinicalgenome.org/users/8f88bcae-5b67-42a2-ac27-0d856a8fbb65/",
                                            "contributionDate": "2017-12-02T22:33:32.049905+00:00",
                                            "contributionRole": {
                                                "label": "curator",
                                                "type": "ContributoryRole"
                                            },
                                            "type": "Contribution"
                                        }
                                    ],
                                    "homozygousAlleleIndividualCount": 0,
                                    "population": {
                                        "label": "http://broadinstitute.org/populations/sas",
                                        "type": "Population"
                                    },
                                    "type": "AlleleFrequency"
                                }
                            ],
                            "type": "EvidenceLine"
                        },
                        {
                            "evidenceItem": [
                                {
                                    "allele": "http://reg.genome.network/allele/CA180267",
                                    "alleleCount": 0,
                                    "alleleFrequency": 0,
                                    "alleleNumber": 8144,
                                    "ascertainment": {
                                        "label": "ExAC",
                                        "type": "Ascertainment"
                                    },
                                    "contribution": [
                                        {
                                            "agent": "https://vci.clinicalgenome.org/users/8f88bcae-5b67-42a2-ac27-0d856a8fbb65/",
                                            "contributionDate": "2017-12-02T22:33:32.049905+00:00",
                                            "contributionRole": {
                                                "label": "curator",
                                                "type": "ContributoryRole"
                                            },
                                            "type": "Contribution"
                                        }
                                    ],
                                    "homozygousAlleleIndividualCount": 0,
                                    "population": {
                                        "label": "http://broadinstitute.org/populations/eas",
                                        "type": "Population"
                                    },
                                    "type": "AlleleFrequency"
                                }
                            ],
                            "type": "EvidenceLine"
                        },
                        {
                            "evidenceItem": [
                                {
                                    "allele": "http://reg.genome.network/allele/CA180267",
                                    "alleleCount": 78,
                                    "alleleFrequency": 0.006922257720979766,
                                    "alleleNumber": 11268,
                                    "ascertainment": {
                                        "label": "ExAC",
                                        "type": "Ascertainment"
                                    },
                                    "contribution": [
                                        {
                                            "agent": "https://vci.clinicalgenome.org/users/8f88bcae-5b67-42a2-ac27-0d856a8fbb65/",
                                            "contributionDate": "2017-12-02T22:33:32.049905+00:00",
                                            "contributionRole": {
                                                "label": "curator",
                                                "type": "ContributoryRole"
                                            },
                                            "type": "Contribution"
                                        }
                                    ],
                                    "homozygousAlleleIndividualCount": 1,
                                    "population": {
                                        "label": "http://broadinstitute.org/populations/amr",
                                        "type": "Population"
                                    },
                                    "type": "AlleleFrequency"
                                }
                            ],
                            "type": "EvidenceLine"
                        },
                        {
                            "evidenceItem": [
                                {
                                    "allele": "http://reg.genome.network/allele/CA180267",
                                    "alleleCount": 0,
                                    "alleleFrequency": 0,
                                    "alleleNumber": 6464,
                                    "ascertainment": {
                                        "label": "ExAC",
                                        "type": "Ascertainment"
                                    },
                                    "contribution": [
                                        {
                                            "agent": "https://vci.clinicalgenome.org/users/8f88bcae-5b67-42a2-ac27-0d856a8fbb65/",
                                            "contributionDate": "2017-12-02T22:33:32.049905+00:00",
                                            "contributionRole": {
                                                "label": "curator",
                                                "type": "ContributoryRole"
                                            },
                                            "type": "Contribution"
                                        }
                                    ],
                                    "homozygousAlleleIndividualCount": 0,
                                    "population": {
                                        "label": "http://broadinstitute.org/populations/fin",
                                        "type": "Population"
                                    },
                                    "type": "AlleleFrequency"
                                }
                            ],
                            "type": "EvidenceLine"
                        },
                        {
                            "evidenceItem": [
                                {
                                    "allele": "http://reg.genome.network/allele/CA180267",
                                    "alleleCount": 910,
                                    "alleleFrequency": 0.08900625978090766,
                                    "alleleNumber": 10224,
                                    "ascertainment": {
                                        "label": "ExAC",
                                        "type": "Ascertainment"
                                    },
                                    "contribution": [
                                        {
                                            "agent": "https://vci.clinicalgenome.org/users/8f88bcae-5b67-42a2-ac27-0d856a8fbb65/",
                                            "contributionDate": "2017-12-02T22:33:32.049905+00:00",
                                            "contributionRole": {
                                                "label": "curator",
                                                "type": "ContributoryRole"
                                            },
                                            "type": "Contribution"
                                        }
                                    ],
                                    "homozygousAlleleIndividualCount": 33,
                                    "population": {
                                        "label": "http://broadinstitute.org/populations/afr",
                                        "type": "Population"
                                    },
                                    "type": "AlleleFrequency"
                                }
                            ],
                            "type": "EvidenceLine"
                        },
                        {
                            "evidenceItem": [
                                {
                                    "allele": "http://reg.genome.network/allele/CA180267",
                                    "alleleCount": 8,
                                    "alleleFrequency": 0.0115273775216138,
                                    "alleleNumber": 694,
                                    "ascertainment": {
                                        "label": "1KG",
                                        "type": "Ascertainment"
                                    },
                                    "contribution": [
                                        {
                                            "agent": "https://vci.clinicalgenome.org/users/8f88bcae-5b67-42a2-ac27-0d856a8fbb65/",
                                            "contributionDate": "2017-12-02T22:33:32.049905+00:00",
                                            "contributionRole": {
                                                "label": "curator",
                                                "type": "ContributoryRole"
                                            },
                                            "type": "Contribution"
                                        }
                                    ],
                                    "homozygousAlleleIndividualCount": 0,
                                    "population": {
                                        "label": "http://www.internationalgenome.org/category/population/amr",
                                        "type": "Population"
                                    },
                                    "type": "AlleleFrequency"
                                }
                            ],
                            "type": "EvidenceLine"
                        },
                        {
                            "evidenceItem": [
                                {
                                    "allele": "http://reg.genome.network/allele/CA180267",
                                    "alleleCount": 367,
                                    "alleleFrequency": 0.0832955,
                                    "alleleNumber": 4406,
                                    "ascertainment": {
                                        "label": "1KG_ESP",
                                        "type": "Ascertainment"
                                    },
                                    "contribution": [
                                        {
                                            "agent": "https://vci.clinicalgenome.org/users/8f88bcae-5b67-42a2-ac27-0d856a8fbb65/",
                                            "contributionDate": "2017-12-02T22:33:32.049905+00:00",
                                            "contributionRole": {
                                                "label": "curator",
                                                "type": "ContributoryRole"
                                            },
                                            "type": "Contribution"
                                        }
                                    ],
                                    "homozygousAlleleIndividualCount": 14,
                                    "population": {
                                        "label": "http://evs.gs.washington.edu/EVS/AA",
                                        "type": "Population"
                                    },
                                    "type": "AlleleFrequency"
                                }
                            ],
                            "type": "EvidenceLine"
                        },
                        {
                            "evidenceItem": [
                                {
                                    "allele": "http://reg.genome.network/allele/CA180267",
                                    "alleleCount": 147,
                                    "alleleFrequency": 0.02935303514377,
                                    "alleleNumber": 5008,
                                    "ascertainment": {
                                        "label": "1KG",
                                        "type": "Ascertainment"
                                    },
                                    "contribution": [
                                        {
                                            "agent": "https://vci.clinicalgenome.org/users/8f88bcae-5b67-42a2-ac27-0d856a8fbb65/",
                                            "contributionDate": "2017-12-02T22:33:32.049905+00:00",
                                            "contributionRole": {
                                                "label": "curator",
                                                "type": "ContributoryRole"
                                            },
                                            "type": "Contribution"
                                        }
                                    ],
                                    "homozygousAlleleIndividualCount": 6,
                                    "population": {
                                        "label": "combined",
                                        "type": "Population"
                                    },
                                    "type": "AlleleFrequency"
                                }
                            ],
                            "type": "EvidenceLine"
                        },
                        {
                            "evidenceItem": [
                                {
                                    "allele": "http://reg.genome.network/allele/CA180267",
                                    "alleleCount": 0,
                                    "alleleFrequency": 0.0,
                                    "alleleNumber": 978,
                                    "ascertainment": {
                                        "label": "1KG",
                                        "type": "Ascertainment"
                                    },
                                    "contribution": [
                                        {
                                            "agent": "https://vci.clinicalgenome.org/users/8f88bcae-5b67-42a2-ac27-0d856a8fbb65/",
                                            "contributionDate": "2017-12-02T22:33:32.049905+00:00",
                                            "contributionRole": {
                                                "label": "curator",
                                                "type": "ContributoryRole"
                                            },
                                            "type": "Contribution"
                                        }
                                    ],
                                    "homozygousAlleleIndividualCount": 0,
                                    "population": {
                                        "label": "http://www.internationalgenome.org/category/population/sas",
                                        "type": "Population"
                                    },
                                    "type": "AlleleFrequency"
                                }
                            ],
                            "type": "EvidenceLine"
                        },
                        {
                            "evidenceItem": [
                                {
                                    "allele": "http://reg.genome.network/allele/CA180267",
                                    "alleleCount": 0,
                                    "alleleFrequency": 0.0,
                                    "alleleNumber": 1008,
                                    "ascertainment": {
                                        "label": "1KG",
                                        "type": "Ascertainment"
                                    },
                                    "contribution": [
                                        {
                                            "agent": "https://vci.clinicalgenome.org/users/8f88bcae-5b67-42a2-ac27-0d856a8fbb65/",
                                            "contributionDate": "2017-12-02T22:33:32.049905+00:00",
                                            "contributionRole": {
                                                "label": "curator",
                                                "type": "ContributoryRole"
                                            },
                                            "type": "Contribution"
                                        }
                                    ],
                                    "homozygousAlleleIndividualCount": 0,
                                    "population": {
                                        "label": "http://www.internationalgenome.org/category/population/eas",
                                        "type": "Population"
                                    },
                                    "type": "AlleleFrequency"
                                }
                            ],
                            "type": "EvidenceLine"
                        },
                        {
                            "evidenceItem": [
                                {
                                    "allele": "http://reg.genome.network/allele/CA180267",
                                    "alleleCount": 7,
                                    "alleleFrequency": 0.000813953,
                                    "alleleNumber": 8600,
                                    "ascertainment": {
                                        "label": "1KG_ESP",
                                        "type": "Ascertainment"
                                    },
                                    "contribution": [
                                        {
                                            "agent": "https://vci.clinicalgenome.org/users/8f88bcae-5b67-42a2-ac27-0d856a8fbb65/",
                                            "contributionDate": "2017-12-02T22:33:32.049905+00:00",
                                            "contributionRole": {
                                                "label": "curator",
                                                "type": "ContributoryRole"
                                            },
                                            "type": "Contribution"
                                        }
                                    ],
                                    "homozygousAlleleIndividualCount": 0,
                                    "population": {
                                        "label": "http://evs.gs.washington.edu/EVS/EA",
                                        "type": "Population"
                                    },
                                    "type": "AlleleFrequency"
                                }
                            ],
                            "type": "EvidenceLine"
                        },
                        {
                            "evidenceItem": [
                                {
                                    "allele": "http://reg.genome.network/allele/CA180267",
                                    "alleleCount": 139,
                                    "alleleFrequency": 0.105143721633888,
                                    "alleleNumber": 1322,
                                    "ascertainment": {
                                        "label": "1KG",
                                        "type": "Ascertainment"
                                    },
                                    "contribution": [
                                        {
                                            "agent": "https://vci.clinicalgenome.org/users/8f88bcae-5b67-42a2-ac27-0d856a8fbb65/",
                                            "contributionDate": "2017-12-02T22:33:32.049905+00:00",
                                            "contributionRole": {
                                                "label": "curator",
                                                "type": "ContributoryRole"
                                            },
                                            "type": "Contribution"
                                        }
                                    ],
                                    "homozygousAlleleIndividualCount": 6,
                                    "population": {
                                        "label": "http://www.internationalgenome.org/category/population/afr",
                                        "type": "Population"
                                    },
                                    "type": "AlleleFrequency"
                                }
                            ],
                            "type": "EvidenceLine"
                        },
                        {
                            "evidenceItem": [
                                {
                                    "allele": "http://reg.genome.network/allele/CA180267",
                                    "alleleCount": 0,
                                    "alleleFrequency": 0.0,
                                    "alleleNumber": 1006,
                                    "ascertainment": {
                                        "label": "1KG",
                                        "type": "Ascertainment"
                                    },
                                    "contribution": [
                                        {
                                            "agent": "https://vci.clinicalgenome.org/users/8f88bcae-5b67-42a2-ac27-0d856a8fbb65/",
                                            "contributionDate": "2017-12-02T22:33:32.049905+00:00",
                                            "contributionRole": {
                                                "label": "curator",
                                                "type": "ContributoryRole"
                                            },
                                            "type": "Contribution"
                                        }
                                    ],
                                    "homozygousAlleleIndividualCount": 0,
                                    "population": {
                                        "label": "http://www.internationalgenome.org/category/population/eur",
                                        "type": "Population"
                                    },
                                    "type": "AlleleFrequency"
                                }
                            ],
                            "type": "EvidenceLine"
                        }
                    ],
                    "id": "/evaluations/d90b8167-97c7-4430-99be-49e4e09172b9/",
                    "outcome": {
                        "label": "http://clinicalgenome.org/datamodel/criterion-assertion-outcome/met",
                        "type": "CriterionEvaluation"
                    },
                    "type": "CriterionAssessment",
                    "variant": "http://reg.genome.network/allele/CA180267"
                }
            ],
            "evidenceStrength": "SEPIO:0000328",
            "type": "EvidenceLine"
        },
        {
            "evidenceItem": [
                {
                    "contribution": [
                        {
                            "agent": "https://vci.clinicalgenome.org/users/8f88bcae-5b67-42a2-ac27-0d856a8fbb65/",
                            "contributionDate": "2017-12-02T22:21:42.144654+00:00",
                            "contributionRole": {
                                "label": "assessor",
                                "type": "ContributoryRole"
                            },
                            "type": "Contribution"
                        }
                    ],
                    "criterion": {
                        "defaultStrength": {
                            "id": "SEPIO:0000327",
                            "label": "Benign Supporting",
                            "type": "EvidenceLineStrength"
                        },
                        "id": "SEPIO-CG:99046",
                        "label": "BP4",
                        "type": "Criterion"
                    },
                    "description": "HSF: No significant splicing motif alteration detected.\nThis mutation has probably no impact on splicing. CADD=1.163344",
                    "evidenceLine": [
                        {
                            "evidenceItem": [
                                {
                                    "algorithm": "siphy",
                                    "allele": "http://reg.genome.network/allele/CA180267",
                                    "contribution": [
                                        {
                                            "agent": "https://vci.clinicalgenome.org/users/8f88bcae-5b67-42a2-ac27-0d856a8fbb65/",
                                            "contributionDate": "2017-12-02T22:21:41.940505+00:00",
                                            "contributionRole": {
                                                "label": "curator",
                                                "type": "ContributoryRole"
                                            },
                                            "type": "Contribution"
                                        }
                                    ],
                                    "score": null,
                                    "type": "AlleleConservationScore"
                                }
                            ],
                            "type": "EvidenceLine"
                        },
                        {
                            "evidenceItem": [
                                {
                                    "algorithm": "phylop7way",
                                    "allele": "http://reg.genome.network/allele/CA180267",
                                    "contribution": [
                                        {
                                            "agent": "https://vci.clinicalgenome.org/users/8f88bcae-5b67-42a2-ac27-0d856a8fbb65/",
                                            "contributionDate": "2017-12-02T22:21:41.940505+00:00",
                                            "contributionRole": {
                                                "label": "curator",
                                                "type": "ContributoryRole"
                                            },
                                            "type": "Contribution"
                                        }
                                    ],
                                    "score": null,
                                    "type": "AlleleConservationScore"
                                }
                            ],
                            "type": "EvidenceLine"
                        },
                        {
                            "evidenceItem": [
                                {
                                    "algorithm": "phylop20way",
                                    "allele": "http://reg.genome.network/allele/CA180267",
                                    "contribution": [
                                        {
                                            "agent": "https://vci.clinicalgenome.org/users/8f88bcae-5b67-42a2-ac27-0d856a8fbb65/",
                                            "contributionDate": "2017-12-02T22:21:41.940505+00:00",
                                            "contributionRole": {
                                                "label": "curator",
                                                "type": "ContributoryRole"
                                            },
                                            "type": "Contribution"
                                        }
                                    ],
                                    "score": null,
                                    "type": "AlleleConservationScore"
                                }
                            ],
                            "type": "EvidenceLine"
                        },
                        {
                            "evidenceItem": [
                                {
                                    "algorithm": "gerp",
                                    "allele": "http://reg.genome.network/allele/CA180267",
                                    "contribution": [
                                        {
                                            "agent": "https://vci.clinicalgenome.org/users/8f88bcae-5b67-42a2-ac27-0d856a8fbb65/",
                                            "contributionDate": "2017-12-02T22:21:41.940505+00:00",
                                            "contributionRole": {
                                                "label": "curator",
                                                "type": "ContributoryRole"
                                            },
                                            "type": "Contribution"
                                        }
                                    ],
                                    "score": null,
                                    "type": "AlleleConservationScore"
                                }
                            ],
                            "type": "EvidenceLine"
                        },
                        {
                            "evidenceItem": [
                                {
                                    "algorithm": "phastconsp7way",
                                    "allele": "http://reg.genome.network/allele/CA180267",
                                    "contribution": [
                                        {
                                            "agent": "https://vci.clinicalgenome.org/users/8f88bcae-5b67-42a2-ac27-0d856a8fbb65/",
                                            "contributionDate": "2017-12-02T22:21:41.940505+00:00",
                                            "contributionRole": {
                                                "label": "curator",
                                                "type": "ContributoryRole"
                                            },
                                            "type": "Contribution"
                                        }
                                    ],
                                    "score": null,
                                    "type": "AlleleConservationScore"
                                }
                            ],
                            "type": "EvidenceLine"
                        },
                        {
                            "evidenceItem": [
                                {
                                    "algorithm": "phastconsp20way",
                                    "allele": "http://reg.genome.network/allele/CA180267",
                                    "contribution": [
                                        {
                                            "agent": "https://vci.clinicalgenome.org/users/8f88bcae-5b67-42a2-ac27-0d856a8fbb65/",
                                            "contributionDate": "2017-12-02T22:21:41.940505+00:00",
                                            "contributionRole": {
                                                "label": "curator",
                                                "type": "ContributoryRole"
                                            },
                                            "type": "Contribution"
                                        }
                                    ],
                                    "score": null,
                                    "type": "AlleleConservationScore"
                                }
                            ],
                            "type": "EvidenceLine"
                        },
                        {
                            "evidenceItem": [
                                {
                                    "algorithm": "cadd",
                                    "canonicalAllele": "http://reg.genome.network/allele/CA180267",
                                    "contribution": [
                                        {
                                            "agent": "https://vci.clinicalgenome.org/users/8f88bcae-5b67-42a2-ac27-0d856a8fbb65/",
                                            "contributionDate": "2017-12-02T22:21:41.940505+00:00",
                                            "contributionRole": {
                                                "label": "curator",
                                                "type": "ContributoryRole"
                                            },
                                            "type": "Contribution"
                                        }
                                    ],
                                    "evidenceLine": [
                                        {
                                            "evidenceItem": [
                                                {
                                                    "algorithm": "cadd",
                                                    "canonicalAllele": "http://reg.genome.network/allele/CA180267",
                                                    "prediction": "1.163344",
                                                    "predictionType": {
                                                        "label": "http://clinicalgenome.org/datamodel/prediction-type/me",
                                                        "type": "Prediction"
                                                    },
                                                    "type": "InSilicoPredictionScore"
                                                }
                                            ],
                                            "type": "EvidenceLine"
                                        }
                                    ],
                                    "prediction": "higher score = higher pathogenicity",
                                    "predictionType": {
                                        "label": "http://clinicalgenome.org/datamodel/prediction-type/me",
                                        "type": "Prediction"
                                    },
                                    "type": "InSilicoPrediction"
                                }
                            ],
                            "type": "EvidenceLine"
                        },
                        {
                            "evidenceItem": [
                                {
                                    "algorithm": "fitcons",
                                    "canonicalAllele": "http://reg.genome.network/allele/CA180267",
                                    "contribution": [
                                        {
                                            "agent": "https://vci.clinicalgenome.org/users/8f88bcae-5b67-42a2-ac27-0d856a8fbb65/",
                                            "contributionDate": "2017-12-02T22:21:41.940505+00:00",
                                            "contributionRole": {
                                                "label": "curator",
                                                "type": "ContributoryRole"
                                            },
                                            "type": "Contribution"
                                        }
                                    ],
                                    "prediction": "higher score = higher pathogenicity",
                                    "predictionType": {
                                        "label": "http://clinicalgenome.org/datamodel/prediction-type/me",
                                        "type": "Prediction"
                                    },
                                    "type": "InSilicoPrediction"
                                }
                            ],
                            "type": "EvidenceLine"
                        }
                    ],
                    "id": "/evaluations/68c7a7e2-2822-46ff-95e7-66901d6c72f0/",
                    "outcome": {
                        "label": "http://clinicalgenome.org/datamodel/criterion-assertion-outcome/met",
                        "type": "CriterionEvaluation"
                    },
                    "type": "CriterionAssessment",
                    "variant": "http://reg.genome.network/allele/CA180267"
                }
            ],
            "evidenceStrength": "SEPIO:0000327",
            "type": "EvidenceLine"
        }
    ],
    "id": "https://vci.clinicalgenome.org/interpretations/ef426544-d234-401a-81e4-5e2f6a9ded0a/",
    "outcome": {
        "label": "Likely benign",
        "type": "Significance"
    },
    "type": "VariantInterpretation",
    "variant": "http://reg.genome.network/allele/CA180267"
}