{
    "@context": "http://datamodel.clinicalgenome.org/interpretation/json/context",
    "condition": [
        {
            "disease": [
                {
                    "id": "http://monarchinitiative.org/disease/MONDO_0009861",
                    "type": "Disease",
                    "userLabel": "phenylketonuria"
                }
            ],
            "modeOfInheritance": {
                "id": "HP:0000007",
                "label": "Autosomal Recessive",
                "type": "ModeOfInheritance"
            },
            "type": "GeneticCondition"
        }
    ],
    "contribution": [
        {
            "agent": {
                "id": "https://vci.clinicalgenome.org/users/1db40a7e-e6dc-46dd-9e17-44efbf53d508/",
                "label": "Amanda Thomas",
                "type": "Agent"
            },
            "contributionDate": "2017-10-24T11:40:39.716841+00:00",
            "contributionRole": {
                "label": "interpreter",
                "type": "ContributoryRole"
            },
            "type": "Contribution"
        }
    ],
    "evidenceLine": [
        {
            "evidenceItem": [
                {
                    "contribution": [
                        {
                            "agent": "https://vci.clinicalgenome.org/users/1db40a7e-e6dc-46dd-9e17-44efbf53d508/",
                            "contributionDate": "2017-10-24T11:22:39.679557+00:00",
                            "contributionRole": {
                                "label": "assessor",
                                "type": "ContributoryRole"
                            },
                            "type": "Contribution"
                        }
                    ],
                    "criterion": {
                        "defaultStrength": {
                            "id": "SEPIO:0000216",
                            "label": "Pathogenic Moderate",
                            "type": "EvidenceLineStrength"
                        },
                        "id": "SEPIO-CG:99028",
                        "label": "PM2",
                        "type": "Criterion"
                    },
                    "description": "8.1e-6 allele frequency in GnomAD, not found in any other databases",
                    "evidenceLine": [
                        {
                            "evidenceItem": [
                                {
                                    "allele": {
                                        "CanonicalAlleleType": "nucleotide",
                                        "complexity": "simple",
                                        "id": "http://reg.genome.network/allele/CA274088",
                                        "relatedContextualAllele": [
                                            {
                                                "CanonicalAllele": "http://reg.genome.network/allele/CA274088",
                                                "allele": "G",
                                                "alleleName": [
                                                    {
                                                        "name": "NC_000012.12:g.102843645C>G",
                                                        "nameType": "hgvs"
                                                    },
                                                    {
                                                        "name": "CM000674.2:g.102843645C>G",
                                                        "nameType": "hgvs"
                                                    }
                                                ],
                                                "contextualAlleleType": "genomic",
                                                "preferred": true,
                                                "referenceCoordinate": {
                                                    "end": {
                                                        "index": 102843645
                                                    },
                                                    "refAllele": "C",
                                                    "referenceSequence": {
                                                        "display": "NC_000012.12",
                                                        "reference": "http://reg.genome.network/refseq/RS000060"
                                                    },
                                                    "start": {
                                                        "index": 102843644
                                                    }
                                                },
                                                "type": "ContextualAllele"
                                            },
                                            {
                                                "CanonicalAllele": "http://reg.genome.network/allele/CA274088",
                                                "allele": "G",
                                                "alleleName": [
                                                    {
                                                        "name": "NC_000012.10:g.101761553C>G",
                                                        "nameType": "hgvs"
                                                    }
                                                ],
                                                "contextualAlleleType": "genomic",
                                                "referenceCoordinate": {
                                                    "end": {
                                                        "index": 101761553
                                                    },
                                                    "refAllele": "C",
                                                    "referenceSequence": {
                                                        "display": "NC_000012.10",
                                                        "reference": "http://reg.genome.network/refseq/RS000012"
                                                    },
                                                    "start": {
                                                        "index": 101761552
                                                    }
                                                },
                                                "type": "ContextualAllele"
                                            },
                                            {
                                                "CanonicalAllele": "http://reg.genome.network/allele/CA274088",
                                                "allele": "G",
                                                "alleleName": [
                                                    {
                                                        "name": "NC_000012.11:g.103237423C>G",
                                                        "nameType": "hgvs"
                                                    },
                                                    {
                                                        "name": "CM000674.1:g.103237423C>G",
                                                        "nameType": "hgvs"
                                                    }
                                                ],
                                                "contextualAlleleType": "genomic",
                                                "referenceCoordinate": {
                                                    "end": {
                                                        "index": 103237423
                                                    },
                                                    "refAllele": "C",
                                                    "referenceSequence": {
                                                        "display": "NC_000012.11",
                                                        "reference": "http://reg.genome.network/refseq/RS000036"
                                                    },
                                                    "start": {
                                                        "index": 103237422
                                                    }
                                                },
                                                "type": "ContextualAllele"
                                            },
                                            {
                                                "CanonicalAllele": "http://reg.genome.network/allele/CA274088",
                                                "allele": "C",
                                                "alleleName": [
                                                    {
                                                        "name": "NG_008690.1:g.78958G>C",
                                                        "nameType": "hgvs"
                                                    }
                                                ],
                                                "contextualAlleleType": "genomic",
                                                "referenceCoordinate": {
                                                    "end": {
                                                        "index": 78958
                                                    },
                                                    "refAllele": "G",
                                                    "referenceSequence": {
                                                        "display": "",
                                                        "reference": "http://reg.genome.network/refseq/RS001168"
                                                    },
                                                    "start": {
                                                        "index": 78957
                                                    }
                                                },
                                                "type": "ContextualAllele"
                                            }
                                        ],
                                        "relatedIdentifier": [
                                            {
                                                "code": 102557,
                                                "display": "NM_000277.2(PAH):c.1199+1G>C",
                                                "system": "http://www.ncbi.nlm.nih.gov/clinvar/variation/",
                                                "type": "Coding"
                                            },
                                            {
                                                "code": 62509015,
                                                "system": "http://www.ncbi.nlm.nih.gov/snp/",
                                                "type": "Coding"
                                            }
                                        ],
                                        "type": "CanonicalAllele"
                                    },
                                    "alleleCount": 0,
                                    "alleleNumber": 0,
                                    "ascertainment": {
                                        "label": "ESP",
                                        "type": "Ascertainment"
                                    },
                                    "contribution": [
                                        {
                                            "agent": "https://vci.clinicalgenome.org/users/1db40a7e-e6dc-46dd-9e17-44efbf53d508/",
                                            "contributionDate": "2017-10-24T11:22:39.413043+00:00",
                                            "contributionRole": {
                                                "label": "curator",
                                                "type": "ContributoryRole"
                                            },
                                            "type": "Contribution"
                                        }
                                    ],
                                    "population": {
                                        "label": "http://evs.gs.washington.edu/EVS/AA",
                                        "type": "Population"
                                    },
                                    "type": "AlleleFrequency"
                                }
                            ],
                            "type": "EvidenceLine"
                        },
                        {
                            "evidenceItem": [
                                {
                                    "allele": "http://reg.genome.network/allele/CA274088",
                                    "alleleCount": 0,
                                    "alleleNumber": 0,
                                    "ascertainment": {
                                        "label": "ESP",
                                        "type": "Ascertainment"
                                    },
                                    "contribution": [
                                        {
                                            "agent": "https://vci.clinicalgenome.org/users/1db40a7e-e6dc-46dd-9e17-44efbf53d508/",
                                            "contributionDate": "2017-10-24T11:22:39.413043+00:00",
                                            "contributionRole": {
                                                "label": "curator",
                                                "type": "ContributoryRole"
                                            },
                                            "type": "Contribution"
                                        }
                                    ],
                                    "population": {
                                        "label": "combined",
                                        "type": "Population"
                                    },
                                    "type": "AlleleFrequency"
                                }
                            ],
                            "type": "EvidenceLine"
                        },
                        {
                            "evidenceItem": [
                                {
                                    "allele": "http://reg.genome.network/allele/CA274088",
                                    "alleleCount": 0,
                                    "alleleNumber": 0,
                                    "ascertainment": {
                                        "label": "ESP",
                                        "type": "Ascertainment"
                                    },
                                    "contribution": [
                                        {
                                            "agent": "https://vci.clinicalgenome.org/users/1db40a7e-e6dc-46dd-9e17-44efbf53d508/",
                                            "contributionDate": "2017-10-24T11:22:39.413043+00:00",
                                            "contributionRole": {
                                                "label": "curator",
                                                "type": "ContributoryRole"
                                            },
                                            "type": "Contribution"
                                        }
                                    ],
                                    "population": {
                                        "label": "http://evs.gs.washington.edu/EVS/EA",
                                        "type": "Population"
                                    },
                                    "type": "AlleleFrequency"
                                }
                            ],
                            "type": "EvidenceLine"
                        },
                        {
                            "evidenceItem": [
                                {
                                    "allele": "http://reg.genome.network/allele/CA274088",
                                    "alleleCount": 0,
                                    "alleleNumber": 0,
                                    "ascertainment": {
                                        "label": "ExAC",
                                        "type": "Ascertainment"
                                    },
                                    "contribution": [
                                        {
                                            "agent": "https://vci.clinicalgenome.org/users/1db40a7e-e6dc-46dd-9e17-44efbf53d508/",
                                            "contributionDate": "2017-10-24T11:22:39.413043+00:00",
                                            "contributionRole": {
                                                "label": "curator",
                                                "type": "ContributoryRole"
                                            },
                                            "type": "Contribution"
                                        }
                                    ],
                                    "homozygousAlleleIndividualCount": 0,
                                    "population": {
                                        "label": "other",
                                        "type": "Population"
                                    },
                                    "type": "AlleleFrequency"
                                }
                            ],
                            "type": "EvidenceLine"
                        },
                        {
                            "evidenceItem": [
                                {
                                    "allele": "http://reg.genome.network/allele/CA274088",
                                    "alleleCount": 0,
                                    "alleleNumber": 0,
                                    "ascertainment": {
                                        "label": "ExAC",
                                        "type": "Ascertainment"
                                    },
                                    "contribution": [
                                        {
                                            "agent": "https://vci.clinicalgenome.org/users/1db40a7e-e6dc-46dd-9e17-44efbf53d508/",
                                            "contributionDate": "2017-10-24T11:22:39.413043+00:00",
                                            "contributionRole": {
                                                "label": "curator",
                                                "type": "ContributoryRole"
                                            },
                                            "type": "Contribution"
                                        }
                                    ],
                                    "homozygousAlleleIndividualCount": 0,
                                    "population": {
                                        "label": "http://broadinstitute.org/populations/nfe",
                                        "type": "Population"
                                    },
                                    "type": "AlleleFrequency"
                                }
                            ],
                            "type": "EvidenceLine"
                        },
                        {
                            "evidenceItem": [
                                {
                                    "allele": "http://reg.genome.network/allele/CA274088",
                                    "alleleCount": 0,
                                    "alleleNumber": 0,
                                    "ascertainment": {
                                        "label": "ExAC",
                                        "type": "Ascertainment"
                                    },
                                    "contribution": [
                                        {
                                            "agent": "https://vci.clinicalgenome.org/users/1db40a7e-e6dc-46dd-9e17-44efbf53d508/",
                                            "contributionDate": "2017-10-24T11:22:39.413043+00:00",
                                            "contributionRole": {
                                                "label": "curator",
                                                "type": "ContributoryRole"
                                            },
                                            "type": "Contribution"
                                        }
                                    ],
                                    "homozygousAlleleIndividualCount": 0,
                                    "population": {
                                        "label": "combined",
                                        "type": "Population"
                                    },
                                    "type": "AlleleFrequency"
                                }
                            ],
                            "type": "EvidenceLine"
                        },
                        {
                            "evidenceItem": [
                                {
                                    "allele": "http://reg.genome.network/allele/CA274088",
                                    "alleleCount": 0,
                                    "alleleNumber": 0,
                                    "ascertainment": {
                                        "label": "ExAC",
                                        "type": "Ascertainment"
                                    },
                                    "contribution": [
                                        {
                                            "agent": "https://vci.clinicalgenome.org/users/1db40a7e-e6dc-46dd-9e17-44efbf53d508/",
                                            "contributionDate": "2017-10-24T11:22:39.413043+00:00",
                                            "contributionRole": {
                                                "label": "curator",
                                                "type": "ContributoryRole"
                                            },
                                            "type": "Contribution"
                                        }
                                    ],
                                    "homozygousAlleleIndividualCount": 0,
                                    "population": {
                                        "label": "http://broadinstitute.org/populations/sas",
                                        "type": "Population"
                                    },
                                    "type": "AlleleFrequency"
                                }
                            ],
                            "type": "EvidenceLine"
                        },
                        {
                            "evidenceItem": [
                                {
                                    "allele": "http://reg.genome.network/allele/CA274088",
                                    "alleleCount": 0,
                                    "alleleNumber": 0,
                                    "ascertainment": {
                                        "label": "ExAC",
                                        "type": "Ascertainment"
                                    },
                                    "contribution": [
                                        {
                                            "agent": "https://vci.clinicalgenome.org/users/1db40a7e-e6dc-46dd-9e17-44efbf53d508/",
                                            "contributionDate": "2017-10-24T11:22:39.413043+00:00",
                                            "contributionRole": {
                                                "label": "curator",
                                                "type": "ContributoryRole"
                                            },
                                            "type": "Contribution"
                                        }
                                    ],
                                    "homozygousAlleleIndividualCount": 0,
                                    "population": {
                                        "label": "http://broadinstitute.org/populations/eas",
                                        "type": "Population"
                                    },
                                    "type": "AlleleFrequency"
                                }
                            ],
                            "type": "EvidenceLine"
                        },
                        {
                            "evidenceItem": [
                                {
                                    "allele": "http://reg.genome.network/allele/CA274088",
                                    "alleleCount": 0,
                                    "alleleNumber": 0,
                                    "ascertainment": {
                                        "label": "ExAC",
                                        "type": "Ascertainment"
                                    },
                                    "contribution": [
                                        {
                                            "agent": "https://vci.clinicalgenome.org/users/1db40a7e-e6dc-46dd-9e17-44efbf53d508/",
                                            "contributionDate": "2017-10-24T11:22:39.413043+00:00",
                                            "contributionRole": {
                                                "label": "curator",
                                                "type": "ContributoryRole"
                                            },
                                            "type": "Contribution"
                                        }
                                    ],
                                    "homozygousAlleleIndividualCount": 0,
                                    "population": {
                                        "label": "http://broadinstitute.org/populations/amr",
                                        "type": "Population"
                                    },
                                    "type": "AlleleFrequency"
                                }
                            ],
                            "type": "EvidenceLine"
                        },
                        {
                            "evidenceItem": [
                                {
                                    "allele": "http://reg.genome.network/allele/CA274088",
                                    "alleleCount": 0,
                                    "alleleNumber": 0,
                                    "ascertainment": {
                                        "label": "ExAC",
                                        "type": "Ascertainment"
                                    },
                                    "contribution": [
                                        {
                                            "agent": "https://vci.clinicalgenome.org/users/1db40a7e-e6dc-46dd-9e17-44efbf53d508/",
                                            "contributionDate": "2017-10-24T11:22:39.413043+00:00",
                                            "contributionRole": {
                                                "label": "curator",
                                                "type": "ContributoryRole"
                                            },
                                            "type": "Contribution"
                                        }
                                    ],
                                    "homozygousAlleleIndividualCount": 0,
                                    "population": {
                                        "label": "http://broadinstitute.org/populations/fin",
                                        "type": "Population"
                                    },
                                    "type": "AlleleFrequency"
                                }
                            ],
                            "type": "EvidenceLine"
                        },
                        {
                            "evidenceItem": [
                                {
                                    "allele": "http://reg.genome.network/allele/CA274088",
                                    "alleleCount": 0,
                                    "alleleNumber": 0,
                                    "ascertainment": {
                                        "label": "ExAC",
                                        "type": "Ascertainment"
                                    },
                                    "contribution": [
                                        {
                                            "agent": "https://vci.clinicalgenome.org/users/1db40a7e-e6dc-46dd-9e17-44efbf53d508/",
                                            "contributionDate": "2017-10-24T11:22:39.413043+00:00",
                                            "contributionRole": {
                                                "label": "curator",
                                                "type": "ContributoryRole"
                                            },
                                            "type": "Contribution"
                                        }
                                    ],
                                    "homozygousAlleleIndividualCount": 0,
                                    "population": {
                                        "label": "http://broadinstitute.org/populations/afr",
                                        "type": "Population"
                                    },
                                    "type": "AlleleFrequency"
                                }
                            ],
                            "type": "EvidenceLine"
                        },
                        {
                            "evidenceItem": [
                                {
                                    "allele": "http://reg.genome.network/allele/CA274088",
                                    "alleleCount": 0,
                                    "alleleNumber": 0,
                                    "ascertainment": {
                                        "label": "1KG",
                                        "type": "Ascertainment"
                                    },
                                    "contribution": [
                                        {
                                            "agent": "https://vci.clinicalgenome.org/users/1db40a7e-e6dc-46dd-9e17-44efbf53d508/",
                                            "contributionDate": "2017-10-24T11:22:39.413043+00:00",
                                            "contributionRole": {
                                                "label": "curator",
                                                "type": "ContributoryRole"
                                            },
                                            "type": "Contribution"
                                        }
                                    ],
                                    "homozygousAlleleIndividualCount": 0,
                                    "population": {
                                        "label": "http://www.internationalgenome.org/category/population/amr",
                                        "type": "Population"
                                    },
                                    "type": "AlleleFrequency"
                                }
                            ],
                            "type": "EvidenceLine"
                        },
                        {
                            "evidenceItem": [
                                {
                                    "allele": "http://reg.genome.network/allele/CA274088",
                                    "alleleCount": 0,
                                    "alleleNumber": 0,
                                    "ascertainment": {
                                        "label": "1KG_ESP",
                                        "type": "Ascertainment"
                                    },
                                    "contribution": [
                                        {
                                            "agent": "https://vci.clinicalgenome.org/users/1db40a7e-e6dc-46dd-9e17-44efbf53d508/",
                                            "contributionDate": "2017-10-24T11:22:39.413043+00:00",
                                            "contributionRole": {
                                                "label": "curator",
                                                "type": "ContributoryRole"
                                            },
                                            "type": "Contribution"
                                        }
                                    ],
                                    "homozygousAlleleIndividualCount": 0,
                                    "population": {
                                        "label": "http://evs.gs.washington.edu/EVS/AA",
                                        "type": "Population"
                                    },
                                    "type": "AlleleFrequency"
                                }
                            ],
                            "type": "EvidenceLine"
                        },
                        {
                            "evidenceItem": [
                                {
                                    "allele": "http://reg.genome.network/allele/CA274088",
                                    "alleleCount": 0,
                                    "alleleNumber": 0,
                                    "ascertainment": {
                                        "label": "1KG",
                                        "type": "Ascertainment"
                                    },
                                    "contribution": [
                                        {
                                            "agent": "https://vci.clinicalgenome.org/users/1db40a7e-e6dc-46dd-9e17-44efbf53d508/",
                                            "contributionDate": "2017-10-24T11:22:39.413043+00:00",
                                            "contributionRole": {
                                                "label": "curator",
                                                "type": "ContributoryRole"
                                            },
                                            "type": "Contribution"
                                        }
                                    ],
                                    "homozygousAlleleIndividualCount": 0,
                                    "population": {
                                        "label": "combined",
                                        "type": "Population"
                                    },
                                    "type": "AlleleFrequency"
                                }
                            ],
                            "type": "EvidenceLine"
                        },
                        {
                            "evidenceItem": [
                                {
                                    "allele": "http://reg.genome.network/allele/CA274088",
                                    "alleleCount": 0,
                                    "alleleNumber": 0,
                                    "ascertainment": {
                                        "label": "1KG",
                                        "type": "Ascertainment"
                                    },
                                    "contribution": [
                                        {
                                            "agent": "https://vci.clinicalgenome.org/users/1db40a7e-e6dc-46dd-9e17-44efbf53d508/",
                                            "contributionDate": "2017-10-24T11:22:39.413043+00:00",
                                            "contributionRole": {
                                                "label": "curator",
                                                "type": "ContributoryRole"
                                            },
                                            "type": "Contribution"
                                        }
                                    ],
                                    "homozygousAlleleIndividualCount": 0,
                                    "population": {
                                        "label": "http://www.internationalgenome.org/category/population/sas",
                                        "type": "Population"
                                    },
                                    "type": "AlleleFrequency"
                                }
                            ],
                            "type": "EvidenceLine"
                        },
                        {
                            "evidenceItem": [
                                {
                                    "allele": "http://reg.genome.network/allele/CA274088",
                                    "alleleCount": 0,
                                    "alleleNumber": 0,
                                    "ascertainment": {
                                        "label": "1KG",
                                        "type": "Ascertainment"
                                    },
                                    "contribution": [
                                        {
                                            "agent": "https://vci.clinicalgenome.org/users/1db40a7e-e6dc-46dd-9e17-44efbf53d508/",
                                            "contributionDate": "2017-10-24T11:22:39.413043+00:00",
                                            "contributionRole": {
                                                "label": "curator",
                                                "type": "ContributoryRole"
                                            },
                                            "type": "Contribution"
                                        }
                                    ],
                                    "homozygousAlleleIndividualCount": 0,
                                    "population": {
                                        "label": "http://www.internationalgenome.org/category/population/eas",
                                        "type": "Population"
                                    },
                                    "type": "AlleleFrequency"
                                }
                            ],
                            "type": "EvidenceLine"
                        },
                        {
                            "evidenceItem": [
                                {
                                    "allele": "http://reg.genome.network/allele/CA274088",
                                    "alleleCount": 0,
                                    "alleleNumber": 0,
                                    "ascertainment": {
                                        "label": "1KG_ESP",
                                        "type": "Ascertainment"
                                    },
                                    "contribution": [
                                        {
                                            "agent": "https://vci.clinicalgenome.org/users/1db40a7e-e6dc-46dd-9e17-44efbf53d508/",
                                            "contributionDate": "2017-10-24T11:22:39.413043+00:00",
                                            "contributionRole": {
                                                "label": "curator",
                                                "type": "ContributoryRole"
                                            },
                                            "type": "Contribution"
                                        }
                                    ],
                                    "homozygousAlleleIndividualCount": 0,
                                    "population": {
                                        "label": "http://evs.gs.washington.edu/EVS/EA",
                                        "type": "Population"
                                    },
                                    "type": "AlleleFrequency"
                                }
                            ],
                            "type": "EvidenceLine"
                        },
                        {
                            "evidenceItem": [
                                {
                                    "allele": "http://reg.genome.network/allele/CA274088",
                                    "alleleCount": 0,
                                    "alleleNumber": 0,
                                    "ascertainment": {
                                        "label": "1KG",
                                        "type": "Ascertainment"
                                    },
                                    "contribution": [
                                        {
                                            "agent": "https://vci.clinicalgenome.org/users/1db40a7e-e6dc-46dd-9e17-44efbf53d508/",
                                            "contributionDate": "2017-10-24T11:22:39.413043+00:00",
                                            "contributionRole": {
                                                "label": "curator",
                                                "type": "ContributoryRole"
                                            },
                                            "type": "Contribution"
                                        }
                                    ],
                                    "homozygousAlleleIndividualCount": 0,
                                    "population": {
                                        "label": "http://www.internationalgenome.org/category/population/afr",
                                        "type": "Population"
                                    },
                                    "type": "AlleleFrequency"
                                }
                            ],
                            "type": "EvidenceLine"
                        },
                        {
                            "evidenceItem": [
                                {
                                    "allele": "http://reg.genome.network/allele/CA274088",
                                    "alleleCount": 0,
                                    "alleleNumber": 0,
                                    "ascertainment": {
                                        "label": "1KG",
                                        "type": "Ascertainment"
                                    },
                                    "contribution": [
                                        {
                                            "agent": "https://vci.clinicalgenome.org/users/1db40a7e-e6dc-46dd-9e17-44efbf53d508/",
                                            "contributionDate": "2017-10-24T11:22:39.413043+00:00",
                                            "contributionRole": {
                                                "label": "curator",
                                                "type": "ContributoryRole"
                                            },
                                            "type": "Contribution"
                                        }
                                    ],
                                    "homozygousAlleleIndividualCount": 0,
                                    "population": {
                                        "label": "http://www.internationalgenome.org/category/population/eur",
                                        "type": "Population"
                                    },
                                    "type": "AlleleFrequency"
                                }
                            ],
                            "type": "EvidenceLine"
                        }
                    ],
                    "id": "/evaluations/22feec28-2c46-4aa4-99aa-32cf9961cab5/",
                    "outcome": {
                        "label": "http://clinicalgenome.org/datamodel/criterion-assertion-outcome/met",
                        "type": "CriterionEvaluation"
                    },
                    "type": "CriterionAssessment",
                    "variant": "http://reg.genome.network/allele/CA274088"
                }
            ],
            "evidenceStrength": "SEPIO:0000216",
            "type": "EvidenceLine"
        },
        {
            "evidenceItem": [
                {
                    "contribution": [
                        {
                            "agent": "https://vci.clinicalgenome.org/users/1db40a7e-e6dc-46dd-9e17-44efbf53d508/",
                            "contributionDate": "2017-10-24T11:27:03.839860+00:00",
                            "contributionRole": {
                                "label": "assessor",
                                "type": "ContributoryRole"
                            },
                            "type": "Contribution"
                        }
                    ],
                    "criterion": {
                        "defaultStrength": {
                            "id": "SEPIO:0000216",
                            "label": "Pathogenic Moderate",
                            "type": "EvidenceLineStrength"
                        },
                        "id": "SEPIO-CG:99029",
                        "label": "PM3",
                        "type": "Criterion"
                    },
                    "description": "[c.898G>T];[c.1199+1G>C] in a patient with mild hyperphe (180umol/L)",
                    "id": "/evaluations/1257eabf-8aee-4e7e-af0a-466757f11252/",
                    "outcome": {
                        "label": "http://clinicalgenome.org/datamodel/criterion-assertion-outcome/met",
                        "type": "CriterionEvaluation"
                    },
                    "type": "CriterionAssessment",
                    "variant": "http://reg.genome.network/allele/CA274088"
                }
            ],
            "evidenceStrength": "SEPIO:0000216",
            "type": "EvidenceLine"
        },
        {
            "evidenceItem": [
                {
                    "contribution": [
                        {
                            "agent": "https://vci.clinicalgenome.org/users/1db40a7e-e6dc-46dd-9e17-44efbf53d508/",
                            "contributionDate": "2017-10-24T11:25:48.147755+00:00",
                            "contributionRole": {
                                "label": "assessor",
                                "type": "ContributoryRole"
                            },
                            "type": "Contribution"
                        }
                    ],
                    "criterion": {
                        "defaultStrength": {
                            "id": "SEPIO:0000329",
                            "label": "Pathogenic Supporting",
                            "type": "EvidenceLineStrength"
                        },
                        "id": "SEPIO-CG:99036",
                        "label": "PP4",
                        "type": "Criterion"
                    },
                    "description": "Single patient in Sterl 2013, BH4 defect excluded.  Also identified in multiple other patients (7 publications linked through ClinVar)",
                    "evidenceLine": [
                        {
                            "evidenceItem": [
                                {
                                    "contribution": [
                                        {
                                            "agent": "https://vci.clinicalgenome.org/users/1db40a7e-e6dc-46dd-9e17-44efbf53d508/",
                                            "contributionDate": "2017-10-24T11:26:13.613367+00:00",
                                            "contributionRole": {
                                                "label": "curator",
                                                "type": "ContributoryRole"
                                            },
                                            "type": "Contribution"
                                        }
                                    ],
                                    "description": "BH4 defect excluded in all patients",
                                    "source": [
                                        "https://www.ncbi.nlm.nih.gov/pubmed/22526846"
                                    ],
                                    "type": "Statement"
                                }
                            ],
                            "type": "EvidenceLine"
                        }
                    ],
                    "id": "/evaluations/e94eaa63-8bbd-4780-831f-536633afb81e/",
                    "outcome": {
                        "label": "http://clinicalgenome.org/datamodel/criterion-assertion-outcome/met",
                        "type": "CriterionEvaluation"
                    },
                    "type": "CriterionAssessment",
                    "variant": "http://reg.genome.network/allele/CA274088"
                }
            ],
            "evidenceStrength": {
                "id": "SEPIO:0000330",
                "label": "Pathogenic Strong",
                "type": "EvidenceLineStrength"
            },
            "type": "EvidenceLine"
        },
        {
            "evidenceItem": [
                {
                    "contribution": [
                        {
                            "agent": "https://vci.clinicalgenome.org/users/1db40a7e-e6dc-46dd-9e17-44efbf53d508/",
                            "contributionDate": "2017-10-24T11:38:36.537355+00:00",
                            "contributionRole": {
                                "label": "assessor",
                                "type": "ContributoryRole"
                            },
                            "type": "Contribution"
                        }
                    ],
                    "criterion": {
                        "defaultStrength": {
                            "id": "SEPIO:0000220",
                            "label": "Pathogenic Very Strong",
                            "type": "EvidenceLineStrength"
                        },
                        "id": "SEPIO-CG:99022",
                        "label": "PVS1",
                        "type": "Criterion"
                    },
                    "description": "+1 canonical splice site",
                    "id": "/evaluations/a20fd0eb-8328-4f7d-9417-c1c3bd9c81fd/",
                    "outcome": {
                        "label": "http://clinicalgenome.org/datamodel/criterion-assertion-outcome/met",
                        "type": "CriterionEvaluation"
                    },
                    "type": "CriterionAssessment",
                    "variant": "http://reg.genome.network/allele/CA274088"
                }
            ],
            "evidenceStrength": "SEPIO:0000220",
            "type": "EvidenceLine"
        }
    ],
    "id": "https://vci.clinicalgenome.org/interpretations/97e81c3d-c06f-476a-b576-a37317f3f512/",
    "outcome": {
        "id": "LN:LA6668-3",
        "label": "Pathogenic",
        "type": "Significance"
    },
    "type": "VariantInterpretation",
    "variant": "http://reg.genome.network/allele/CA274088"
}