{
    "@context": "http://datamodel.clinicalgenome.org/interpretation/json/context",
    "condition": [
        {
            "disease": [
                {
                    "id": "http://monarchinitiative.org/disease/MONDO_0009861",
                    "type": "Disease",
                    "userLabel": "phenylketonuria"
                }
            ],
            "modeOfInheritance": {
                "id": "HP:0000007",
                "label": "Autosomal Recessive",
                "type": "ModeOfInheritance"
            },
            "type": "GeneticCondition"
        }
    ],
    "contribution": [
        {
            "agent": {
                "id": "https://vci.clinicalgenome.org/users/1db40a7e-e6dc-46dd-9e17-44efbf53d508/",
                "label": "Amanda Thomas",
                "type": "Agent"
            },
            "contributionDate": "2017-05-23T04:14:31.331208+00:00",
            "contributionRole": {
                "label": "interpreter",
                "type": "ContributoryRole"
            },
            "type": "Contribution"
        }
    ],
    "evidenceLine": [
        {
            "evidenceItem": [
                {
                    "contribution": [
                        {
                            "agent": "https://vci.clinicalgenome.org/users/1db40a7e-e6dc-46dd-9e17-44efbf53d508/",
                            "contributionDate": "2017-05-23T04:09:04.209694+00:00",
                            "contributionRole": {
                                "label": "assessor",
                                "type": "ContributoryRole"
                            },
                            "type": "Contribution"
                        }
                    ],
                    "criterion": {
                        "defaultStrength": {
                            "id": "SEPIO:0000216",
                            "label": "Pathogenic Moderate",
                            "type": "EvidenceLineStrength"
                        },
                        "id": "SEPIO-CG:99028",
                        "label": "PM2",
                        "type": "Criterion"
                    },
                    "description": "Not found in any pop database.",
                    "evidenceLine": [
                        {
                            "evidenceItem": [
                                {
                                    "allele": {
                                        "CanonicalAlleleType": "nucleotide",
                                        "complexity": "simple",
                                        "id": "http://reg.genome.network/allele/CA229857",
                                        "relatedContextualAllele": [
                                            {
                                                "CanonicalAllele": "http://reg.genome.network/allele/CA229857",
                                                "allele": "T",
                                                "alleleName": [
                                                    {
                                                        "name": "NC_000012.12:g.102846929C>T",
                                                        "nameType": "hgvs"
                                                    },
                                                    {
                                                        "name": "CM000674.2:g.102846929C>T",
                                                        "nameType": "hgvs"
                                                    }
                                                ],
                                                "contextualAlleleType": "genomic",
                                                "preferred": true,
                                                "referenceCoordinate": {
                                                    "end": {
                                                        "index": 102846929
                                                    },
                                                    "refAllele": "C",
                                                    "referenceSequence": {
                                                        "display": "NC_000012.12",
                                                        "reference": "http://reg.genome.network/refseq/RS000060"
                                                    },
                                                    "start": {
                                                        "index": 102846928
                                                    }
                                                },
                                                "type": "ContextualAllele"
                                            },
                                            {
                                                "CanonicalAllele": "http://reg.genome.network/allele/CA229857",
                                                "allele": "T",
                                                "alleleName": [
                                                    {
                                                        "name": "NC_000012.10:g.101764837C>T",
                                                        "nameType": "hgvs"
                                                    }
                                                ],
                                                "contextualAlleleType": "genomic",
                                                "referenceCoordinate": {
                                                    "end": {
                                                        "index": 101764837
                                                    },
                                                    "refAllele": "C",
                                                    "referenceSequence": {
                                                        "display": "NC_000012.10",
                                                        "reference": "http://reg.genome.network/refseq/RS000012"
                                                    },
                                                    "start": {
                                                        "index": 101764836
                                                    }
                                                },
                                                "type": "ContextualAllele"
                                            },
                                            {
                                                "CanonicalAllele": "http://reg.genome.network/allele/CA229857",
                                                "allele": "T",
                                                "alleleName": [
                                                    {
                                                        "name": "NC_000012.11:g.103240707C>T",
                                                        "nameType": "hgvs"
                                                    },
                                                    {
                                                        "name": "CM000674.1:g.103240707C>T",
                                                        "nameType": "hgvs"
                                                    }
                                                ],
                                                "contextualAlleleType": "genomic",
                                                "referenceCoordinate": {
                                                    "end": {
                                                        "index": 103240707
                                                    },
                                                    "refAllele": "C",
                                                    "referenceSequence": {
                                                        "display": "NC_000012.11",
                                                        "reference": "http://reg.genome.network/refseq/RS000036"
                                                    },
                                                    "start": {
                                                        "index": 103240706
                                                    }
                                                },
                                                "type": "ContextualAllele"
                                            },
                                            {
                                                "CanonicalAllele": "http://reg.genome.network/allele/CA229857",
                                                "allele": "A",
                                                "alleleName": [
                                                    {
                                                        "name": "NG_008690.1:g.75674G>A",
                                                        "nameType": "hgvs"
                                                    }
                                                ],
                                                "contextualAlleleType": "genomic",
                                                "referenceCoordinate": {
                                                    "end": {
                                                        "index": 75674
                                                    },
                                                    "refAllele": "G",
                                                    "referenceSequence": {
                                                        "display": "",
                                                        "reference": "http://reg.genome.network/refseq/RS001168"
                                                    },
                                                    "start": {
                                                        "index": 75673
                                                    }
                                                },
                                                "type": "ContextualAllele"
                                            }
                                        ],
                                        "relatedIdentifier": [
                                            {
                                                "code": 102901,
                                                "display": "NM_000277.2(PAH):c.935G>A (p.Gly312Asp)",
                                                "system": "http://www.ncbi.nlm.nih.gov/clinvar/variation/",
                                                "type": "Coding"
                                            },
                                            {
                                                "code": 62642915,
                                                "system": "http://www.ncbi.nlm.nih.gov/snp/",
                                                "type": "Coding"
                                            }
                                        ],
                                        "type": "CanonicalAllele"
                                    },
                                    "alleleCount": 0,
                                    "alleleNumber": 0,
                                    "ascertainment": {
                                        "label": "ESP",
                                        "type": "Ascertainment"
                                    },
                                    "contribution": [
                                        {
                                            "agent": "https://vci.clinicalgenome.org/users/1db40a7e-e6dc-46dd-9e17-44efbf53d508/",
                                            "contributionDate": "2017-05-23T04:09:03.899548+00:00",
                                            "contributionRole": {
                                                "label": "curator",
                                                "type": "ContributoryRole"
                                            },
                                            "type": "Contribution"
                                        }
                                    ],
                                    "population": {
                                        "label": "http://evs.gs.washington.edu/EVS/AA",
                                        "type": "Population"
                                    },
                                    "type": "AlleleFrequency"
                                }
                            ],
                            "type": "EvidenceLine"
                        },
                        {
                            "evidenceItem": [
                                {
                                    "allele": "http://reg.genome.network/allele/CA229857",
                                    "alleleCount": 0,
                                    "alleleNumber": 0,
                                    "ascertainment": {
                                        "label": "ESP",
                                        "type": "Ascertainment"
                                    },
                                    "contribution": [
                                        {
                                            "agent": "https://vci.clinicalgenome.org/users/1db40a7e-e6dc-46dd-9e17-44efbf53d508/",
                                            "contributionDate": "2017-05-23T04:09:03.899548+00:00",
                                            "contributionRole": {
                                                "label": "curator",
                                                "type": "ContributoryRole"
                                            },
                                            "type": "Contribution"
                                        }
                                    ],
                                    "population": {
                                        "label": "combined",
                                        "type": "Population"
                                    },
                                    "type": "AlleleFrequency"
                                }
                            ],
                            "type": "EvidenceLine"
                        },
                        {
                            "evidenceItem": [
                                {
                                    "allele": "http://reg.genome.network/allele/CA229857",
                                    "alleleCount": 0,
                                    "alleleNumber": 0,
                                    "ascertainment": {
                                        "label": "ESP",
                                        "type": "Ascertainment"
                                    },
                                    "contribution": [
                                        {
                                            "agent": "https://vci.clinicalgenome.org/users/1db40a7e-e6dc-46dd-9e17-44efbf53d508/",
                                            "contributionDate": "2017-05-23T04:09:03.899548+00:00",
                                            "contributionRole": {
                                                "label": "curator",
                                                "type": "ContributoryRole"
                                            },
                                            "type": "Contribution"
                                        }
                                    ],
                                    "population": {
                                        "label": "http://evs.gs.washington.edu/EVS/EA",
                                        "type": "Population"
                                    },
                                    "type": "AlleleFrequency"
                                }
                            ],
                            "type": "EvidenceLine"
                        },
                        {
                            "evidenceItem": [
                                {
                                    "allele": "http://reg.genome.network/allele/CA229857",
                                    "alleleCount": 0,
                                    "alleleNumber": 0,
                                    "ascertainment": {
                                        "label": "ExAC",
                                        "type": "Ascertainment"
                                    },
                                    "contribution": [
                                        {
                                            "agent": "https://vci.clinicalgenome.org/users/1db40a7e-e6dc-46dd-9e17-44efbf53d508/",
                                            "contributionDate": "2017-05-23T04:09:03.899548+00:00",
                                            "contributionRole": {
                                                "label": "curator",
                                                "type": "ContributoryRole"
                                            },
                                            "type": "Contribution"
                                        }
                                    ],
                                    "homozygousAlleleIndividualCount": 0,
                                    "population": {
                                        "label": "other",
                                        "type": "Population"
                                    },
                                    "type": "AlleleFrequency"
                                }
                            ],
                            "type": "EvidenceLine"
                        },
                        {
                            "evidenceItem": [
                                {
                                    "allele": "http://reg.genome.network/allele/CA229857",
                                    "alleleCount": 0,
                                    "alleleNumber": 0,
                                    "ascertainment": {
                                        "label": "ExAC",
                                        "type": "Ascertainment"
                                    },
                                    "contribution": [
                                        {
                                            "agent": "https://vci.clinicalgenome.org/users/1db40a7e-e6dc-46dd-9e17-44efbf53d508/",
                                            "contributionDate": "2017-05-23T04:09:03.899548+00:00",
                                            "contributionRole": {
                                                "label": "curator",
                                                "type": "ContributoryRole"
                                            },
                                            "type": "Contribution"
                                        }
                                    ],
                                    "homozygousAlleleIndividualCount": 0,
                                    "population": {
                                        "label": "http://broadinstitute.org/populations/nfe",
                                        "type": "Population"
                                    },
                                    "type": "AlleleFrequency"
                                }
                            ],
                            "type": "EvidenceLine"
                        },
                        {
                            "evidenceItem": [
                                {
                                    "allele": "http://reg.genome.network/allele/CA229857",
                                    "alleleCount": 0,
                                    "alleleNumber": 0,
                                    "ascertainment": {
                                        "label": "ExAC",
                                        "type": "Ascertainment"
                                    },
                                    "contribution": [
                                        {
                                            "agent": "https://vci.clinicalgenome.org/users/1db40a7e-e6dc-46dd-9e17-44efbf53d508/",
                                            "contributionDate": "2017-05-23T04:09:03.899548+00:00",
                                            "contributionRole": {
                                                "label": "curator",
                                                "type": "ContributoryRole"
                                            },
                                            "type": "Contribution"
                                        }
                                    ],
                                    "homozygousAlleleIndividualCount": 0,
                                    "population": {
                                        "label": "combined",
                                        "type": "Population"
                                    },
                                    "type": "AlleleFrequency"
                                }
                            ],
                            "type": "EvidenceLine"
                        },
                        {
                            "evidenceItem": [
                                {
                                    "allele": "http://reg.genome.network/allele/CA229857",
                                    "alleleCount": 0,
                                    "alleleNumber": 0,
                                    "ascertainment": {
                                        "label": "ExAC",
                                        "type": "Ascertainment"
                                    },
                                    "contribution": [
                                        {
                                            "agent": "https://vci.clinicalgenome.org/users/1db40a7e-e6dc-46dd-9e17-44efbf53d508/",
                                            "contributionDate": "2017-05-23T04:09:03.899548+00:00",
                                            "contributionRole": {
                                                "label": "curator",
                                                "type": "ContributoryRole"
                                            },
                                            "type": "Contribution"
                                        }
                                    ],
                                    "homozygousAlleleIndividualCount": 0,
                                    "population": {
                                        "label": "http://broadinstitute.org/populations/sas",
                                        "type": "Population"
                                    },
                                    "type": "AlleleFrequency"
                                }
                            ],
                            "type": "EvidenceLine"
                        },
                        {
                            "evidenceItem": [
                                {
                                    "allele": "http://reg.genome.network/allele/CA229857",
                                    "alleleCount": 0,
                                    "alleleNumber": 0,
                                    "ascertainment": {
                                        "label": "ExAC",
                                        "type": "Ascertainment"
                                    },
                                    "contribution": [
                                        {
                                            "agent": "https://vci.clinicalgenome.org/users/1db40a7e-e6dc-46dd-9e17-44efbf53d508/",
                                            "contributionDate": "2017-05-23T04:09:03.899548+00:00",
                                            "contributionRole": {
                                                "label": "curator",
                                                "type": "ContributoryRole"
                                            },
                                            "type": "Contribution"
                                        }
                                    ],
                                    "homozygousAlleleIndividualCount": 0,
                                    "population": {
                                        "label": "http://broadinstitute.org/populations/eas",
                                        "type": "Population"
                                    },
                                    "type": "AlleleFrequency"
                                }
                            ],
                            "type": "EvidenceLine"
                        },
                        {
                            "evidenceItem": [
                                {
                                    "allele": "http://reg.genome.network/allele/CA229857",
                                    "alleleCount": 0,
                                    "alleleNumber": 0,
                                    "ascertainment": {
                                        "label": "ExAC",
                                        "type": "Ascertainment"
                                    },
                                    "contribution": [
                                        {
                                            "agent": "https://vci.clinicalgenome.org/users/1db40a7e-e6dc-46dd-9e17-44efbf53d508/",
                                            "contributionDate": "2017-05-23T04:09:03.899548+00:00",
                                            "contributionRole": {
                                                "label": "curator",
                                                "type": "ContributoryRole"
                                            },
                                            "type": "Contribution"
                                        }
                                    ],
                                    "homozygousAlleleIndividualCount": 0,
                                    "population": {
                                        "label": "http://broadinstitute.org/populations/amr",
                                        "type": "Population"
                                    },
                                    "type": "AlleleFrequency"
                                }
                            ],
                            "type": "EvidenceLine"
                        },
                        {
                            "evidenceItem": [
                                {
                                    "allele": "http://reg.genome.network/allele/CA229857",
                                    "alleleCount": 0,
                                    "alleleNumber": 0,
                                    "ascertainment": {
                                        "label": "ExAC",
                                        "type": "Ascertainment"
                                    },
                                    "contribution": [
                                        {
                                            "agent": "https://vci.clinicalgenome.org/users/1db40a7e-e6dc-46dd-9e17-44efbf53d508/",
                                            "contributionDate": "2017-05-23T04:09:03.899548+00:00",
                                            "contributionRole": {
                                                "label": "curator",
                                                "type": "ContributoryRole"
                                            },
                                            "type": "Contribution"
                                        }
                                    ],
                                    "homozygousAlleleIndividualCount": 0,
                                    "population": {
                                        "label": "http://broadinstitute.org/populations/fin",
                                        "type": "Population"
                                    },
                                    "type": "AlleleFrequency"
                                }
                            ],
                            "type": "EvidenceLine"
                        },
                        {
                            "evidenceItem": [
                                {
                                    "allele": "http://reg.genome.network/allele/CA229857",
                                    "alleleCount": 0,
                                    "alleleNumber": 0,
                                    "ascertainment": {
                                        "label": "ExAC",
                                        "type": "Ascertainment"
                                    },
                                    "contribution": [
                                        {
                                            "agent": "https://vci.clinicalgenome.org/users/1db40a7e-e6dc-46dd-9e17-44efbf53d508/",
                                            "contributionDate": "2017-05-23T04:09:03.899548+00:00",
                                            "contributionRole": {
                                                "label": "curator",
                                                "type": "ContributoryRole"
                                            },
                                            "type": "Contribution"
                                        }
                                    ],
                                    "homozygousAlleleIndividualCount": 0,
                                    "population": {
                                        "label": "http://broadinstitute.org/populations/afr",
                                        "type": "Population"
                                    },
                                    "type": "AlleleFrequency"
                                }
                            ],
                            "type": "EvidenceLine"
                        },
                        {
                            "evidenceItem": [
                                {
                                    "allele": "http://reg.genome.network/allele/CA229857",
                                    "alleleCount": 0,
                                    "alleleNumber": 0,
                                    "ascertainment": {
                                        "label": "1KG",
                                        "type": "Ascertainment"
                                    },
                                    "contribution": [
                                        {
                                            "agent": "https://vci.clinicalgenome.org/users/1db40a7e-e6dc-46dd-9e17-44efbf53d508/",
                                            "contributionDate": "2017-05-23T04:09:03.899548+00:00",
                                            "contributionRole": {
                                                "label": "curator",
                                                "type": "ContributoryRole"
                                            },
                                            "type": "Contribution"
                                        }
                                    ],
                                    "homozygousAlleleIndividualCount": 0,
                                    "population": {
                                        "label": "http://www.internationalgenome.org/category/population/amr",
                                        "type": "Population"
                                    },
                                    "type": "AlleleFrequency"
                                }
                            ],
                            "type": "EvidenceLine"
                        },
                        {
                            "evidenceItem": [
                                {
                                    "allele": "http://reg.genome.network/allele/CA229857",
                                    "alleleCount": 0,
                                    "alleleNumber": 0,
                                    "ascertainment": {
                                        "label": "1KG_ESP",
                                        "type": "Ascertainment"
                                    },
                                    "contribution": [
                                        {
                                            "agent": "https://vci.clinicalgenome.org/users/1db40a7e-e6dc-46dd-9e17-44efbf53d508/",
                                            "contributionDate": "2017-05-23T04:09:03.899548+00:00",
                                            "contributionRole": {
                                                "label": "curator",
                                                "type": "ContributoryRole"
                                            },
                                            "type": "Contribution"
                                        }
                                    ],
                                    "homozygousAlleleIndividualCount": 0,
                                    "population": {
                                        "label": "http://evs.gs.washington.edu/EVS/AA",
                                        "type": "Population"
                                    },
                                    "type": "AlleleFrequency"
                                }
                            ],
                            "type": "EvidenceLine"
                        },
                        {
                            "evidenceItem": [
                                {
                                    "allele": "http://reg.genome.network/allele/CA229857",
                                    "alleleCount": 0,
                                    "alleleNumber": 0,
                                    "ascertainment": {
                                        "label": "1KG",
                                        "type": "Ascertainment"
                                    },
                                    "contribution": [
                                        {
                                            "agent": "https://vci.clinicalgenome.org/users/1db40a7e-e6dc-46dd-9e17-44efbf53d508/",
                                            "contributionDate": "2017-05-23T04:09:03.899548+00:00",
                                            "contributionRole": {
                                                "label": "curator",
                                                "type": "ContributoryRole"
                                            },
                                            "type": "Contribution"
                                        }
                                    ],
                                    "homozygousAlleleIndividualCount": 0,
                                    "population": {
                                        "label": "combined",
                                        "type": "Population"
                                    },
                                    "type": "AlleleFrequency"
                                }
                            ],
                            "type": "EvidenceLine"
                        },
                        {
                            "evidenceItem": [
                                {
                                    "allele": "http://reg.genome.network/allele/CA229857",
                                    "alleleCount": 0,
                                    "alleleNumber": 0,
                                    "ascertainment": {
                                        "label": "1KG",
                                        "type": "Ascertainment"
                                    },
                                    "contribution": [
                                        {
                                            "agent": "https://vci.clinicalgenome.org/users/1db40a7e-e6dc-46dd-9e17-44efbf53d508/",
                                            "contributionDate": "2017-05-23T04:09:03.899548+00:00",
                                            "contributionRole": {
                                                "label": "curator",
                                                "type": "ContributoryRole"
                                            },
                                            "type": "Contribution"
                                        }
                                    ],
                                    "homozygousAlleleIndividualCount": 0,
                                    "population": {
                                        "label": "http://www.internationalgenome.org/category/population/sas",
                                        "type": "Population"
                                    },
                                    "type": "AlleleFrequency"
                                }
                            ],
                            "type": "EvidenceLine"
                        },
                        {
                            "evidenceItem": [
                                {
                                    "allele": "http://reg.genome.network/allele/CA229857",
                                    "alleleCount": 0,
                                    "alleleNumber": 0,
                                    "ascertainment": {
                                        "label": "1KG",
                                        "type": "Ascertainment"
                                    },
                                    "contribution": [
                                        {
                                            "agent": "https://vci.clinicalgenome.org/users/1db40a7e-e6dc-46dd-9e17-44efbf53d508/",
                                            "contributionDate": "2017-05-23T04:09:03.899548+00:00",
                                            "contributionRole": {
                                                "label": "curator",
                                                "type": "ContributoryRole"
                                            },
                                            "type": "Contribution"
                                        }
                                    ],
                                    "homozygousAlleleIndividualCount": 0,
                                    "population": {
                                        "label": "http://www.internationalgenome.org/category/population/eas",
                                        "type": "Population"
                                    },
                                    "type": "AlleleFrequency"
                                }
                            ],
                            "type": "EvidenceLine"
                        },
                        {
                            "evidenceItem": [
                                {
                                    "allele": "http://reg.genome.network/allele/CA229857",
                                    "alleleCount": 0,
                                    "alleleNumber": 0,
                                    "ascertainment": {
                                        "label": "1KG",
                                        "type": "Ascertainment"
                                    },
                                    "contribution": [
                                        {
                                            "agent": "https://vci.clinicalgenome.org/users/1db40a7e-e6dc-46dd-9e17-44efbf53d508/",
                                            "contributionDate": "2017-05-23T04:09:03.899548+00:00",
                                            "contributionRole": {
                                                "label": "curator",
                                                "type": "ContributoryRole"
                                            },
                                            "type": "Contribution"
                                        }
                                    ],
                                    "homozygousAlleleIndividualCount": 0,
                                    "population": {
                                        "label": "http://www.internationalgenome.org/category/population/eur",
                                        "type": "Population"
                                    },
                                    "type": "AlleleFrequency"
                                }
                            ],
                            "type": "EvidenceLine"
                        },
                        {
                            "evidenceItem": [
                                {
                                    "allele": "http://reg.genome.network/allele/CA229857",
                                    "alleleCount": 0,
                                    "alleleNumber": 0,
                                    "ascertainment": {
                                        "label": "1KG",
                                        "type": "Ascertainment"
                                    },
                                    "contribution": [
                                        {
                                            "agent": "https://vci.clinicalgenome.org/users/1db40a7e-e6dc-46dd-9e17-44efbf53d508/",
                                            "contributionDate": "2017-05-23T04:09:03.899548+00:00",
                                            "contributionRole": {
                                                "label": "curator",
                                                "type": "ContributoryRole"
                                            },
                                            "type": "Contribution"
                                        }
                                    ],
                                    "homozygousAlleleIndividualCount": 0,
                                    "population": {
                                        "label": "http://www.internationalgenome.org/category/population/afr",
                                        "type": "Population"
                                    },
                                    "type": "AlleleFrequency"
                                }
                            ],
                            "type": "EvidenceLine"
                        },
                        {
                            "evidenceItem": [
                                {
                                    "allele": "http://reg.genome.network/allele/CA229857",
                                    "alleleCount": 0,
                                    "alleleNumber": 0,
                                    "ascertainment": {
                                        "label": "1KG_ESP",
                                        "type": "Ascertainment"
                                    },
                                    "contribution": [
                                        {
                                            "agent": "https://vci.clinicalgenome.org/users/1db40a7e-e6dc-46dd-9e17-44efbf53d508/",
                                            "contributionDate": "2017-05-23T04:09:03.899548+00:00",
                                            "contributionRole": {
                                                "label": "curator",
                                                "type": "ContributoryRole"
                                            },
                                            "type": "Contribution"
                                        }
                                    ],
                                    "homozygousAlleleIndividualCount": 0,
                                    "population": {
                                        "label": "http://evs.gs.washington.edu/EVS/EA",
                                        "type": "Population"
                                    },
                                    "type": "AlleleFrequency"
                                }
                            ],
                            "type": "EvidenceLine"
                        }
                    ],
                    "id": "/evaluations/26a30880-58fa-405a-a5e2-cecc058d34b8/",
                    "outcome": {
                        "label": "http://clinicalgenome.org/datamodel/criterion-assertion-outcome/met",
                        "type": "CriterionEvaluation"
                    },
                    "type": "CriterionAssessment",
                    "variant": "http://reg.genome.network/allele/CA229857"
                }
            ],
            "evidenceStrength": "SEPIO:0000216",
            "type": "EvidenceLine"
        },
        {
            "evidenceItem": [
                {
                    "contribution": [
                        {
                            "agent": "https://vci.clinicalgenome.org/users/1db40a7e-e6dc-46dd-9e17-44efbf53d508/",
                            "contributionDate": "2017-05-23T04:10:12.705347+00:00",
                            "contributionRole": {
                                "label": "assessor",
                                "type": "ContributoryRole"
                            },
                            "type": "Contribution"
                        }
                    ],
                    "criterion": {
                        "defaultStrength": {
                            "id": "SEPIO:0000329",
                            "label": "Pathogenic Supporting",
                            "type": "EvidenceLineStrength"
                        },
                        "id": "SEPIO-CG:99035",
                        "label": "PP3",
                        "type": "Criterion"
                    },
                    "description": "All computational evidence support a deleterious effect.  REVEL=0.958",
                    "evidenceLine": [
                        {
                            "evidenceItem": [
                                {
                                    "algorithm": "siphy",
                                    "allele": "http://reg.genome.network/allele/CA229857",
                                    "contribution": [
                                        {
                                            "agent": "https://vci.clinicalgenome.org/users/1db40a7e-e6dc-46dd-9e17-44efbf53d508/",
                                            "contributionDate": "2017-05-23T04:10:12.453220+00:00",
                                            "contributionRole": {
                                                "label": "curator",
                                                "type": "ContributoryRole"
                                            },
                                            "type": "Contribution"
                                        }
                                    ],
                                    "score": "19.1358",
                                    "type": "AlleleConservationScore"
                                }
                            ],
                            "type": "EvidenceLine"
                        },
                        {
                            "evidenceItem": [
                                {
                                    "algorithm": "phylop7way",
                                    "allele": "http://reg.genome.network/allele/CA229857",
                                    "contribution": [
                                        {
                                            "agent": "https://vci.clinicalgenome.org/users/1db40a7e-e6dc-46dd-9e17-44efbf53d508/",
                                            "contributionDate": "2017-05-23T04:10:12.453220+00:00",
                                            "contributionRole": {
                                                "label": "curator",
                                                "type": "ContributoryRole"
                                            },
                                            "type": "Contribution"
                                        }
                                    ],
                                    "score": "4.646",
                                    "type": "AlleleConservationScore"
                                }
                            ],
                            "type": "EvidenceLine"
                        },
                        {
                            "evidenceItem": [
                                {
                                    "algorithm": "phylop20way",
                                    "allele": "http://reg.genome.network/allele/CA229857",
                                    "contribution": [
                                        {
                                            "agent": "https://vci.clinicalgenome.org/users/1db40a7e-e6dc-46dd-9e17-44efbf53d508/",
                                            "contributionDate": "2017-05-23T04:10:12.453220+00:00",
                                            "contributionRole": {
                                                "label": "curator",
                                                "type": "ContributoryRole"
                                            },
                                            "type": "Contribution"
                                        }
                                    ],
                                    "score": "0.847",
                                    "type": "AlleleConservationScore"
                                }
                            ],
                            "type": "EvidenceLine"
                        },
                        {
                            "evidenceItem": [
                                {
                                    "algorithm": "gerp",
                                    "allele": "http://reg.genome.network/allele/CA229857",
                                    "contribution": [
                                        {
                                            "agent": "https://vci.clinicalgenome.org/users/1db40a7e-e6dc-46dd-9e17-44efbf53d508/",
                                            "contributionDate": "2017-05-23T04:10:12.453220+00:00",
                                            "contributionRole": {
                                                "label": "curator",
                                                "type": "ContributoryRole"
                                            },
                                            "type": "Contribution"
                                        }
                                    ],
                                    "score": "5.38",
                                    "type": "AlleleConservationScore"
                                }
                            ],
                            "type": "EvidenceLine"
                        },
                        {
                            "evidenceItem": [
                                {
                                    "algorithm": "phastconsp20way",
                                    "allele": "http://reg.genome.network/allele/CA229857",
                                    "contribution": [
                                        {
                                            "agent": "https://vci.clinicalgenome.org/users/1db40a7e-e6dc-46dd-9e17-44efbf53d508/",
                                            "contributionDate": "2017-05-23T04:10:12.453220+00:00",
                                            "contributionRole": {
                                                "label": "curator",
                                                "type": "ContributoryRole"
                                            },
                                            "type": "Contribution"
                                        }
                                    ],
                                    "score": "0.939",
                                    "type": "AlleleConservationScore"
                                }
                            ],
                            "type": "EvidenceLine"
                        },
                        {
                            "evidenceItem": [
                                {
                                    "algorithm": "phastconsp7way",
                                    "allele": "http://reg.genome.network/allele/CA229857",
                                    "contribution": [
                                        {
                                            "agent": "https://vci.clinicalgenome.org/users/1db40a7e-e6dc-46dd-9e17-44efbf53d508/",
                                            "contributionDate": "2017-05-23T04:10:12.453220+00:00",
                                            "contributionRole": {
                                                "label": "curator",
                                                "type": "ContributoryRole"
                                            },
                                            "type": "Contribution"
                                        }
                                    ],
                                    "score": "1",
                                    "type": "AlleleConservationScore"
                                }
                            ],
                            "type": "EvidenceLine"
                        },
                        {
                            "evidenceItem": [
                                {
                                    "algorithm": "revel",
                                    "canonicalAllele": "http://reg.genome.network/allele/CA229857",
                                    "contribution": [
                                        {
                                            "agent": "https://vci.clinicalgenome.org/users/1db40a7e-e6dc-46dd-9e17-44efbf53d508/",
                                            "contributionDate": "2017-05-23T04:10:12.453220+00:00",
                                            "contributionRole": {
                                                "label": "curator",
                                                "type": "ContributoryRole"
                                            },
                                            "type": "Contribution"
                                        }
                                    ],
                                    "prediction": "0.958",
                                    "predictionType": {
                                        "label": "http://clinicalgenome.org/datamodel/prediction-type/me",
                                        "type": "Prediction"
                                    },
                                    "type": "InSilicoPredictionScore"
                                }
                            ],
                            "type": "EvidenceLine"
                        },
                        {
                            "evidenceItem": [
                                {
                                    "algorithm": "fathmm",
                                    "canonicalAllele": "http://reg.genome.network/allele/CA229857",
                                    "contribution": [
                                        {
                                            "agent": "https://vci.clinicalgenome.org/users/1db40a7e-e6dc-46dd-9e17-44efbf53d508/",
                                            "contributionDate": "2017-05-23T04:10:12.453220+00:00",
                                            "contributionRole": {
                                                "label": "curator",
                                                "type": "ContributoryRole"
                                            },
                                            "type": "Contribution"
                                        }
                                    ],
                                    "evidenceLine": [
                                        {
                                            "evidenceItem": [
                                                {
                                                    "algorithm": "fathmm",
                                                    "canonicalAllele": "http://reg.genome.network/allele/CA229857",
                                                    "prediction": -7.02,
                                                    "predictionType": {
                                                        "label": "http://clinicalgenome.org/datamodel/prediction-type/me",
                                                        "type": "Prediction"
                                                    },
                                                    "type": "InSilicoPredictionScore"
                                                }
                                            ],
                                            "type": "EvidenceLine"
                                        }
                                    ],
                                    "prediction": "D",
                                    "predictionType": {
                                        "label": "http://clinicalgenome.org/datamodel/prediction-type/me",
                                        "type": "Prediction"
                                    },
                                    "type": "InSilicoPrediction"
                                }
                            ],
                            "type": "EvidenceLine"
                        },
                        {
                            "evidenceItem": [
                                {
                                    "algorithm": "fathmm",
                                    "canonicalAllele": "http://reg.genome.network/allele/CA229857",
                                    "contribution": [
                                        {
                                            "agent": "https://vci.clinicalgenome.org/users/1db40a7e-e6dc-46dd-9e17-44efbf53d508/",
                                            "contributionDate": "2017-05-23T04:10:12.453220+00:00",
                                            "contributionRole": {
                                                "label": "curator",
                                                "type": "ContributoryRole"
                                            },
                                            "type": "Contribution"
                                        }
                                    ],
                                    "evidenceLine": [
                                        {
                                            "evidenceItem": [
                                                {
                                                    "algorithm": "fathmm",
                                                    "canonicalAllele": "http://reg.genome.network/allele/CA229857",
                                                    "prediction": -7.02,
                                                    "predictionType": {
                                                        "label": "http://clinicalgenome.org/datamodel/prediction-type/me",
                                                        "type": "Prediction"
                                                    },
                                                    "type": "InSilicoPredictionScore"
                                                }
                                            ],
                                            "type": "EvidenceLine"
                                        }
                                    ],
                                    "prediction": " D",
                                    "predictionType": {
                                        "label": "http://clinicalgenome.org/datamodel/prediction-type/me",
                                        "type": "Prediction"
                                    },
                                    "type": "InSilicoPrediction"
                                }
                            ],
                            "type": "EvidenceLine"
                        },
                        {
                            "evidenceItem": [
                                {
                                    "algorithm": "polyphen2_hdiv",
                                    "canonicalAllele": "http://reg.genome.network/allele/CA229857",
                                    "contribution": [
                                        {
                                            "agent": "https://vci.clinicalgenome.org/users/1db40a7e-e6dc-46dd-9e17-44efbf53d508/",
                                            "contributionDate": "2017-05-23T04:10:12.453220+00:00",
                                            "contributionRole": {
                                                "label": "curator",
                                                "type": "ContributoryRole"
                                            },
                                            "type": "Contribution"
                                        }
                                    ],
                                    "evidenceLine": [
                                        {
                                            "evidenceItem": [
                                                {
                                                    "algorithm": "polyphen2_hdiv",
                                                    "canonicalAllele": "http://reg.genome.network/allele/CA229857",
                                                    "prediction": 1,
                                                    "predictionType": {
                                                        "label": "http://clinicalgenome.org/datamodel/prediction-type/me",
                                                        "type": "Prediction"
                                                    },
                                                    "type": "InSilicoPredictionScore"
                                                }
                                            ],
                                            "type": "EvidenceLine"
                                        }
                                    ],
                                    "prediction": "D",
                                    "predictionType": {
                                        "label": "http://clinicalgenome.org/datamodel/prediction-type/me",
                                        "type": "Prediction"
                                    },
                                    "type": "InSilicoPrediction"
                                }
                            ],
                            "type": "EvidenceLine"
                        },
                        {
                            "evidenceItem": [
                                {
                                    "algorithm": "fathmm_mkl",
                                    "canonicalAllele": "http://reg.genome.network/allele/CA229857",
                                    "contribution": [
                                        {
                                            "agent": "https://vci.clinicalgenome.org/users/1db40a7e-e6dc-46dd-9e17-44efbf53d508/",
                                            "contributionDate": "2017-05-23T04:10:12.453220+00:00",
                                            "contributionRole": {
                                                "label": "curator",
                                                "type": "ContributoryRole"
                                            },
                                            "type": "Contribution"
                                        }
                                    ],
                                    "evidenceLine": [
                                        {
                                            "evidenceItem": [
                                                {
                                                    "algorithm": "fathmm_mkl",
                                                    "canonicalAllele": "http://reg.genome.network/allele/CA229857",
                                                    "prediction": 0.98828,
                                                    "predictionType": {
                                                        "label": "http://clinicalgenome.org/datamodel/prediction-type/me",
                                                        "type": "Prediction"
                                                    },
                                                    "type": "InSilicoPredictionScore"
                                                }
                                            ],
                                            "type": "EvidenceLine"
                                        }
                                    ],
                                    "prediction": "D",
                                    "predictionType": {
                                        "label": "http://clinicalgenome.org/datamodel/prediction-type/me",
                                        "type": "Prediction"
                                    },
                                    "type": "InSilicoPrediction"
                                }
                            ],
                            "type": "EvidenceLine"
                        },
                        {
                            "evidenceItem": [
                                {
                                    "algorithm": "polyphen2_hvar",
                                    "canonicalAllele": "http://reg.genome.network/allele/CA229857",
                                    "contribution": [
                                        {
                                            "agent": "https://vci.clinicalgenome.org/users/1db40a7e-e6dc-46dd-9e17-44efbf53d508/",
                                            "contributionDate": "2017-05-23T04:10:12.453220+00:00",
                                            "contributionRole": {
                                                "label": "curator",
                                                "type": "ContributoryRole"
                                            },
                                            "type": "Contribution"
                                        }
                                    ],
                                    "evidenceLine": [
                                        {
                                            "evidenceItem": [
                                                {
                                                    "algorithm": "polyphen2_hvar",
                                                    "canonicalAllele": "http://reg.genome.network/allele/CA229857",
                                                    "prediction": 1,
                                                    "predictionType": {
                                                        "label": "http://clinicalgenome.org/datamodel/prediction-type/me",
                                                        "type": "Prediction"
                                                    },
                                                    "type": "InSilicoPredictionScore"
                                                }
                                            ],
                                            "type": "EvidenceLine"
                                        }
                                    ],
                                    "prediction": "D",
                                    "predictionType": {
                                        "label": "http://clinicalgenome.org/datamodel/prediction-type/me",
                                        "type": "Prediction"
                                    },
                                    "type": "InSilicoPrediction"
                                }
                            ],
                            "type": "EvidenceLine"
                        },
                        {
                            "evidenceItem": [
                                {
                                    "algorithm": "mutationassessor",
                                    "canonicalAllele": "http://reg.genome.network/allele/CA229857",
                                    "contribution": [
                                        {
                                            "agent": "https://vci.clinicalgenome.org/users/1db40a7e-e6dc-46dd-9e17-44efbf53d508/",
                                            "contributionDate": "2017-05-23T04:10:12.453220+00:00",
                                            "contributionRole": {
                                                "label": "curator",
                                                "type": "ContributoryRole"
                                            },
                                            "type": "Contribution"
                                        }
                                    ],
                                    "evidenceLine": [
                                        {
                                            "evidenceItem": [
                                                {
                                                    "algorithm": "mutationassessor",
                                                    "canonicalAllele": "http://reg.genome.network/allele/CA229857",
                                                    "prediction": 3.045,
                                                    "predictionType": {
                                                        "label": "http://clinicalgenome.org/datamodel/prediction-type/me",
                                                        "type": "Prediction"
                                                    },
                                                    "type": "InSilicoPredictionScore"
                                                }
                                            ],
                                            "type": "EvidenceLine"
                                        }
                                    ],
                                    "prediction": "M",
                                    "predictionType": {
                                        "label": "http://clinicalgenome.org/datamodel/prediction-type/me",
                                        "type": "Prediction"
                                    },
                                    "type": "InSilicoPrediction"
                                }
                            ],
                            "type": "EvidenceLine"
                        },
                        {
                            "evidenceItem": [
                                {
                                    "algorithm": "mutationtaster",
                                    "canonicalAllele": "http://reg.genome.network/allele/CA229857",
                                    "contribution": [
                                        {
                                            "agent": "https://vci.clinicalgenome.org/users/1db40a7e-e6dc-46dd-9e17-44efbf53d508/",
                                            "contributionDate": "2017-05-23T04:10:12.453220+00:00",
                                            "contributionRole": {
                                                "label": "curator",
                                                "type": "ContributoryRole"
                                            },
                                            "type": "Contribution"
                                        }
                                    ],
                                    "evidenceLine": [
                                        {
                                            "evidenceItem": [
                                                {
                                                    "algorithm": "mutationtaster",
                                                    "canonicalAllele": "http://reg.genome.network/allele/CA229857",
                                                    "prediction": 1,
                                                    "predictionType": {
                                                        "label": "http://clinicalgenome.org/datamodel/prediction-type/me",
                                                        "type": "Prediction"
                                                    },
                                                    "type": "InSilicoPredictionScore"
                                                }
                                            ],
                                            "type": "EvidenceLine"
                                        }
                                    ],
                                    "prediction": "D",
                                    "predictionType": {
                                        "label": "http://clinicalgenome.org/datamodel/prediction-type/me",
                                        "type": "Prediction"
                                    },
                                    "type": "InSilicoPrediction"
                                }
                            ],
                            "type": "EvidenceLine"
                        },
                        {
                            "evidenceItem": [
                                {
                                    "algorithm": "mutationtaster",
                                    "canonicalAllele": "http://reg.genome.network/allele/CA229857",
                                    "contribution": [
                                        {
                                            "agent": "https://vci.clinicalgenome.org/users/1db40a7e-e6dc-46dd-9e17-44efbf53d508/",
                                            "contributionDate": "2017-05-23T04:10:12.453220+00:00",
                                            "contributionRole": {
                                                "label": "curator",
                                                "type": "ContributoryRole"
                                            },
                                            "type": "Contribution"
                                        }
                                    ],
                                    "evidenceLine": [
                                        {
                                            "evidenceItem": [
                                                {
                                                    "algorithm": "mutationtaster",
                                                    "canonicalAllele": "http://reg.genome.network/allele/CA229857",
                                                    "prediction": 1,
                                                    "predictionType": {
                                                        "label": "http://clinicalgenome.org/datamodel/prediction-type/me",
                                                        "type": "Prediction"
                                                    },
                                                    "type": "InSilicoPredictionScore"
                                                }
                                            ],
                                            "type": "EvidenceLine"
                                        }
                                    ],
                                    "prediction": " D",
                                    "predictionType": {
                                        "label": "http://clinicalgenome.org/datamodel/prediction-type/me",
                                        "type": "Prediction"
                                    },
                                    "type": "InSilicoPrediction"
                                }
                            ],
                            "type": "EvidenceLine"
                        },
                        {
                            "evidenceItem": [
                                {
                                    "algorithm": "metalr",
                                    "canonicalAllele": "http://reg.genome.network/allele/CA229857",
                                    "contribution": [
                                        {
                                            "agent": "https://vci.clinicalgenome.org/users/1db40a7e-e6dc-46dd-9e17-44efbf53d508/",
                                            "contributionDate": "2017-05-23T04:10:12.453220+00:00",
                                            "contributionRole": {
                                                "label": "curator",
                                                "type": "ContributoryRole"
                                            },
                                            "type": "Contribution"
                                        }
                                    ],
                                    "evidenceLine": [
                                        {
                                            "evidenceItem": [
                                                {
                                                    "algorithm": "metalr",
                                                    "canonicalAllele": "http://reg.genome.network/allele/CA229857",
                                                    "prediction": 0.9929,
                                                    "predictionType": {
                                                        "label": "http://clinicalgenome.org/datamodel/prediction-type/me",
                                                        "type": "Prediction"
                                                    },
                                                    "type": "InSilicoPredictionScore"
                                                }
                                            ],
                                            "type": "EvidenceLine"
                                        }
                                    ],
                                    "prediction": "D",
                                    "predictionType": {
                                        "label": "http://clinicalgenome.org/datamodel/prediction-type/me",
                                        "type": "Prediction"
                                    },
                                    "type": "InSilicoPrediction"
                                }
                            ],
                            "type": "EvidenceLine"
                        },
                        {
                            "evidenceItem": [
                                {
                                    "algorithm": "sift",
                                    "canonicalAllele": "http://reg.genome.network/allele/CA229857",
                                    "contribution": [
                                        {
                                            "agent": "https://vci.clinicalgenome.org/users/1db40a7e-e6dc-46dd-9e17-44efbf53d508/",
                                            "contributionDate": "2017-05-23T04:10:12.453220+00:00",
                                            "contributionRole": {
                                                "label": "curator",
                                                "type": "ContributoryRole"
                                            },
                                            "type": "Contribution"
                                        }
                                    ],
                                    "prediction": "D",
                                    "predictionType": {
                                        "label": "http://clinicalgenome.org/datamodel/prediction-type/me",
                                        "type": "Prediction"
                                    },
                                    "type": "InSilicoPrediction"
                                }
                            ],
                            "type": "EvidenceLine"
                        },
                        {
                            "evidenceItem": [
                                {
                                    "algorithm": "cadd",
                                    "canonicalAllele": "http://reg.genome.network/allele/CA229857",
                                    "contribution": [
                                        {
                                            "agent": "https://vci.clinicalgenome.org/users/1db40a7e-e6dc-46dd-9e17-44efbf53d508/",
                                            "contributionDate": "2017-05-23T04:10:12.453220+00:00",
                                            "contributionRole": {
                                                "label": "curator",
                                                "type": "ContributoryRole"
                                            },
                                            "type": "Contribution"
                                        }
                                    ],
                                    "prediction": "6.029817",
                                    "predictionType": {
                                        "label": "http://clinicalgenome.org/datamodel/prediction-type/me",
                                        "type": "Prediction"
                                    },
                                    "type": "InSilicoPredictionScore"
                                }
                            ],
                            "type": "EvidenceLine"
                        },
                        {
                            "evidenceItem": [
                                {
                                    "algorithm": "lrt",
                                    "canonicalAllele": "http://reg.genome.network/allele/CA229857",
                                    "contribution": [
                                        {
                                            "agent": "https://vci.clinicalgenome.org/users/1db40a7e-e6dc-46dd-9e17-44efbf53d508/",
                                            "contributionDate": "2017-05-23T04:10:12.453220+00:00",
                                            "contributionRole": {
                                                "label": "curator",
                                                "type": "ContributoryRole"
                                            },
                                            "type": "Contribution"
                                        }
                                    ],
                                    "prediction": "D",
                                    "predictionType": {
                                        "label": "http://clinicalgenome.org/datamodel/prediction-type/me",
                                        "type": "Prediction"
                                    },
                                    "type": "InSilicoPrediction"
                                }
                            ],
                            "type": "EvidenceLine"
                        },
                        {
                            "evidenceItem": [
                                {
                                    "algorithm": "metasvm",
                                    "canonicalAllele": "http://reg.genome.network/allele/CA229857",
                                    "contribution": [
                                        {
                                            "agent": "https://vci.clinicalgenome.org/users/1db40a7e-e6dc-46dd-9e17-44efbf53d508/",
                                            "contributionDate": "2017-05-23T04:10:12.453220+00:00",
                                            "contributionRole": {
                                                "label": "curator",
                                                "type": "ContributoryRole"
                                            },
                                            "type": "Contribution"
                                        }
                                    ],
                                    "evidenceLine": [
                                        {
                                            "evidenceItem": [
                                                {
                                                    "algorithm": "metasvm",
                                                    "canonicalAllele": "http://reg.genome.network/allele/CA229857",
                                                    "prediction": 0.963,
                                                    "predictionType": {
                                                        "label": "http://clinicalgenome.org/datamodel/prediction-type/me",
                                                        "type": "Prediction"
                                                    },
                                                    "type": "InSilicoPredictionScore"
                                                }
                                            ],
                                            "type": "EvidenceLine"
                                        }
                                    ],
                                    "prediction": "D",
                                    "predictionType": {
                                        "label": "http://clinicalgenome.org/datamodel/prediction-type/me",
                                        "type": "Prediction"
                                    },
                                    "type": "InSilicoPrediction"
                                }
                            ],
                            "type": "EvidenceLine"
                        },
                        {
                            "evidenceItem": [
                                {
                                    "algorithm": "fitcons",
                                    "canonicalAllele": "http://reg.genome.network/allele/CA229857",
                                    "contribution": [
                                        {
                                            "agent": "https://vci.clinicalgenome.org/users/1db40a7e-e6dc-46dd-9e17-44efbf53d508/",
                                            "contributionDate": "2017-05-23T04:10:12.453220+00:00",
                                            "contributionRole": {
                                                "label": "curator",
                                                "type": "ContributoryRole"
                                            },
                                            "type": "Contribution"
                                        }
                                    ],
                                    "prediction": 0.638212,
                                    "predictionType": {
                                        "label": "http://clinicalgenome.org/datamodel/prediction-type/me",
                                        "type": "Prediction"
                                    },
                                    "type": "InSilicoPredictionScore"
                                }
                            ],
                            "type": "EvidenceLine"
                        },
                        {
                            "evidenceItem": [
                                {
                                    "algorithm": "provean",
                                    "canonicalAllele": "http://reg.genome.network/allele/CA229857",
                                    "contribution": [
                                        {
                                            "agent": "https://vci.clinicalgenome.org/users/1db40a7e-e6dc-46dd-9e17-44efbf53d508/",
                                            "contributionDate": "2017-05-23T04:10:12.453220+00:00",
                                            "contributionRole": {
                                                "label": "curator",
                                                "type": "ContributoryRole"
                                            },
                                            "type": "Contribution"
                                        }
                                    ],
                                    "evidenceLine": [
                                        {
                                            "evidenceItem": [
                                                {
                                                    "algorithm": "provean",
                                                    "canonicalAllele": "http://reg.genome.network/allele/CA229857",
                                                    "prediction": -6.79,
                                                    "predictionType": {
                                                        "label": "http://clinicalgenome.org/datamodel/prediction-type/me",
                                                        "type": "Prediction"
                                                    },
                                                    "type": "InSilicoPredictionScore"
                                                }
                                            ],
                                            "type": "EvidenceLine"
                                        }
                                    ],
                                    "prediction": "D",
                                    "predictionType": {
                                        "label": "http://clinicalgenome.org/datamodel/prediction-type/me",
                                        "type": "Prediction"
                                    },
                                    "type": "InSilicoPrediction"
                                }
                            ],
                            "type": "EvidenceLine"
                        }
                    ],
                    "id": "/evaluations/86122eec-9e98-4a7a-a680-0184c8dc1f1b/",
                    "outcome": {
                        "label": "http://clinicalgenome.org/datamodel/criterion-assertion-outcome/met",
                        "type": "CriterionEvaluation"
                    },
                    "type": "CriterionAssessment",
                    "variant": "http://reg.genome.network/allele/CA229857"
                }
            ],
            "evidenceStrength": "SEPIO:0000329",
            "type": "EvidenceLine"
        },
        {
            "evidenceItem": [
                {
                    "contribution": [
                        {
                            "agent": "https://vci.clinicalgenome.org/users/1db40a7e-e6dc-46dd-9e17-44efbf53d508/",
                            "contributionDate": "2017-05-23T04:11:11.792133+00:00",
                            "contributionRole": {
                                "label": "assessor",
                                "type": "ContributoryRole"
                            },
                            "type": "Contribution"
                        }
                    ],
                    "criterion": {
                        "defaultStrength": {
                            "id": "SEPIO:0000216",
                            "label": "Pathogenic Moderate",
                            "type": "EvidenceLineStrength"
                        },
                        "id": "SEPIO-CG:99029",
                        "label": "PM3",
                        "type": "Criterion"
                    },
                    "description": "In trans with R408W pathogenic variant",
                    "evidenceLine": [
                        {
                            "evidenceItem": [
                                {
                                    "contribution": [
                                        {
                                            "agent": "https://vci.clinicalgenome.org/users/1db40a7e-e6dc-46dd-9e17-44efbf53d508/",
                                            "contributionDate": "2017-05-23T04:12:07.516569+00:00",
                                            "contributionRole": {
                                                "label": "curator",
                                                "type": "ContributoryRole"
                                            },
                                            "type": "Contribution"
                                        }
                                    ],
                                    "description": "Single patient reported G312D/R408W with undefined BH4 responsiveness and classic PKU",
                                    "source": [
                                        "https://www.ncbi.nlm.nih.gov/pubmed/24350308"
                                    ],
                                    "type": "Statement"
                                }
                            ],
                            "type": "EvidenceLine"
                        }
                    ],
                    "id": "/evaluations/25601993-0809-412d-a9f2-9849720a5be6/",
                    "outcome": {
                        "label": "http://clinicalgenome.org/datamodel/criterion-assertion-outcome/met",
                        "type": "CriterionEvaluation"
                    },
                    "type": "CriterionAssessment",
                    "variant": "http://reg.genome.network/allele/CA229857"
                }
            ],
            "evidenceStrength": "SEPIO:0000216",
            "type": "EvidenceLine"
        },
        {
            "evidenceItem": [
                {
                    "contribution": [
                        {
                            "agent": "https://vci.clinicalgenome.org/users/1db40a7e-e6dc-46dd-9e17-44efbf53d508/",
                            "contributionDate": "2017-05-23T04:12:22.058528+00:00",
                            "contributionRole": {
                                "label": "assessor",
                                "type": "ContributoryRole"
                            },
                            "type": "Contribution"
                        }
                    ],
                    "criterion": {
                        "defaultStrength": {
                            "id": "SEPIO:0000329",
                            "label": "Pathogenic Supporting",
                            "type": "EvidenceLineStrength"
                        },
                        "id": "SEPIO-CG:99036",
                        "label": "PP4",
                        "type": "Criterion"
                    },
                    "description": "Single patient reported G312D/R408W with undefined BH4 responsiveness and classic PKU",
                    "evidenceLine": [
                        {
                            "evidenceItem": [
                                {
                                    "contribution": [
                                        {
                                            "agent": "https://vci.clinicalgenome.org/users/1db40a7e-e6dc-46dd-9e17-44efbf53d508/",
                                            "contributionDate": "2017-05-23T04:12:53.885900+00:00",
                                            "contributionRole": {
                                                "label": "curator",
                                                "type": "ContributoryRole"
                                            },
                                            "type": "Contribution"
                                        }
                                    ],
                                    "description": "Single patient reported G312D/R408W with undefined BH4 responsiveness and classic PKU",
                                    "source": [
                                        "https://www.ncbi.nlm.nih.gov/pubmed/24350308"
                                    ],
                                    "type": "Statement"
                                }
                            ],
                            "type": "EvidenceLine"
                        }
                    ],
                    "id": "/evaluations/6fb8cf33-3e6f-42a8-8925-427b83f30bc1/",
                    "outcome": {
                        "label": "http://clinicalgenome.org/datamodel/criterion-assertion-outcome/met",
                        "type": "CriterionEvaluation"
                    },
                    "type": "CriterionAssessment",
                    "variant": "http://reg.genome.network/allele/CA229857"
                }
            ],
            "evidenceStrength": {
                "id": "SEPIO:0000216",
                "label": "Pathogenic Moderate",
                "type": "EvidenceLineStrength"
            },
            "type": "EvidenceLine"
        }
    ],
    "id": "https://vci.clinicalgenome.org/interpretations/d7f480cd-9e8f-47a8-b380-d7698998cae2/",
    "outcome": {
        "label": "Likely pathogenic",
        "type": "Significance"
    },
    "type": "VariantInterpretation",
    "variant": "http://reg.genome.network/allele/CA229857"
}