{
    "@context": "http://datamodel.clinicalgenome.org/interpretation/json/context",
    "condition": [
        {
            "disease": [
                {
                    "id": "http://monarchinitiative.org/disease/MONDO_0009861",
                    "type": "Disease",
                    "userLabel": "phenylketonuria"
                }
            ],
            "modeOfInheritance": {
                "id": "HP:0000007",
                "label": "Autosomal Recessive",
                "type": "ModeOfInheritance"
            },
            "type": "GeneticCondition"
        }
    ],
    "contribution": [
        {
            "agent": {
                "id": "https://vci.clinicalgenome.org/users/8f88bcae-5b67-42a2-ac27-0d856a8fbb65/",
                "label": "Diane Zastrow",
                "type": "Agent"
            },
            "contributionDate": "2017-11-06T04:07:41.593914+00:00",
            "contributionRole": {
                "label": "interpreter",
                "type": "ContributoryRole"
            },
            "type": "Contribution"
        }
    ],
    "evidenceLine": [
        {
            "evidenceItem": [
                {
                    "contribution": [
                        {
                            "agent": "https://vci.clinicalgenome.org/users/8f88bcae-5b67-42a2-ac27-0d856a8fbb65/",
                            "contributionDate": "2017-11-06T03:37:21.959090+00:00",
                            "contributionRole": {
                                "label": "assessor",
                                "type": "ContributoryRole"
                            },
                            "type": "Contribution"
                        }
                    ],
                    "criterion": {
                        "defaultStrength": {
                            "id": "SEPIO:0000216",
                            "label": "Pathogenic Moderate",
                            "type": "EvidenceLineStrength"
                        },
                        "id": "SEPIO-CG:99028",
                        "label": "PM2",
                        "type": "Criterion"
                    },
                    "description": "Absent from ExAC, gnomAD, 1000G, ESP",
                    "evidenceLine": [
                        {
                            "evidenceItem": [
                                {
                                    "allele": {
                                        "CanonicalAlleleType": "nucleotide",
                                        "complexity": "simple",
                                        "id": "http://reg.genome.network/allele/CA229715",
                                        "relatedContextualAllele": [
                                            {
                                                "CanonicalAllele": "http://reg.genome.network/allele/CA229715",
                                                "allele": "G",
                                                "alleleName": [
                                                    {
                                                        "name": "NC_000012.12:g.102852938A>G",
                                                        "nameType": "hgvs"
                                                    },
                                                    {
                                                        "name": "CM000674.2:g.102852938A>G",
                                                        "nameType": "hgvs"
                                                    }
                                                ],
                                                "contextualAlleleType": "genomic",
                                                "preferred": true,
                                                "referenceCoordinate": {
                                                    "end": {
                                                        "index": 102852938
                                                    },
                                                    "refAllele": "A",
                                                    "referenceSequence": {
                                                        "display": "NC_000012.12",
                                                        "reference": "http://reg.genome.network/refseq/RS000060"
                                                    },
                                                    "start": {
                                                        "index": 102852937
                                                    }
                                                },
                                                "type": "ContextualAllele"
                                            },
                                            {
                                                "CanonicalAllele": "http://reg.genome.network/allele/CA229715",
                                                "allele": "G",
                                                "alleleName": [
                                                    {
                                                        "name": "NC_000012.10:g.101770846A>G",
                                                        "nameType": "hgvs"
                                                    }
                                                ],
                                                "contextualAlleleType": "genomic",
                                                "referenceCoordinate": {
                                                    "end": {
                                                        "index": 101770846
                                                    },
                                                    "refAllele": "A",
                                                    "referenceSequence": {
                                                        "display": "NC_000012.10",
                                                        "reference": "http://reg.genome.network/refseq/RS000012"
                                                    },
                                                    "start": {
                                                        "index": 101770845
                                                    }
                                                },
                                                "type": "ContextualAllele"
                                            },
                                            {
                                                "CanonicalAllele": "http://reg.genome.network/allele/CA229715",
                                                "allele": "G",
                                                "alleleName": [
                                                    {
                                                        "name": "NC_000012.11:g.103246716A>G",
                                                        "nameType": "hgvs"
                                                    },
                                                    {
                                                        "name": "CM000674.1:g.103246716A>G",
                                                        "nameType": "hgvs"
                                                    }
                                                ],
                                                "contextualAlleleType": "genomic",
                                                "referenceCoordinate": {
                                                    "end": {
                                                        "index": 103246716
                                                    },
                                                    "refAllele": "A",
                                                    "referenceSequence": {
                                                        "display": "NC_000012.11",
                                                        "reference": "http://reg.genome.network/refseq/RS000036"
                                                    },
                                                    "start": {
                                                        "index": 103246715
                                                    }
                                                },
                                                "type": "ContextualAllele"
                                            },
                                            {
                                                "CanonicalAllele": "http://reg.genome.network/allele/CA229715",
                                                "allele": "C",
                                                "alleleName": [
                                                    {
                                                        "name": "NG_008690.1:g.69665T>C",
                                                        "nameType": "hgvs"
                                                    }
                                                ],
                                                "contextualAlleleType": "genomic",
                                                "referenceCoordinate": {
                                                    "end": {
                                                        "index": 69665
                                                    },
                                                    "refAllele": "T",
                                                    "referenceSequence": {
                                                        "display": "",
                                                        "reference": "http://reg.genome.network/refseq/RS001168"
                                                    },
                                                    "start": {
                                                        "index": 69664
                                                    }
                                                },
                                                "type": "ContextualAllele"
                                            }
                                        ],
                                        "relatedIdentifier": [
                                            {
                                                "code": 102802,
                                                "display": "NM_000277.2(PAH):c.719T>C (p.Phe240Ser)",
                                                "system": "http://www.ncbi.nlm.nih.gov/clinvar/variation/",
                                                "type": "Coding"
                                            },
                                            {
                                                "code": 62508594,
                                                "system": "http://www.ncbi.nlm.nih.gov/snp/",
                                                "type": "Coding"
                                            }
                                        ],
                                        "type": "CanonicalAllele"
                                    },
                                    "alleleCount": 0,
                                    "alleleNumber": 0,
                                    "ascertainment": {
                                        "label": "ESP",
                                        "type": "Ascertainment"
                                    },
                                    "contribution": [
                                        {
                                            "agent": "https://vci.clinicalgenome.org/users/8f88bcae-5b67-42a2-ac27-0d856a8fbb65/",
                                            "contributionDate": "2017-11-06T03:37:21.823514+00:00",
                                            "contributionRole": {
                                                "label": "curator",
                                                "type": "ContributoryRole"
                                            },
                                            "type": "Contribution"
                                        }
                                    ],
                                    "population": {
                                        "label": "http://evs.gs.washington.edu/EVS/AA",
                                        "type": "Population"
                                    },
                                    "type": "AlleleFrequency"
                                }
                            ],
                            "type": "EvidenceLine"
                        },
                        {
                            "evidenceItem": [
                                {
                                    "allele": "http://reg.genome.network/allele/CA229715",
                                    "alleleCount": 0,
                                    "alleleNumber": 0,
                                    "ascertainment": {
                                        "label": "ESP",
                                        "type": "Ascertainment"
                                    },
                                    "contribution": [
                                        {
                                            "agent": "https://vci.clinicalgenome.org/users/8f88bcae-5b67-42a2-ac27-0d856a8fbb65/",
                                            "contributionDate": "2017-11-06T03:37:21.823514+00:00",
                                            "contributionRole": {
                                                "label": "curator",
                                                "type": "ContributoryRole"
                                            },
                                            "type": "Contribution"
                                        }
                                    ],
                                    "population": {
                                        "label": "combined",
                                        "type": "Population"
                                    },
                                    "type": "AlleleFrequency"
                                }
                            ],
                            "type": "EvidenceLine"
                        },
                        {
                            "evidenceItem": [
                                {
                                    "allele": "http://reg.genome.network/allele/CA229715",
                                    "alleleCount": 0,
                                    "alleleNumber": 0,
                                    "ascertainment": {
                                        "label": "ESP",
                                        "type": "Ascertainment"
                                    },
                                    "contribution": [
                                        {
                                            "agent": "https://vci.clinicalgenome.org/users/8f88bcae-5b67-42a2-ac27-0d856a8fbb65/",
                                            "contributionDate": "2017-11-06T03:37:21.823514+00:00",
                                            "contributionRole": {
                                                "label": "curator",
                                                "type": "ContributoryRole"
                                            },
                                            "type": "Contribution"
                                        }
                                    ],
                                    "population": {
                                        "label": "http://evs.gs.washington.edu/EVS/EA",
                                        "type": "Population"
                                    },
                                    "type": "AlleleFrequency"
                                }
                            ],
                            "type": "EvidenceLine"
                        },
                        {
                            "evidenceItem": [
                                {
                                    "allele": "http://reg.genome.network/allele/CA229715",
                                    "alleleCount": 0,
                                    "alleleNumber": 0,
                                    "ascertainment": {
                                        "label": "ExAC",
                                        "type": "Ascertainment"
                                    },
                                    "contribution": [
                                        {
                                            "agent": "https://vci.clinicalgenome.org/users/8f88bcae-5b67-42a2-ac27-0d856a8fbb65/",
                                            "contributionDate": "2017-11-06T03:37:21.823514+00:00",
                                            "contributionRole": {
                                                "label": "curator",
                                                "type": "ContributoryRole"
                                            },
                                            "type": "Contribution"
                                        }
                                    ],
                                    "homozygousAlleleIndividualCount": 0,
                                    "population": {
                                        "label": "other",
                                        "type": "Population"
                                    },
                                    "type": "AlleleFrequency"
                                }
                            ],
                            "type": "EvidenceLine"
                        },
                        {
                            "evidenceItem": [
                                {
                                    "allele": "http://reg.genome.network/allele/CA229715",
                                    "alleleCount": 0,
                                    "alleleNumber": 0,
                                    "ascertainment": {
                                        "label": "ExAC",
                                        "type": "Ascertainment"
                                    },
                                    "contribution": [
                                        {
                                            "agent": "https://vci.clinicalgenome.org/users/8f88bcae-5b67-42a2-ac27-0d856a8fbb65/",
                                            "contributionDate": "2017-11-06T03:37:21.823514+00:00",
                                            "contributionRole": {
                                                "label": "curator",
                                                "type": "ContributoryRole"
                                            },
                                            "type": "Contribution"
                                        }
                                    ],
                                    "homozygousAlleleIndividualCount": 0,
                                    "population": {
                                        "label": "http://broadinstitute.org/populations/nfe",
                                        "type": "Population"
                                    },
                                    "type": "AlleleFrequency"
                                }
                            ],
                            "type": "EvidenceLine"
                        },
                        {
                            "evidenceItem": [
                                {
                                    "allele": "http://reg.genome.network/allele/CA229715",
                                    "alleleCount": 0,
                                    "alleleNumber": 0,
                                    "ascertainment": {
                                        "label": "ExAC",
                                        "type": "Ascertainment"
                                    },
                                    "contribution": [
                                        {
                                            "agent": "https://vci.clinicalgenome.org/users/8f88bcae-5b67-42a2-ac27-0d856a8fbb65/",
                                            "contributionDate": "2017-11-06T03:37:21.823514+00:00",
                                            "contributionRole": {
                                                "label": "curator",
                                                "type": "ContributoryRole"
                                            },
                                            "type": "Contribution"
                                        }
                                    ],
                                    "homozygousAlleleIndividualCount": 0,
                                    "population": {
                                        "label": "combined",
                                        "type": "Population"
                                    },
                                    "type": "AlleleFrequency"
                                }
                            ],
                            "type": "EvidenceLine"
                        },
                        {
                            "evidenceItem": [
                                {
                                    "allele": "http://reg.genome.network/allele/CA229715",
                                    "alleleCount": 0,
                                    "alleleNumber": 0,
                                    "ascertainment": {
                                        "label": "ExAC",
                                        "type": "Ascertainment"
                                    },
                                    "contribution": [
                                        {
                                            "agent": "https://vci.clinicalgenome.org/users/8f88bcae-5b67-42a2-ac27-0d856a8fbb65/",
                                            "contributionDate": "2017-11-06T03:37:21.823514+00:00",
                                            "contributionRole": {
                                                "label": "curator",
                                                "type": "ContributoryRole"
                                            },
                                            "type": "Contribution"
                                        }
                                    ],
                                    "homozygousAlleleIndividualCount": 0,
                                    "population": {
                                        "label": "http://broadinstitute.org/populations/sas",
                                        "type": "Population"
                                    },
                                    "type": "AlleleFrequency"
                                }
                            ],
                            "type": "EvidenceLine"
                        },
                        {
                            "evidenceItem": [
                                {
                                    "allele": "http://reg.genome.network/allele/CA229715",
                                    "alleleCount": 0,
                                    "alleleNumber": 0,
                                    "ascertainment": {
                                        "label": "ExAC",
                                        "type": "Ascertainment"
                                    },
                                    "contribution": [
                                        {
                                            "agent": "https://vci.clinicalgenome.org/users/8f88bcae-5b67-42a2-ac27-0d856a8fbb65/",
                                            "contributionDate": "2017-11-06T03:37:21.823514+00:00",
                                            "contributionRole": {
                                                "label": "curator",
                                                "type": "ContributoryRole"
                                            },
                                            "type": "Contribution"
                                        }
                                    ],
                                    "homozygousAlleleIndividualCount": 0,
                                    "population": {
                                        "label": "http://broadinstitute.org/populations/eas",
                                        "type": "Population"
                                    },
                                    "type": "AlleleFrequency"
                                }
                            ],
                            "type": "EvidenceLine"
                        },
                        {
                            "evidenceItem": [
                                {
                                    "allele": "http://reg.genome.network/allele/CA229715",
                                    "alleleCount": 0,
                                    "alleleNumber": 0,
                                    "ascertainment": {
                                        "label": "ExAC",
                                        "type": "Ascertainment"
                                    },
                                    "contribution": [
                                        {
                                            "agent": "https://vci.clinicalgenome.org/users/8f88bcae-5b67-42a2-ac27-0d856a8fbb65/",
                                            "contributionDate": "2017-11-06T03:37:21.823514+00:00",
                                            "contributionRole": {
                                                "label": "curator",
                                                "type": "ContributoryRole"
                                            },
                                            "type": "Contribution"
                                        }
                                    ],
                                    "homozygousAlleleIndividualCount": 0,
                                    "population": {
                                        "label": "http://broadinstitute.org/populations/amr",
                                        "type": "Population"
                                    },
                                    "type": "AlleleFrequency"
                                }
                            ],
                            "type": "EvidenceLine"
                        },
                        {
                            "evidenceItem": [
                                {
                                    "allele": "http://reg.genome.network/allele/CA229715",
                                    "alleleCount": 0,
                                    "alleleNumber": 0,
                                    "ascertainment": {
                                        "label": "ExAC",
                                        "type": "Ascertainment"
                                    },
                                    "contribution": [
                                        {
                                            "agent": "https://vci.clinicalgenome.org/users/8f88bcae-5b67-42a2-ac27-0d856a8fbb65/",
                                            "contributionDate": "2017-11-06T03:37:21.823514+00:00",
                                            "contributionRole": {
                                                "label": "curator",
                                                "type": "ContributoryRole"
                                            },
                                            "type": "Contribution"
                                        }
                                    ],
                                    "homozygousAlleleIndividualCount": 0,
                                    "population": {
                                        "label": "http://broadinstitute.org/populations/fin",
                                        "type": "Population"
                                    },
                                    "type": "AlleleFrequency"
                                }
                            ],
                            "type": "EvidenceLine"
                        },
                        {
                            "evidenceItem": [
                                {
                                    "allele": "http://reg.genome.network/allele/CA229715",
                                    "alleleCount": 0,
                                    "alleleNumber": 0,
                                    "ascertainment": {
                                        "label": "ExAC",
                                        "type": "Ascertainment"
                                    },
                                    "contribution": [
                                        {
                                            "agent": "https://vci.clinicalgenome.org/users/8f88bcae-5b67-42a2-ac27-0d856a8fbb65/",
                                            "contributionDate": "2017-11-06T03:37:21.823514+00:00",
                                            "contributionRole": {
                                                "label": "curator",
                                                "type": "ContributoryRole"
                                            },
                                            "type": "Contribution"
                                        }
                                    ],
                                    "homozygousAlleleIndividualCount": 0,
                                    "population": {
                                        "label": "http://broadinstitute.org/populations/afr",
                                        "type": "Population"
                                    },
                                    "type": "AlleleFrequency"
                                }
                            ],
                            "type": "EvidenceLine"
                        },
                        {
                            "evidenceItem": [
                                {
                                    "allele": "http://reg.genome.network/allele/CA229715",
                                    "alleleCount": 0,
                                    "alleleNumber": 0,
                                    "ascertainment": {
                                        "label": "1KG",
                                        "type": "Ascertainment"
                                    },
                                    "contribution": [
                                        {
                                            "agent": "https://vci.clinicalgenome.org/users/8f88bcae-5b67-42a2-ac27-0d856a8fbb65/",
                                            "contributionDate": "2017-11-06T03:37:21.823514+00:00",
                                            "contributionRole": {
                                                "label": "curator",
                                                "type": "ContributoryRole"
                                            },
                                            "type": "Contribution"
                                        }
                                    ],
                                    "homozygousAlleleIndividualCount": 0,
                                    "population": {
                                        "label": "http://www.internationalgenome.org/category/population/amr",
                                        "type": "Population"
                                    },
                                    "type": "AlleleFrequency"
                                }
                            ],
                            "type": "EvidenceLine"
                        },
                        {
                            "evidenceItem": [
                                {
                                    "allele": "http://reg.genome.network/allele/CA229715",
                                    "alleleCount": 0,
                                    "alleleNumber": 0,
                                    "ascertainment": {
                                        "label": "1KG_ESP",
                                        "type": "Ascertainment"
                                    },
                                    "contribution": [
                                        {
                                            "agent": "https://vci.clinicalgenome.org/users/8f88bcae-5b67-42a2-ac27-0d856a8fbb65/",
                                            "contributionDate": "2017-11-06T03:37:21.823514+00:00",
                                            "contributionRole": {
                                                "label": "curator",
                                                "type": "ContributoryRole"
                                            },
                                            "type": "Contribution"
                                        }
                                    ],
                                    "homozygousAlleleIndividualCount": 0,
                                    "population": {
                                        "label": "http://evs.gs.washington.edu/EVS/AA",
                                        "type": "Population"
                                    },
                                    "type": "AlleleFrequency"
                                }
                            ],
                            "type": "EvidenceLine"
                        },
                        {
                            "evidenceItem": [
                                {
                                    "allele": "http://reg.genome.network/allele/CA229715",
                                    "alleleCount": 0,
                                    "alleleNumber": 0,
                                    "ascertainment": {
                                        "label": "1KG",
                                        "type": "Ascertainment"
                                    },
                                    "contribution": [
                                        {
                                            "agent": "https://vci.clinicalgenome.org/users/8f88bcae-5b67-42a2-ac27-0d856a8fbb65/",
                                            "contributionDate": "2017-11-06T03:37:21.823514+00:00",
                                            "contributionRole": {
                                                "label": "curator",
                                                "type": "ContributoryRole"
                                            },
                                            "type": "Contribution"
                                        }
                                    ],
                                    "homozygousAlleleIndividualCount": 0,
                                    "population": {
                                        "label": "combined",
                                        "type": "Population"
                                    },
                                    "type": "AlleleFrequency"
                                }
                            ],
                            "type": "EvidenceLine"
                        },
                        {
                            "evidenceItem": [
                                {
                                    "allele": "http://reg.genome.network/allele/CA229715",
                                    "alleleCount": 0,
                                    "alleleNumber": 0,
                                    "ascertainment": {
                                        "label": "1KG",
                                        "type": "Ascertainment"
                                    },
                                    "contribution": [
                                        {
                                            "agent": "https://vci.clinicalgenome.org/users/8f88bcae-5b67-42a2-ac27-0d856a8fbb65/",
                                            "contributionDate": "2017-11-06T03:37:21.823514+00:00",
                                            "contributionRole": {
                                                "label": "curator",
                                                "type": "ContributoryRole"
                                            },
                                            "type": "Contribution"
                                        }
                                    ],
                                    "homozygousAlleleIndividualCount": 0,
                                    "population": {
                                        "label": "http://www.internationalgenome.org/category/population/sas",
                                        "type": "Population"
                                    },
                                    "type": "AlleleFrequency"
                                }
                            ],
                            "type": "EvidenceLine"
                        },
                        {
                            "evidenceItem": [
                                {
                                    "allele": "http://reg.genome.network/allele/CA229715",
                                    "alleleCount": 0,
                                    "alleleNumber": 0,
                                    "ascertainment": {
                                        "label": "1KG",
                                        "type": "Ascertainment"
                                    },
                                    "contribution": [
                                        {
                                            "agent": "https://vci.clinicalgenome.org/users/8f88bcae-5b67-42a2-ac27-0d856a8fbb65/",
                                            "contributionDate": "2017-11-06T03:37:21.823514+00:00",
                                            "contributionRole": {
                                                "label": "curator",
                                                "type": "ContributoryRole"
                                            },
                                            "type": "Contribution"
                                        }
                                    ],
                                    "homozygousAlleleIndividualCount": 0,
                                    "population": {
                                        "label": "http://www.internationalgenome.org/category/population/eas",
                                        "type": "Population"
                                    },
                                    "type": "AlleleFrequency"
                                }
                            ],
                            "type": "EvidenceLine"
                        },
                        {
                            "evidenceItem": [
                                {
                                    "allele": "http://reg.genome.network/allele/CA229715",
                                    "alleleCount": 0,
                                    "alleleNumber": 0,
                                    "ascertainment": {
                                        "label": "1KG_ESP",
                                        "type": "Ascertainment"
                                    },
                                    "contribution": [
                                        {
                                            "agent": "https://vci.clinicalgenome.org/users/8f88bcae-5b67-42a2-ac27-0d856a8fbb65/",
                                            "contributionDate": "2017-11-06T03:37:21.823514+00:00",
                                            "contributionRole": {
                                                "label": "curator",
                                                "type": "ContributoryRole"
                                            },
                                            "type": "Contribution"
                                        }
                                    ],
                                    "homozygousAlleleIndividualCount": 0,
                                    "population": {
                                        "label": "http://evs.gs.washington.edu/EVS/EA",
                                        "type": "Population"
                                    },
                                    "type": "AlleleFrequency"
                                }
                            ],
                            "type": "EvidenceLine"
                        },
                        {
                            "evidenceItem": [
                                {
                                    "allele": "http://reg.genome.network/allele/CA229715",
                                    "alleleCount": 0,
                                    "alleleNumber": 0,
                                    "ascertainment": {
                                        "label": "1KG",
                                        "type": "Ascertainment"
                                    },
                                    "contribution": [
                                        {
                                            "agent": "https://vci.clinicalgenome.org/users/8f88bcae-5b67-42a2-ac27-0d856a8fbb65/",
                                            "contributionDate": "2017-11-06T03:37:21.823514+00:00",
                                            "contributionRole": {
                                                "label": "curator",
                                                "type": "ContributoryRole"
                                            },
                                            "type": "Contribution"
                                        }
                                    ],
                                    "homozygousAlleleIndividualCount": 0,
                                    "population": {
                                        "label": "http://www.internationalgenome.org/category/population/afr",
                                        "type": "Population"
                                    },
                                    "type": "AlleleFrequency"
                                }
                            ],
                            "type": "EvidenceLine"
                        },
                        {
                            "evidenceItem": [
                                {
                                    "allele": "http://reg.genome.network/allele/CA229715",
                                    "alleleCount": 0,
                                    "alleleNumber": 0,
                                    "ascertainment": {
                                        "label": "1KG",
                                        "type": "Ascertainment"
                                    },
                                    "contribution": [
                                        {
                                            "agent": "https://vci.clinicalgenome.org/users/8f88bcae-5b67-42a2-ac27-0d856a8fbb65/",
                                            "contributionDate": "2017-11-06T03:37:21.823514+00:00",
                                            "contributionRole": {
                                                "label": "curator",
                                                "type": "ContributoryRole"
                                            },
                                            "type": "Contribution"
                                        }
                                    ],
                                    "homozygousAlleleIndividualCount": 0,
                                    "population": {
                                        "label": "http://www.internationalgenome.org/category/population/eur",
                                        "type": "Population"
                                    },
                                    "type": "AlleleFrequency"
                                }
                            ],
                            "type": "EvidenceLine"
                        }
                    ],
                    "id": "/evaluations/ff439367-5de9-404c-9c06-ba0386908cd4/",
                    "outcome": {
                        "label": "http://clinicalgenome.org/datamodel/criterion-assertion-outcome/met",
                        "type": "CriterionEvaluation"
                    },
                    "type": "CriterionAssessment",
                    "variant": "http://reg.genome.network/allele/CA229715"
                }
            ],
            "evidenceStrength": "SEPIO:0000216",
            "type": "EvidenceLine"
        },
        {
            "evidenceItem": [
                {
                    "contribution": [
                        {
                            "agent": "https://vci.clinicalgenome.org/users/8f88bcae-5b67-42a2-ac27-0d856a8fbb65/",
                            "contributionDate": "2017-11-06T03:38:36.527112+00:00",
                            "contributionRole": {
                                "label": "assessor",
                                "type": "ContributoryRole"
                            },
                            "type": "Contribution"
                        }
                    ],
                    "criterion": {
                        "defaultStrength": {
                            "id": "SEPIO:0000329",
                            "label": "Pathogenic Supporting",
                            "type": "EvidenceLineStrength"
                        },
                        "id": "SEPIO-CG:99035",
                        "label": "PP3",
                        "type": "Criterion"
                    },
                    "description": "Predicted deleterious in SIFT, Polyphen2, MutationTaster. REVEL=0.969.",
                    "evidenceLine": [
                        {
                            "evidenceItem": [
                                {
                                    "algorithm": "siphy",
                                    "allele": "http://reg.genome.network/allele/CA229715",
                                    "contribution": [
                                        {
                                            "agent": "https://vci.clinicalgenome.org/users/8f88bcae-5b67-42a2-ac27-0d856a8fbb65/",
                                            "contributionDate": "2017-11-06T03:38:36.406357+00:00",
                                            "contributionRole": {
                                                "label": "curator",
                                                "type": "ContributoryRole"
                                            },
                                            "type": "Contribution"
                                        }
                                    ],
                                    "score": "11.8513",
                                    "type": "AlleleConservationScore"
                                }
                            ],
                            "type": "EvidenceLine"
                        },
                        {
                            "evidenceItem": [
                                {
                                    "algorithm": "phylop7way",
                                    "allele": "http://reg.genome.network/allele/CA229715",
                                    "contribution": [
                                        {
                                            "agent": "https://vci.clinicalgenome.org/users/8f88bcae-5b67-42a2-ac27-0d856a8fbb65/",
                                            "contributionDate": "2017-11-06T03:38:36.406357+00:00",
                                            "contributionRole": {
                                                "label": "curator",
                                                "type": "ContributoryRole"
                                            },
                                            "type": "Contribution"
                                        }
                                    ],
                                    "score": "9.325",
                                    "type": "AlleleConservationScore"
                                }
                            ],
                            "type": "EvidenceLine"
                        },
                        {
                            "evidenceItem": [
                                {
                                    "algorithm": "phylop20way",
                                    "allele": "http://reg.genome.network/allele/CA229715",
                                    "contribution": [
                                        {
                                            "agent": "https://vci.clinicalgenome.org/users/8f88bcae-5b67-42a2-ac27-0d856a8fbb65/",
                                            "contributionDate": "2017-11-06T03:38:36.406357+00:00",
                                            "contributionRole": {
                                                "label": "curator",
                                                "type": "ContributoryRole"
                                            },
                                            "type": "Contribution"
                                        }
                                    ],
                                    "score": "1.199",
                                    "type": "AlleleConservationScore"
                                }
                            ],
                            "type": "EvidenceLine"
                        },
                        {
                            "evidenceItem": [
                                {
                                    "algorithm": "gerp",
                                    "allele": "http://reg.genome.network/allele/CA229715",
                                    "contribution": [
                                        {
                                            "agent": "https://vci.clinicalgenome.org/users/8f88bcae-5b67-42a2-ac27-0d856a8fbb65/",
                                            "contributionDate": "2017-11-06T03:38:36.406357+00:00",
                                            "contributionRole": {
                                                "label": "curator",
                                                "type": "ContributoryRole"
                                            },
                                            "type": "Contribution"
                                        }
                                    ],
                                    "score": "4.77",
                                    "type": "AlleleConservationScore"
                                }
                            ],
                            "type": "EvidenceLine"
                        },
                        {
                            "evidenceItem": [
                                {
                                    "algorithm": "phastconsp7way",
                                    "allele": "http://reg.genome.network/allele/CA229715",
                                    "contribution": [
                                        {
                                            "agent": "https://vci.clinicalgenome.org/users/8f88bcae-5b67-42a2-ac27-0d856a8fbb65/",
                                            "contributionDate": "2017-11-06T03:38:36.406357+00:00",
                                            "contributionRole": {
                                                "label": "curator",
                                                "type": "ContributoryRole"
                                            },
                                            "type": "Contribution"
                                        }
                                    ],
                                    "score": "1",
                                    "type": "AlleleConservationScore"
                                }
                            ],
                            "type": "EvidenceLine"
                        },
                        {
                            "evidenceItem": [
                                {
                                    "algorithm": "phastconsp20way",
                                    "allele": "http://reg.genome.network/allele/CA229715",
                                    "contribution": [
                                        {
                                            "agent": "https://vci.clinicalgenome.org/users/8f88bcae-5b67-42a2-ac27-0d856a8fbb65/",
                                            "contributionDate": "2017-11-06T03:38:36.406357+00:00",
                                            "contributionRole": {
                                                "label": "curator",
                                                "type": "ContributoryRole"
                                            },
                                            "type": "Contribution"
                                        }
                                    ],
                                    "score": "1",
                                    "type": "AlleleConservationScore"
                                }
                            ],
                            "type": "EvidenceLine"
                        },
                        {
                            "evidenceItem": [
                                {
                                    "algorithm": "revel",
                                    "canonicalAllele": "http://reg.genome.network/allele/CA229715",
                                    "contribution": [
                                        {
                                            "agent": "https://vci.clinicalgenome.org/users/8f88bcae-5b67-42a2-ac27-0d856a8fbb65/",
                                            "contributionDate": "2017-11-06T03:38:36.406357+00:00",
                                            "contributionRole": {
                                                "label": "curator",
                                                "type": "ContributoryRole"
                                            },
                                            "type": "Contribution"
                                        }
                                    ],
                                    "prediction": "0.969",
                                    "predictionType": {
                                        "label": "http://clinicalgenome.org/datamodel/prediction-type/me",
                                        "type": "Prediction"
                                    },
                                    "type": "InSilicoPredictionScore"
                                }
                            ],
                            "type": "EvidenceLine"
                        },
                        {
                            "evidenceItem": [
                                {
                                    "algorithm": "polyphen2_hvar",
                                    "canonicalAllele": "http://reg.genome.network/allele/CA229715",
                                    "contribution": [
                                        {
                                            "agent": "https://vci.clinicalgenome.org/users/8f88bcae-5b67-42a2-ac27-0d856a8fbb65/",
                                            "contributionDate": "2017-11-06T03:38:36.406357+00:00",
                                            "contributionRole": {
                                                "label": "curator",
                                                "type": "ContributoryRole"
                                            },
                                            "type": "Contribution"
                                        }
                                    ],
                                    "evidenceLine": [
                                        {
                                            "evidenceItem": [
                                                {
                                                    "algorithm": "polyphen2_hvar",
                                                    "canonicalAllele": "http://reg.genome.network/allele/CA229715",
                                                    "prediction": 0.998,
                                                    "predictionType": {
                                                        "label": "http://clinicalgenome.org/datamodel/prediction-type/me",
                                                        "type": "Prediction"
                                                    },
                                                    "type": "InSilicoPredictionScore"
                                                }
                                            ],
                                            "type": "EvidenceLine"
                                        }
                                    ],
                                    "prediction": "D",
                                    "predictionType": {
                                        "label": "http://clinicalgenome.org/datamodel/prediction-type/me",
                                        "type": "Prediction"
                                    },
                                    "type": "InSilicoPrediction"
                                }
                            ],
                            "type": "EvidenceLine"
                        },
                        {
                            "evidenceItem": [
                                {
                                    "algorithm": "polyphen2_hdiv",
                                    "canonicalAllele": "http://reg.genome.network/allele/CA229715",
                                    "contribution": [
                                        {
                                            "agent": "https://vci.clinicalgenome.org/users/8f88bcae-5b67-42a2-ac27-0d856a8fbb65/",
                                            "contributionDate": "2017-11-06T03:38:36.406357+00:00",
                                            "contributionRole": {
                                                "label": "curator",
                                                "type": "ContributoryRole"
                                            },
                                            "type": "Contribution"
                                        }
                                    ],
                                    "evidenceLine": [
                                        {
                                            "evidenceItem": [
                                                {
                                                    "algorithm": "polyphen2_hdiv",
                                                    "canonicalAllele": "http://reg.genome.network/allele/CA229715",
                                                    "prediction": 1,
                                                    "predictionType": {
                                                        "label": "http://clinicalgenome.org/datamodel/prediction-type/me",
                                                        "type": "Prediction"
                                                    },
                                                    "type": "InSilicoPredictionScore"
                                                }
                                            ],
                                            "type": "EvidenceLine"
                                        }
                                    ],
                                    "prediction": "D",
                                    "predictionType": {
                                        "label": "http://clinicalgenome.org/datamodel/prediction-type/me",
                                        "type": "Prediction"
                                    },
                                    "type": "InSilicoPrediction"
                                }
                            ],
                            "type": "EvidenceLine"
                        },
                        {
                            "evidenceItem": [
                                {
                                    "algorithm": "fathmm_mkl",
                                    "canonicalAllele": "http://reg.genome.network/allele/CA229715",
                                    "contribution": [
                                        {
                                            "agent": "https://vci.clinicalgenome.org/users/8f88bcae-5b67-42a2-ac27-0d856a8fbb65/",
                                            "contributionDate": "2017-11-06T03:38:36.406357+00:00",
                                            "contributionRole": {
                                                "label": "curator",
                                                "type": "ContributoryRole"
                                            },
                                            "type": "Contribution"
                                        }
                                    ],
                                    "evidenceLine": [
                                        {
                                            "evidenceItem": [
                                                {
                                                    "algorithm": "fathmm_mkl",
                                                    "canonicalAllele": "http://reg.genome.network/allele/CA229715",
                                                    "prediction": 0.98678,
                                                    "predictionType": {
                                                        "label": "http://clinicalgenome.org/datamodel/prediction-type/me",
                                                        "type": "Prediction"
                                                    },
                                                    "type": "InSilicoPredictionScore"
                                                }
                                            ],
                                            "type": "EvidenceLine"
                                        }
                                    ],
                                    "prediction": "D",
                                    "predictionType": {
                                        "label": "http://clinicalgenome.org/datamodel/prediction-type/me",
                                        "type": "Prediction"
                                    },
                                    "type": "InSilicoPrediction"
                                }
                            ],
                            "type": "EvidenceLine"
                        },
                        {
                            "evidenceItem": [
                                {
                                    "algorithm": "fathmm",
                                    "canonicalAllele": "http://reg.genome.network/allele/CA229715",
                                    "contribution": [
                                        {
                                            "agent": "https://vci.clinicalgenome.org/users/8f88bcae-5b67-42a2-ac27-0d856a8fbb65/",
                                            "contributionDate": "2017-11-06T03:38:36.406357+00:00",
                                            "contributionRole": {
                                                "label": "curator",
                                                "type": "ContributoryRole"
                                            },
                                            "type": "Contribution"
                                        }
                                    ],
                                    "evidenceLine": [
                                        {
                                            "evidenceItem": [
                                                {
                                                    "algorithm": "fathmm",
                                                    "canonicalAllele": "http://reg.genome.network/allele/CA229715",
                                                    "prediction": -6.63,
                                                    "predictionType": {
                                                        "label": "http://clinicalgenome.org/datamodel/prediction-type/me",
                                                        "type": "Prediction"
                                                    },
                                                    "type": "InSilicoPredictionScore"
                                                }
                                            ],
                                            "type": "EvidenceLine"
                                        }
                                    ],
                                    "prediction": "D",
                                    "predictionType": {
                                        "label": "http://clinicalgenome.org/datamodel/prediction-type/me",
                                        "type": "Prediction"
                                    },
                                    "type": "InSilicoPrediction"
                                }
                            ],
                            "type": "EvidenceLine"
                        },
                        {
                            "evidenceItem": [
                                {
                                    "algorithm": "fathmm",
                                    "canonicalAllele": "http://reg.genome.network/allele/CA229715",
                                    "contribution": [
                                        {
                                            "agent": "https://vci.clinicalgenome.org/users/8f88bcae-5b67-42a2-ac27-0d856a8fbb65/",
                                            "contributionDate": "2017-11-06T03:38:36.406357+00:00",
                                            "contributionRole": {
                                                "label": "curator",
                                                "type": "ContributoryRole"
                                            },
                                            "type": "Contribution"
                                        }
                                    ],
                                    "evidenceLine": [
                                        {
                                            "evidenceItem": [
                                                {
                                                    "algorithm": "fathmm",
                                                    "canonicalAllele": "http://reg.genome.network/allele/CA229715",
                                                    "prediction": -6.63,
                                                    "predictionType": {
                                                        "label": "http://clinicalgenome.org/datamodel/prediction-type/me",
                                                        "type": "Prediction"
                                                    },
                                                    "type": "InSilicoPredictionScore"
                                                }
                                            ],
                                            "type": "EvidenceLine"
                                        }
                                    ],
                                    "prediction": " D",
                                    "predictionType": {
                                        "label": "http://clinicalgenome.org/datamodel/prediction-type/me",
                                        "type": "Prediction"
                                    },
                                    "type": "InSilicoPrediction"
                                }
                            ],
                            "type": "EvidenceLine"
                        },
                        {
                            "evidenceItem": [
                                {
                                    "algorithm": "mutationassessor",
                                    "canonicalAllele": "http://reg.genome.network/allele/CA229715",
                                    "contribution": [
                                        {
                                            "agent": "https://vci.clinicalgenome.org/users/8f88bcae-5b67-42a2-ac27-0d856a8fbb65/",
                                            "contributionDate": "2017-11-06T03:38:36.406357+00:00",
                                            "contributionRole": {
                                                "label": "curator",
                                                "type": "ContributoryRole"
                                            },
                                            "type": "Contribution"
                                        }
                                    ],
                                    "evidenceLine": [
                                        {
                                            "evidenceItem": [
                                                {
                                                    "algorithm": "mutationassessor",
                                                    "canonicalAllele": "http://reg.genome.network/allele/CA229715",
                                                    "prediction": 4.42,
                                                    "predictionType": {
                                                        "label": "http://clinicalgenome.org/datamodel/prediction-type/me",
                                                        "type": "Prediction"
                                                    },
                                                    "type": "InSilicoPredictionScore"
                                                }
                                            ],
                                            "type": "EvidenceLine"
                                        }
                                    ],
                                    "prediction": "H",
                                    "predictionType": {
                                        "label": "http://clinicalgenome.org/datamodel/prediction-type/me",
                                        "type": "Prediction"
                                    },
                                    "type": "InSilicoPrediction"
                                }
                            ],
                            "type": "EvidenceLine"
                        },
                        {
                            "evidenceItem": [
                                {
                                    "algorithm": "sift",
                                    "canonicalAllele": "http://reg.genome.network/allele/CA229715",
                                    "contribution": [
                                        {
                                            "agent": "https://vci.clinicalgenome.org/users/8f88bcae-5b67-42a2-ac27-0d856a8fbb65/",
                                            "contributionDate": "2017-11-06T03:38:36.406357+00:00",
                                            "contributionRole": {
                                                "label": "curator",
                                                "type": "ContributoryRole"
                                            },
                                            "type": "Contribution"
                                        }
                                    ],
                                    "prediction": "D",
                                    "predictionType": {
                                        "label": "http://clinicalgenome.org/datamodel/prediction-type/me",
                                        "type": "Prediction"
                                    },
                                    "type": "InSilicoPrediction"
                                }
                            ],
                            "type": "EvidenceLine"
                        },
                        {
                            "evidenceItem": [
                                {
                                    "algorithm": "metalr",
                                    "canonicalAllele": "http://reg.genome.network/allele/CA229715",
                                    "contribution": [
                                        {
                                            "agent": "https://vci.clinicalgenome.org/users/8f88bcae-5b67-42a2-ac27-0d856a8fbb65/",
                                            "contributionDate": "2017-11-06T03:38:36.406357+00:00",
                                            "contributionRole": {
                                                "label": "curator",
                                                "type": "ContributoryRole"
                                            },
                                            "type": "Contribution"
                                        }
                                    ],
                                    "evidenceLine": [
                                        {
                                            "evidenceItem": [
                                                {
                                                    "algorithm": "metalr",
                                                    "canonicalAllele": "http://reg.genome.network/allele/CA229715",
                                                    "prediction": 0.9932,
                                                    "predictionType": {
                                                        "label": "http://clinicalgenome.org/datamodel/prediction-type/me",
                                                        "type": "Prediction"
                                                    },
                                                    "type": "InSilicoPredictionScore"
                                                }
                                            ],
                                            "type": "EvidenceLine"
                                        }
                                    ],
                                    "prediction": "D",
                                    "predictionType": {
                                        "label": "http://clinicalgenome.org/datamodel/prediction-type/me",
                                        "type": "Prediction"
                                    },
                                    "type": "InSilicoPrediction"
                                }
                            ],
                            "type": "EvidenceLine"
                        },
                        {
                            "evidenceItem": [
                                {
                                    "algorithm": "mutationtaster",
                                    "canonicalAllele": "http://reg.genome.network/allele/CA229715",
                                    "contribution": [
                                        {
                                            "agent": "https://vci.clinicalgenome.org/users/8f88bcae-5b67-42a2-ac27-0d856a8fbb65/",
                                            "contributionDate": "2017-11-06T03:38:36.406357+00:00",
                                            "contributionRole": {
                                                "label": "curator",
                                                "type": "ContributoryRole"
                                            },
                                            "type": "Contribution"
                                        }
                                    ],
                                    "evidenceLine": [
                                        {
                                            "evidenceItem": [
                                                {
                                                    "algorithm": "mutationtaster",
                                                    "canonicalAllele": "http://reg.genome.network/allele/CA229715",
                                                    "prediction": 1,
                                                    "predictionType": {
                                                        "label": "http://clinicalgenome.org/datamodel/prediction-type/me",
                                                        "type": "Prediction"
                                                    },
                                                    "type": "InSilicoPredictionScore"
                                                }
                                            ],
                                            "type": "EvidenceLine"
                                        }
                                    ],
                                    "prediction": "D",
                                    "predictionType": {
                                        "label": "http://clinicalgenome.org/datamodel/prediction-type/me",
                                        "type": "Prediction"
                                    },
                                    "type": "InSilicoPrediction"
                                }
                            ],
                            "type": "EvidenceLine"
                        },
                        {
                            "evidenceItem": [
                                {
                                    "algorithm": "mutationtaster",
                                    "canonicalAllele": "http://reg.genome.network/allele/CA229715",
                                    "contribution": [
                                        {
                                            "agent": "https://vci.clinicalgenome.org/users/8f88bcae-5b67-42a2-ac27-0d856a8fbb65/",
                                            "contributionDate": "2017-11-06T03:38:36.406357+00:00",
                                            "contributionRole": {
                                                "label": "curator",
                                                "type": "ContributoryRole"
                                            },
                                            "type": "Contribution"
                                        }
                                    ],
                                    "evidenceLine": [
                                        {
                                            "evidenceItem": [
                                                {
                                                    "algorithm": "mutationtaster",
                                                    "canonicalAllele": "http://reg.genome.network/allele/CA229715",
                                                    "prediction": 1,
                                                    "predictionType": {
                                                        "label": "http://clinicalgenome.org/datamodel/prediction-type/me",
                                                        "type": "Prediction"
                                                    },
                                                    "type": "InSilicoPredictionScore"
                                                }
                                            ],
                                            "type": "EvidenceLine"
                                        }
                                    ],
                                    "prediction": " D",
                                    "predictionType": {
                                        "label": "http://clinicalgenome.org/datamodel/prediction-type/me",
                                        "type": "Prediction"
                                    },
                                    "type": "InSilicoPrediction"
                                }
                            ],
                            "type": "EvidenceLine"
                        },
                        {
                            "evidenceItem": [
                                {
                                    "algorithm": "cadd",
                                    "canonicalAllele": "http://reg.genome.network/allele/CA229715",
                                    "contribution": [
                                        {
                                            "agent": "https://vci.clinicalgenome.org/users/8f88bcae-5b67-42a2-ac27-0d856a8fbb65/",
                                            "contributionDate": "2017-11-06T03:38:36.406357+00:00",
                                            "contributionRole": {
                                                "label": "curator",
                                                "type": "ContributoryRole"
                                            },
                                            "type": "Contribution"
                                        }
                                    ],
                                    "prediction": "6.769855",
                                    "predictionType": {
                                        "label": "http://clinicalgenome.org/datamodel/prediction-type/me",
                                        "type": "Prediction"
                                    },
                                    "type": "InSilicoPredictionScore"
                                }
                            ],
                            "type": "EvidenceLine"
                        },
                        {
                            "evidenceItem": [
                                {
                                    "algorithm": "lrt",
                                    "canonicalAllele": "http://reg.genome.network/allele/CA229715",
                                    "contribution": [
                                        {
                                            "agent": "https://vci.clinicalgenome.org/users/8f88bcae-5b67-42a2-ac27-0d856a8fbb65/",
                                            "contributionDate": "2017-11-06T03:38:36.406357+00:00",
                                            "contributionRole": {
                                                "label": "curator",
                                                "type": "ContributoryRole"
                                            },
                                            "type": "Contribution"
                                        }
                                    ],
                                    "prediction": "D",
                                    "predictionType": {
                                        "label": "http://clinicalgenome.org/datamodel/prediction-type/me",
                                        "type": "Prediction"
                                    },
                                    "type": "InSilicoPrediction"
                                }
                            ],
                            "type": "EvidenceLine"
                        },
                        {
                            "evidenceItem": [
                                {
                                    "algorithm": "metasvm",
                                    "canonicalAllele": "http://reg.genome.network/allele/CA229715",
                                    "contribution": [
                                        {
                                            "agent": "https://vci.clinicalgenome.org/users/8f88bcae-5b67-42a2-ac27-0d856a8fbb65/",
                                            "contributionDate": "2017-11-06T03:38:36.406357+00:00",
                                            "contributionRole": {
                                                "label": "curator",
                                                "type": "ContributoryRole"
                                            },
                                            "type": "Contribution"
                                        }
                                    ],
                                    "evidenceLine": [
                                        {
                                            "evidenceItem": [
                                                {
                                                    "algorithm": "metasvm",
                                                    "canonicalAllele": "http://reg.genome.network/allele/CA229715",
                                                    "prediction": 0.967,
                                                    "predictionType": {
                                                        "label": "http://clinicalgenome.org/datamodel/prediction-type/me",
                                                        "type": "Prediction"
                                                    },
                                                    "type": "InSilicoPredictionScore"
                                                }
                                            ],
                                            "type": "EvidenceLine"
                                        }
                                    ],
                                    "prediction": "D",
                                    "predictionType": {
                                        "label": "http://clinicalgenome.org/datamodel/prediction-type/me",
                                        "type": "Prediction"
                                    },
                                    "type": "InSilicoPrediction"
                                }
                            ],
                            "type": "EvidenceLine"
                        },
                        {
                            "evidenceItem": [
                                {
                                    "algorithm": "fitcons",
                                    "canonicalAllele": "http://reg.genome.network/allele/CA229715",
                                    "contribution": [
                                        {
                                            "agent": "https://vci.clinicalgenome.org/users/8f88bcae-5b67-42a2-ac27-0d856a8fbb65/",
                                            "contributionDate": "2017-11-06T03:38:36.406357+00:00",
                                            "contributionRole": {
                                                "label": "curator",
                                                "type": "ContributoryRole"
                                            },
                                            "type": "Contribution"
                                        }
                                    ],
                                    "prediction": 0.638212,
                                    "predictionType": {
                                        "label": "http://clinicalgenome.org/datamodel/prediction-type/me",
                                        "type": "Prediction"
                                    },
                                    "type": "InSilicoPredictionScore"
                                }
                            ],
                            "type": "EvidenceLine"
                        },
                        {
                            "evidenceItem": [
                                {
                                    "algorithm": "provean",
                                    "canonicalAllele": "http://reg.genome.network/allele/CA229715",
                                    "contribution": [
                                        {
                                            "agent": "https://vci.clinicalgenome.org/users/8f88bcae-5b67-42a2-ac27-0d856a8fbb65/",
                                            "contributionDate": "2017-11-06T03:38:36.406357+00:00",
                                            "contributionRole": {
                                                "label": "curator",
                                                "type": "ContributoryRole"
                                            },
                                            "type": "Contribution"
                                        }
                                    ],
                                    "evidenceLine": [
                                        {
                                            "evidenceItem": [
                                                {
                                                    "algorithm": "provean",
                                                    "canonicalAllele": "http://reg.genome.network/allele/CA229715",
                                                    "prediction": -7.56,
                                                    "predictionType": {
                                                        "label": "http://clinicalgenome.org/datamodel/prediction-type/me",
                                                        "type": "Prediction"
                                                    },
                                                    "type": "InSilicoPredictionScore"
                                                }
                                            ],
                                            "type": "EvidenceLine"
                                        }
                                    ],
                                    "prediction": "D",
                                    "predictionType": {
                                        "label": "http://clinicalgenome.org/datamodel/prediction-type/me",
                                        "type": "Prediction"
                                    },
                                    "type": "InSilicoPrediction"
                                }
                            ],
                            "type": "EvidenceLine"
                        }
                    ],
                    "id": "/evaluations/38e34dec-0aeb-4dc1-b19d-30d8b55bd99d/",
                    "outcome": {
                        "label": "http://clinicalgenome.org/datamodel/criterion-assertion-outcome/met",
                        "type": "CriterionEvaluation"
                    },
                    "type": "CriterionAssessment",
                    "variant": "http://reg.genome.network/allele/CA229715"
                }
            ],
            "evidenceStrength": "SEPIO:0000329",
            "type": "EvidenceLine"
        },
        {
            "evidenceItem": [
                {
                    "contribution": [
                        {
                            "agent": "https://vci.clinicalgenome.org/users/8f88bcae-5b67-42a2-ac27-0d856a8fbb65/",
                            "contributionDate": "2017-11-06T03:39:33.531405+00:00",
                            "contributionRole": {
                                "label": "assessor",
                                "type": "ContributoryRole"
                            },
                            "type": "Contribution"
                        }
                    ],
                    "criterion": {
                        "defaultStrength": {
                            "id": "SEPIO:0000216",
                            "label": "Pathogenic Moderate",
                            "type": "EvidenceLineStrength"
                        },
                        "id": "SEPIO-CG:99031",
                        "label": "PM5",
                        "type": "Criterion"
                    },
                    "description": "F240V, no clnical significance provided in ClinVar",
                    "id": "/evaluations/e5d7a935-00ff-4c31-8627-14af48d62ee1/",
                    "outcome": {
                        "label": "http://clinicalgenome.org/datamodel/criterion-assertion-outcome/not-met",
                        "type": "CriterionEvaluation"
                    },
                    "type": "CriterionAssessment",
                    "variant": "http://reg.genome.network/allele/CA229715"
                }
            ],
            "evidenceStrength": "SEPIO:0000216",
            "type": "EvidenceLine"
        },
        {
            "evidenceItem": [
                {
                    "contribution": [
                        {
                            "agent": "https://vci.clinicalgenome.org/users/8f88bcae-5b67-42a2-ac27-0d856a8fbb65/",
                            "contributionDate": "2017-11-06T03:46:37.708783+00:00",
                            "contributionRole": {
                                "label": "assessor",
                                "type": "ContributoryRole"
                            },
                            "type": "Contribution"
                        }
                    ],
                    "criterion": {
                        "defaultStrength": {
                            "id": "SEPIO:0000329",
                            "label": "Pathogenic Supporting",
                            "type": "EvidenceLineStrength"
                        },
                        "id": "SEPIO-CG:99036",
                        "label": "PP4",
                        "type": "Criterion"
                    },
                    "description": "c.719T>C seen in 1 patient with classic PKU. BH4 deficiency not excluded. Upgraded per ClinGen Metabolic workgroup.",
                    "evidenceLine": [
                        {
                            "evidenceItem": [
                                {
                                    "contribution": [
                                        {
                                            "agent": "https://vci.clinicalgenome.org/users/8f88bcae-5b67-42a2-ac27-0d856a8fbb65/",
                                            "contributionDate": "2017-11-06T03:44:00.037469+00:00",
                                            "contributionRole": {
                                                "label": "curator",
                                                "type": "ContributoryRole"
                                            },
                                            "type": "Contribution"
                                        }
                                    ],
                                    "description": "These mutations were detected during the characterization of the PAH genotypes of 115 patients with PKU from the southeast region of Brazil. The patients were identified by a neonatal screening program and were considered to have PKU when the phenylalanine levels were above 4 mg/dl. c.719T>C was seen in 1 patient with classic PKU.",
                                    "source": [
                                        "https://www.ncbi.nlm.nih.gov/pubmed/11139255"
                                    ],
                                    "type": "Statement"
                                }
                            ],
                            "type": "EvidenceLine"
                        }
                    ],
                    "id": "/evaluations/4b6bd7f9-9a38-4192-b9c7-c9292c0832cd/",
                    "outcome": {
                        "label": "http://clinicalgenome.org/datamodel/criterion-assertion-outcome/met",
                        "type": "CriterionEvaluation"
                    },
                    "type": "CriterionAssessment",
                    "variant": "http://reg.genome.network/allele/CA229715"
                }
            ],
            "evidenceStrength": {
                "id": "SEPIO:0000216",
                "label": "Pathogenic Moderate",
                "type": "EvidenceLineStrength"
            },
            "type": "EvidenceLine"
        },
        {
            "evidenceItem": [
                {
                    "contribution": [
                        {
                            "agent": "https://vci.clinicalgenome.org/users/8f88bcae-5b67-42a2-ac27-0d856a8fbb65/",
                            "contributionDate": "2017-11-06T03:53:30.210279+00:00",
                            "contributionRole": {
                                "label": "assessor",
                                "type": "ContributoryRole"
                            },
                            "type": "Contribution"
                        }
                    ],
                    "criterion": {
                        "defaultStrength": {
                            "id": "SEPIO:0000216",
                            "label": "Pathogenic Moderate",
                            "type": "EvidenceLineStrength"
                        },
                        "id": "SEPIO-CG:99029",
                        "label": "PM3",
                        "type": "Criterion"
                    },
                    "description": "In trans with R261Q, Path/LP",
                    "evidenceLine": [
                        {
                            "evidenceItem": [
                                {
                                    "contribution": [
                                        {
                                            "agent": "https://vci.clinicalgenome.org/users/8f88bcae-5b67-42a2-ac27-0d856a8fbb65/",
                                            "contributionDate": "2017-11-06T03:55:39.184217+00:00",
                                            "contributionRole": {
                                                "label": "curator",
                                                "type": "ContributoryRole"
                                            },
                                            "type": "Contribution"
                                        }
                                    ],
                                    "description": "F240S seen in trans with R261Q (VarID 582, Pathogenic/Likely Pathogenic). IVS2+19T>C polymorphism (VarID 92736, benign) occurred in cis to the F240S mutation, as the mother had these substitutions in the same status.",
                                    "source": [
                                        "https://www.ncbi.nlm.nih.gov/pubmed/11139255"
                                    ],
                                    "type": "Statement"
                                }
                            ],
                            "type": "EvidenceLine"
                        }
                    ],
                    "id": "/evaluations/43bf3083-dcc4-47ea-8d00-70d679eead46/",
                    "outcome": {
                        "label": "http://clinicalgenome.org/datamodel/criterion-assertion-outcome/met",
                        "type": "CriterionEvaluation"
                    },
                    "type": "CriterionAssessment",
                    "variant": "http://reg.genome.network/allele/CA229715"
                }
            ],
            "evidenceStrength": "SEPIO:0000216",
            "type": "EvidenceLine"
        }
    ],
    "id": "https://vci.clinicalgenome.org/interpretations/40c992e0-e990-4d77-850d-2ded8efbba8f/",
    "outcome": {
        "label": "Likely pathogenic",
        "type": "Significance"
    },
    "type": "VariantInterpretation",
    "variant": "http://reg.genome.network/allele/CA229715"
}