{
    "@context": "http://datamodel.clinicalgenome.org/interpretation/json/context",
    "condition": [
        {
            "disease": [
                {
                    "id": "http://monarchinitiative.org/disease/MONDO_0009861",
                    "type": "Disease",
                    "userLabel": "phenylketonuria"
                }
            ],
            "modeOfInheritance": {
                "id": "HP:0000007",
                "label": "Autosomal Recessive",
                "type": "ModeOfInheritance"
            },
            "type": "GeneticCondition"
        }
    ],
    "contribution": [
        {
            "agent": {
                "id": "https://vci.clinicalgenome.org/users/8f88bcae-5b67-42a2-ac27-0d856a8fbb65/",
                "label": "Diane Zastrow",
                "type": "Agent"
            },
            "contributionDate": "2018-02-19T23:03:21.457324+00:00",
            "contributionRole": {
                "label": "interpreter",
                "type": "ContributoryRole"
            },
            "type": "Contribution"
        }
    ],
    "evidenceLine": [
        {
            "evidenceItem": [
                {
                    "contribution": [
                        {
                            "agent": "https://vci.clinicalgenome.org/users/8f88bcae-5b67-42a2-ac27-0d856a8fbb65/",
                            "contributionDate": "2018-02-19T22:40:18.179557+00:00",
                            "contributionRole": {
                                "label": "assessor",
                                "type": "ContributoryRole"
                            },
                            "type": "Contribution"
                        }
                    ],
                    "criterion": {
                        "defaultStrength": {
                            "id": "SEPIO:0000216",
                            "label": "Pathogenic Moderate",
                            "type": "EvidenceLineStrength"
                        },
                        "id": "SEPIO-CG:99028",
                        "label": "PM2",
                        "type": "Criterion"
                    },
                    "description": "Absent from ExAC, gnomAD, 1000G, ESP.",
                    "evidenceLine": [
                        {
                            "evidenceItem": [
                                {
                                    "allele": {
                                        "CanonicalAlleleType": "nucleotide",
                                        "complexity": "simple",
                                        "id": "http://reg.genome.network/allele/CA229529",
                                        "relatedContextualAllele": [
                                            {
                                                "CanonicalAllele": "http://reg.genome.network/allele/CA229529",
                                                "allele": "A",
                                                "alleleName": [
                                                    {
                                                        "name": "NC_000012.12:g.102877517T>A",
                                                        "nameType": "hgvs"
                                                    },
                                                    {
                                                        "name": "CM000674.2:g.102877517T>A",
                                                        "nameType": "hgvs"
                                                    }
                                                ],
                                                "contextualAlleleType": "genomic",
                                                "preferred": true,
                                                "referenceCoordinate": {
                                                    "end": {
                                                        "index": 102877517
                                                    },
                                                    "refAllele": "T",
                                                    "referenceSequence": {
                                                        "display": "NC_000012.12",
                                                        "reference": "http://reg.genome.network/refseq/RS000060"
                                                    },
                                                    "start": {
                                                        "index": 102877516
                                                    }
                                                },
                                                "type": "ContextualAllele"
                                            },
                                            {
                                                "CanonicalAllele": "http://reg.genome.network/allele/CA229529",
                                                "allele": "A",
                                                "alleleName": [
                                                    {
                                                        "name": "NC_000012.10:g.101795425T>A",
                                                        "nameType": "hgvs"
                                                    }
                                                ],
                                                "contextualAlleleType": "genomic",
                                                "referenceCoordinate": {
                                                    "end": {
                                                        "index": 101795425
                                                    },
                                                    "refAllele": "T",
                                                    "referenceSequence": {
                                                        "display": "NC_000012.10",
                                                        "reference": "http://reg.genome.network/refseq/RS000012"
                                                    },
                                                    "start": {
                                                        "index": 101795424
                                                    }
                                                },
                                                "type": "ContextualAllele"
                                            },
                                            {
                                                "CanonicalAllele": "http://reg.genome.network/allele/CA229529",
                                                "allele": "A",
                                                "alleleName": [
                                                    {
                                                        "name": "NC_000012.11:g.103271295T>A",
                                                        "nameType": "hgvs"
                                                    },
                                                    {
                                                        "name": "CM000674.1:g.103271295T>A",
                                                        "nameType": "hgvs"
                                                    }
                                                ],
                                                "contextualAlleleType": "genomic",
                                                "referenceCoordinate": {
                                                    "end": {
                                                        "index": 103271295
                                                    },
                                                    "refAllele": "T",
                                                    "referenceSequence": {
                                                        "display": "NC_000012.11",
                                                        "reference": "http://reg.genome.network/refseq/RS000036"
                                                    },
                                                    "start": {
                                                        "index": 103271294
                                                    }
                                                },
                                                "type": "ContextualAllele"
                                            },
                                            {
                                                "CanonicalAllele": "http://reg.genome.network/allele/CA229529",
                                                "allele": "T",
                                                "alleleName": [
                                                    {
                                                        "name": "NG_008690.1:g.45086A>T",
                                                        "nameType": "hgvs"
                                                    }
                                                ],
                                                "contextualAlleleType": "genomic",
                                                "referenceCoordinate": {
                                                    "end": {
                                                        "index": 45086
                                                    },
                                                    "refAllele": "A",
                                                    "referenceSequence": {
                                                        "display": "",
                                                        "reference": "http://reg.genome.network/refseq/RS001168"
                                                    },
                                                    "start": {
                                                        "index": 45085
                                                    }
                                                },
                                                "type": "ContextualAllele"
                                            }
                                        ],
                                        "relatedIdentifier": [
                                            {
                                                "code": 102662,
                                                "display": "NM_000277.2(PAH):c.386A>T (p.Asp129Val)",
                                                "system": "http://www.ncbi.nlm.nih.gov/clinvar/variation/",
                                                "type": "Coding"
                                            },
                                            {
                                                "code": 199475623,
                                                "system": "http://www.ncbi.nlm.nih.gov/snp/",
                                                "type": "Coding"
                                            }
                                        ],
                                        "type": "CanonicalAllele"
                                    },
                                    "alleleCount": 0,
                                    "alleleNumber": 0,
                                    "ascertainment": {
                                        "label": "ESP",
                                        "type": "Ascertainment"
                                    },
                                    "contribution": [
                                        {
                                            "agent": "https://vci.clinicalgenome.org/users/8f88bcae-5b67-42a2-ac27-0d856a8fbb65/",
                                            "contributionDate": "2018-02-19T22:40:17.987081+00:00",
                                            "contributionRole": {
                                                "label": "curator",
                                                "type": "ContributoryRole"
                                            },
                                            "type": "Contribution"
                                        }
                                    ],
                                    "population": {
                                        "label": "http://evs.gs.washington.edu/EVS/AA",
                                        "type": "Population"
                                    },
                                    "type": "AlleleFrequency"
                                }
                            ],
                            "type": "EvidenceLine"
                        },
                        {
                            "evidenceItem": [
                                {
                                    "allele": "http://reg.genome.network/allele/CA229529",
                                    "alleleCount": 0,
                                    "alleleNumber": 0,
                                    "ascertainment": {
                                        "label": "ESP",
                                        "type": "Ascertainment"
                                    },
                                    "contribution": [
                                        {
                                            "agent": "https://vci.clinicalgenome.org/users/8f88bcae-5b67-42a2-ac27-0d856a8fbb65/",
                                            "contributionDate": "2018-02-19T22:40:17.987081+00:00",
                                            "contributionRole": {
                                                "label": "curator",
                                                "type": "ContributoryRole"
                                            },
                                            "type": "Contribution"
                                        }
                                    ],
                                    "population": {
                                        "label": "combined",
                                        "type": "Population"
                                    },
                                    "type": "AlleleFrequency"
                                }
                            ],
                            "type": "EvidenceLine"
                        },
                        {
                            "evidenceItem": [
                                {
                                    "allele": "http://reg.genome.network/allele/CA229529",
                                    "alleleCount": 0,
                                    "alleleNumber": 0,
                                    "ascertainment": {
                                        "label": "ESP",
                                        "type": "Ascertainment"
                                    },
                                    "contribution": [
                                        {
                                            "agent": "https://vci.clinicalgenome.org/users/8f88bcae-5b67-42a2-ac27-0d856a8fbb65/",
                                            "contributionDate": "2018-02-19T22:40:17.987081+00:00",
                                            "contributionRole": {
                                                "label": "curator",
                                                "type": "ContributoryRole"
                                            },
                                            "type": "Contribution"
                                        }
                                    ],
                                    "population": {
                                        "label": "http://evs.gs.washington.edu/EVS/EA",
                                        "type": "Population"
                                    },
                                    "type": "AlleleFrequency"
                                }
                            ],
                            "type": "EvidenceLine"
                        },
                        {
                            "evidenceItem": [
                                {
                                    "allele": "http://reg.genome.network/allele/CA229529",
                                    "alleleCount": 0,
                                    "alleleNumber": 0,
                                    "ascertainment": {
                                        "label": "ExAC",
                                        "type": "Ascertainment"
                                    },
                                    "contribution": [
                                        {
                                            "agent": "https://vci.clinicalgenome.org/users/8f88bcae-5b67-42a2-ac27-0d856a8fbb65/",
                                            "contributionDate": "2018-02-19T22:40:17.987081+00:00",
                                            "contributionRole": {
                                                "label": "curator",
                                                "type": "ContributoryRole"
                                            },
                                            "type": "Contribution"
                                        }
                                    ],
                                    "homozygousAlleleIndividualCount": 0,
                                    "population": {
                                        "label": "other",
                                        "type": "Population"
                                    },
                                    "type": "AlleleFrequency"
                                }
                            ],
                            "type": "EvidenceLine"
                        },
                        {
                            "evidenceItem": [
                                {
                                    "allele": "http://reg.genome.network/allele/CA229529",
                                    "alleleCount": 0,
                                    "alleleNumber": 0,
                                    "ascertainment": {
                                        "label": "ExAC",
                                        "type": "Ascertainment"
                                    },
                                    "contribution": [
                                        {
                                            "agent": "https://vci.clinicalgenome.org/users/8f88bcae-5b67-42a2-ac27-0d856a8fbb65/",
                                            "contributionDate": "2018-02-19T22:40:17.987081+00:00",
                                            "contributionRole": {
                                                "label": "curator",
                                                "type": "ContributoryRole"
                                            },
                                            "type": "Contribution"
                                        }
                                    ],
                                    "homozygousAlleleIndividualCount": 0,
                                    "population": {
                                        "label": "http://broadinstitute.org/populations/nfe",
                                        "type": "Population"
                                    },
                                    "type": "AlleleFrequency"
                                }
                            ],
                            "type": "EvidenceLine"
                        },
                        {
                            "evidenceItem": [
                                {
                                    "allele": "http://reg.genome.network/allele/CA229529",
                                    "alleleCount": 0,
                                    "alleleNumber": 0,
                                    "ascertainment": {
                                        "label": "ExAC",
                                        "type": "Ascertainment"
                                    },
                                    "contribution": [
                                        {
                                            "agent": "https://vci.clinicalgenome.org/users/8f88bcae-5b67-42a2-ac27-0d856a8fbb65/",
                                            "contributionDate": "2018-02-19T22:40:17.987081+00:00",
                                            "contributionRole": {
                                                "label": "curator",
                                                "type": "ContributoryRole"
                                            },
                                            "type": "Contribution"
                                        }
                                    ],
                                    "homozygousAlleleIndividualCount": 0,
                                    "population": {
                                        "label": "combined",
                                        "type": "Population"
                                    },
                                    "type": "AlleleFrequency"
                                }
                            ],
                            "type": "EvidenceLine"
                        },
                        {
                            "evidenceItem": [
                                {
                                    "allele": "http://reg.genome.network/allele/CA229529",
                                    "alleleCount": 0,
                                    "alleleNumber": 0,
                                    "ascertainment": {
                                        "label": "ExAC",
                                        "type": "Ascertainment"
                                    },
                                    "contribution": [
                                        {
                                            "agent": "https://vci.clinicalgenome.org/users/8f88bcae-5b67-42a2-ac27-0d856a8fbb65/",
                                            "contributionDate": "2018-02-19T22:40:17.987081+00:00",
                                            "contributionRole": {
                                                "label": "curator",
                                                "type": "ContributoryRole"
                                            },
                                            "type": "Contribution"
                                        }
                                    ],
                                    "homozygousAlleleIndividualCount": 0,
                                    "population": {
                                        "label": "http://broadinstitute.org/populations/sas",
                                        "type": "Population"
                                    },
                                    "type": "AlleleFrequency"
                                }
                            ],
                            "type": "EvidenceLine"
                        },
                        {
                            "evidenceItem": [
                                {
                                    "allele": "http://reg.genome.network/allele/CA229529",
                                    "alleleCount": 0,
                                    "alleleNumber": 0,
                                    "ascertainment": {
                                        "label": "ExAC",
                                        "type": "Ascertainment"
                                    },
                                    "contribution": [
                                        {
                                            "agent": "https://vci.clinicalgenome.org/users/8f88bcae-5b67-42a2-ac27-0d856a8fbb65/",
                                            "contributionDate": "2018-02-19T22:40:17.987081+00:00",
                                            "contributionRole": {
                                                "label": "curator",
                                                "type": "ContributoryRole"
                                            },
                                            "type": "Contribution"
                                        }
                                    ],
                                    "homozygousAlleleIndividualCount": 0,
                                    "population": {
                                        "label": "http://broadinstitute.org/populations/eas",
                                        "type": "Population"
                                    },
                                    "type": "AlleleFrequency"
                                }
                            ],
                            "type": "EvidenceLine"
                        },
                        {
                            "evidenceItem": [
                                {
                                    "allele": "http://reg.genome.network/allele/CA229529",
                                    "alleleCount": 0,
                                    "alleleNumber": 0,
                                    "ascertainment": {
                                        "label": "ExAC",
                                        "type": "Ascertainment"
                                    },
                                    "contribution": [
                                        {
                                            "agent": "https://vci.clinicalgenome.org/users/8f88bcae-5b67-42a2-ac27-0d856a8fbb65/",
                                            "contributionDate": "2018-02-19T22:40:17.987081+00:00",
                                            "contributionRole": {
                                                "label": "curator",
                                                "type": "ContributoryRole"
                                            },
                                            "type": "Contribution"
                                        }
                                    ],
                                    "homozygousAlleleIndividualCount": 0,
                                    "population": {
                                        "label": "http://broadinstitute.org/populations/amr",
                                        "type": "Population"
                                    },
                                    "type": "AlleleFrequency"
                                }
                            ],
                            "type": "EvidenceLine"
                        },
                        {
                            "evidenceItem": [
                                {
                                    "allele": "http://reg.genome.network/allele/CA229529",
                                    "alleleCount": 0,
                                    "alleleNumber": 0,
                                    "ascertainment": {
                                        "label": "ExAC",
                                        "type": "Ascertainment"
                                    },
                                    "contribution": [
                                        {
                                            "agent": "https://vci.clinicalgenome.org/users/8f88bcae-5b67-42a2-ac27-0d856a8fbb65/",
                                            "contributionDate": "2018-02-19T22:40:17.987081+00:00",
                                            "contributionRole": {
                                                "label": "curator",
                                                "type": "ContributoryRole"
                                            },
                                            "type": "Contribution"
                                        }
                                    ],
                                    "homozygousAlleleIndividualCount": 0,
                                    "population": {
                                        "label": "http://broadinstitute.org/populations/fin",
                                        "type": "Population"
                                    },
                                    "type": "AlleleFrequency"
                                }
                            ],
                            "type": "EvidenceLine"
                        },
                        {
                            "evidenceItem": [
                                {
                                    "allele": "http://reg.genome.network/allele/CA229529",
                                    "alleleCount": 0,
                                    "alleleNumber": 0,
                                    "ascertainment": {
                                        "label": "ExAC",
                                        "type": "Ascertainment"
                                    },
                                    "contribution": [
                                        {
                                            "agent": "https://vci.clinicalgenome.org/users/8f88bcae-5b67-42a2-ac27-0d856a8fbb65/",
                                            "contributionDate": "2018-02-19T22:40:17.987081+00:00",
                                            "contributionRole": {
                                                "label": "curator",
                                                "type": "ContributoryRole"
                                            },
                                            "type": "Contribution"
                                        }
                                    ],
                                    "homozygousAlleleIndividualCount": 0,
                                    "population": {
                                        "label": "http://broadinstitute.org/populations/afr",
                                        "type": "Population"
                                    },
                                    "type": "AlleleFrequency"
                                }
                            ],
                            "type": "EvidenceLine"
                        },
                        {
                            "evidenceItem": [
                                {
                                    "allele": "http://reg.genome.network/allele/CA229529",
                                    "alleleCount": 0,
                                    "alleleNumber": 0,
                                    "ascertainment": {
                                        "label": "1KG",
                                        "type": "Ascertainment"
                                    },
                                    "contribution": [
                                        {
                                            "agent": "https://vci.clinicalgenome.org/users/8f88bcae-5b67-42a2-ac27-0d856a8fbb65/",
                                            "contributionDate": "2018-02-19T22:40:17.987081+00:00",
                                            "contributionRole": {
                                                "label": "curator",
                                                "type": "ContributoryRole"
                                            },
                                            "type": "Contribution"
                                        }
                                    ],
                                    "homozygousAlleleIndividualCount": 0,
                                    "population": {
                                        "label": "http://www.internationalgenome.org/category/population/amr",
                                        "type": "Population"
                                    },
                                    "type": "AlleleFrequency"
                                }
                            ],
                            "type": "EvidenceLine"
                        },
                        {
                            "evidenceItem": [
                                {
                                    "allele": "http://reg.genome.network/allele/CA229529",
                                    "alleleCount": 0,
                                    "alleleNumber": 0,
                                    "ascertainment": {
                                        "label": "1KG_ESP",
                                        "type": "Ascertainment"
                                    },
                                    "contribution": [
                                        {
                                            "agent": "https://vci.clinicalgenome.org/users/8f88bcae-5b67-42a2-ac27-0d856a8fbb65/",
                                            "contributionDate": "2018-02-19T22:40:17.987081+00:00",
                                            "contributionRole": {
                                                "label": "curator",
                                                "type": "ContributoryRole"
                                            },
                                            "type": "Contribution"
                                        }
                                    ],
                                    "homozygousAlleleIndividualCount": 0,
                                    "population": {
                                        "label": "http://evs.gs.washington.edu/EVS/AA",
                                        "type": "Population"
                                    },
                                    "type": "AlleleFrequency"
                                }
                            ],
                            "type": "EvidenceLine"
                        },
                        {
                            "evidenceItem": [
                                {
                                    "allele": "http://reg.genome.network/allele/CA229529",
                                    "alleleCount": 0,
                                    "alleleNumber": 0,
                                    "ascertainment": {
                                        "label": "1KG",
                                        "type": "Ascertainment"
                                    },
                                    "contribution": [
                                        {
                                            "agent": "https://vci.clinicalgenome.org/users/8f88bcae-5b67-42a2-ac27-0d856a8fbb65/",
                                            "contributionDate": "2018-02-19T22:40:17.987081+00:00",
                                            "contributionRole": {
                                                "label": "curator",
                                                "type": "ContributoryRole"
                                            },
                                            "type": "Contribution"
                                        }
                                    ],
                                    "homozygousAlleleIndividualCount": 0,
                                    "population": {
                                        "label": "combined",
                                        "type": "Population"
                                    },
                                    "type": "AlleleFrequency"
                                }
                            ],
                            "type": "EvidenceLine"
                        },
                        {
                            "evidenceItem": [
                                {
                                    "allele": "http://reg.genome.network/allele/CA229529",
                                    "alleleCount": 0,
                                    "alleleNumber": 0,
                                    "ascertainment": {
                                        "label": "1KG",
                                        "type": "Ascertainment"
                                    },
                                    "contribution": [
                                        {
                                            "agent": "https://vci.clinicalgenome.org/users/8f88bcae-5b67-42a2-ac27-0d856a8fbb65/",
                                            "contributionDate": "2018-02-19T22:40:17.987081+00:00",
                                            "contributionRole": {
                                                "label": "curator",
                                                "type": "ContributoryRole"
                                            },
                                            "type": "Contribution"
                                        }
                                    ],
                                    "homozygousAlleleIndividualCount": 0,
                                    "population": {
                                        "label": "http://www.internationalgenome.org/category/population/sas",
                                        "type": "Population"
                                    },
                                    "type": "AlleleFrequency"
                                }
                            ],
                            "type": "EvidenceLine"
                        },
                        {
                            "evidenceItem": [
                                {
                                    "allele": "http://reg.genome.network/allele/CA229529",
                                    "alleleCount": 0,
                                    "alleleNumber": 0,
                                    "ascertainment": {
                                        "label": "1KG",
                                        "type": "Ascertainment"
                                    },
                                    "contribution": [
                                        {
                                            "agent": "https://vci.clinicalgenome.org/users/8f88bcae-5b67-42a2-ac27-0d856a8fbb65/",
                                            "contributionDate": "2018-02-19T22:40:17.987081+00:00",
                                            "contributionRole": {
                                                "label": "curator",
                                                "type": "ContributoryRole"
                                            },
                                            "type": "Contribution"
                                        }
                                    ],
                                    "homozygousAlleleIndividualCount": 0,
                                    "population": {
                                        "label": "http://www.internationalgenome.org/category/population/eas",
                                        "type": "Population"
                                    },
                                    "type": "AlleleFrequency"
                                }
                            ],
                            "type": "EvidenceLine"
                        },
                        {
                            "evidenceItem": [
                                {
                                    "allele": "http://reg.genome.network/allele/CA229529",
                                    "alleleCount": 0,
                                    "alleleNumber": 0,
                                    "ascertainment": {
                                        "label": "1KG",
                                        "type": "Ascertainment"
                                    },
                                    "contribution": [
                                        {
                                            "agent": "https://vci.clinicalgenome.org/users/8f88bcae-5b67-42a2-ac27-0d856a8fbb65/",
                                            "contributionDate": "2018-02-19T22:40:17.987081+00:00",
                                            "contributionRole": {
                                                "label": "curator",
                                                "type": "ContributoryRole"
                                            },
                                            "type": "Contribution"
                                        }
                                    ],
                                    "homozygousAlleleIndividualCount": 0,
                                    "population": {
                                        "label": "http://www.internationalgenome.org/category/population/eur",
                                        "type": "Population"
                                    },
                                    "type": "AlleleFrequency"
                                }
                            ],
                            "type": "EvidenceLine"
                        },
                        {
                            "evidenceItem": [
                                {
                                    "allele": "http://reg.genome.network/allele/CA229529",
                                    "alleleCount": 0,
                                    "alleleNumber": 0,
                                    "ascertainment": {
                                        "label": "1KG",
                                        "type": "Ascertainment"
                                    },
                                    "contribution": [
                                        {
                                            "agent": "https://vci.clinicalgenome.org/users/8f88bcae-5b67-42a2-ac27-0d856a8fbb65/",
                                            "contributionDate": "2018-02-19T22:40:17.987081+00:00",
                                            "contributionRole": {
                                                "label": "curator",
                                                "type": "ContributoryRole"
                                            },
                                            "type": "Contribution"
                                        }
                                    ],
                                    "homozygousAlleleIndividualCount": 0,
                                    "population": {
                                        "label": "http://www.internationalgenome.org/category/population/afr",
                                        "type": "Population"
                                    },
                                    "type": "AlleleFrequency"
                                }
                            ],
                            "type": "EvidenceLine"
                        },
                        {
                            "evidenceItem": [
                                {
                                    "allele": "http://reg.genome.network/allele/CA229529",
                                    "alleleCount": 0,
                                    "alleleNumber": 0,
                                    "ascertainment": {
                                        "label": "1KG_ESP",
                                        "type": "Ascertainment"
                                    },
                                    "contribution": [
                                        {
                                            "agent": "https://vci.clinicalgenome.org/users/8f88bcae-5b67-42a2-ac27-0d856a8fbb65/",
                                            "contributionDate": "2018-02-19T22:40:17.987081+00:00",
                                            "contributionRole": {
                                                "label": "curator",
                                                "type": "ContributoryRole"
                                            },
                                            "type": "Contribution"
                                        }
                                    ],
                                    "homozygousAlleleIndividualCount": 0,
                                    "population": {
                                        "label": "http://evs.gs.washington.edu/EVS/EA",
                                        "type": "Population"
                                    },
                                    "type": "AlleleFrequency"
                                }
                            ],
                            "type": "EvidenceLine"
                        }
                    ],
                    "id": "/evaluations/5dfc4d9f-00ab-4aba-9acc-587296b3fab6/",
                    "outcome": {
                        "label": "http://clinicalgenome.org/datamodel/criterion-assertion-outcome/met",
                        "type": "CriterionEvaluation"
                    },
                    "type": "CriterionAssessment",
                    "variant": "http://reg.genome.network/allele/CA229529"
                }
            ],
            "evidenceStrength": "SEPIO:0000216",
            "type": "EvidenceLine"
        },
        {
            "evidenceItem": [
                {
                    "contribution": [
                        {
                            "agent": "https://vci.clinicalgenome.org/users/8f88bcae-5b67-42a2-ac27-0d856a8fbb65/",
                            "contributionDate": "2018-02-19T22:41:30.958013+00:00",
                            "contributionRole": {
                                "label": "assessor",
                                "type": "ContributoryRole"
                            },
                            "type": "Contribution"
                        }
                    ],
                    "criterion": {
                        "defaultStrength": {
                            "id": "SEPIO:0000329",
                            "label": "Pathogenic Supporting",
                            "type": "EvidenceLineStrength"
                        },
                        "id": "SEPIO-CG:99035",
                        "label": "PP3",
                        "type": "Criterion"
                    },
                    "description": "Deleterious effect predicted in SIFT, Polyphen2, MutationTaster. REVEL=0.986.",
                    "evidenceLine": [
                        {
                            "evidenceItem": [
                                {
                                    "algorithm": "siphy",
                                    "allele": "http://reg.genome.network/allele/CA229529",
                                    "contribution": [
                                        {
                                            "agent": "https://vci.clinicalgenome.org/users/8f88bcae-5b67-42a2-ac27-0d856a8fbb65/",
                                            "contributionDate": "2018-02-19T22:41:30.753879+00:00",
                                            "contributionRole": {
                                                "label": "curator",
                                                "type": "ContributoryRole"
                                            },
                                            "type": "Contribution"
                                        }
                                    ],
                                    "score": "16.2436",
                                    "type": "AlleleConservationScore"
                                }
                            ],
                            "type": "EvidenceLine"
                        },
                        {
                            "evidenceItem": [
                                {
                                    "algorithm": "phylop7way",
                                    "allele": "http://reg.genome.network/allele/CA229529",
                                    "contribution": [
                                        {
                                            "agent": "https://vci.clinicalgenome.org/users/8f88bcae-5b67-42a2-ac27-0d856a8fbb65/",
                                            "contributionDate": "2018-02-19T22:41:30.753879+00:00",
                                            "contributionRole": {
                                                "label": "curator",
                                                "type": "ContributoryRole"
                                            },
                                            "type": "Contribution"
                                        }
                                    ],
                                    "score": "7.382",
                                    "type": "AlleleConservationScore"
                                }
                            ],
                            "type": "EvidenceLine"
                        },
                        {
                            "evidenceItem": [
                                {
                                    "algorithm": "phylop20way",
                                    "allele": "http://reg.genome.network/allele/CA229529",
                                    "contribution": [
                                        {
                                            "agent": "https://vci.clinicalgenome.org/users/8f88bcae-5b67-42a2-ac27-0d856a8fbb65/",
                                            "contributionDate": "2018-02-19T22:41:30.753879+00:00",
                                            "contributionRole": {
                                                "label": "curator",
                                                "type": "ContributoryRole"
                                            },
                                            "type": "Contribution"
                                        }
                                    ],
                                    "score": "1.061",
                                    "type": "AlleleConservationScore"
                                }
                            ],
                            "type": "EvidenceLine"
                        },
                        {
                            "evidenceItem": [
                                {
                                    "algorithm": "gerp",
                                    "allele": "http://reg.genome.network/allele/CA229529",
                                    "contribution": [
                                        {
                                            "agent": "https://vci.clinicalgenome.org/users/8f88bcae-5b67-42a2-ac27-0d856a8fbb65/",
                                            "contributionDate": "2018-02-19T22:41:30.753879+00:00",
                                            "contributionRole": {
                                                "label": "curator",
                                                "type": "ContributoryRole"
                                            },
                                            "type": "Contribution"
                                        }
                                    ],
                                    "score": "5.86",
                                    "type": "AlleleConservationScore"
                                }
                            ],
                            "type": "EvidenceLine"
                        },
                        {
                            "evidenceItem": [
                                {
                                    "algorithm": "phastconsp20way",
                                    "allele": "http://reg.genome.network/allele/CA229529",
                                    "contribution": [
                                        {
                                            "agent": "https://vci.clinicalgenome.org/users/8f88bcae-5b67-42a2-ac27-0d856a8fbb65/",
                                            "contributionDate": "2018-02-19T22:41:30.753879+00:00",
                                            "contributionRole": {
                                                "label": "curator",
                                                "type": "ContributoryRole"
                                            },
                                            "type": "Contribution"
                                        }
                                    ],
                                    "score": "0.999",
                                    "type": "AlleleConservationScore"
                                }
                            ],
                            "type": "EvidenceLine"
                        },
                        {
                            "evidenceItem": [
                                {
                                    "algorithm": "phastconsp7way",
                                    "allele": "http://reg.genome.network/allele/CA229529",
                                    "contribution": [
                                        {
                                            "agent": "https://vci.clinicalgenome.org/users/8f88bcae-5b67-42a2-ac27-0d856a8fbb65/",
                                            "contributionDate": "2018-02-19T22:41:30.753879+00:00",
                                            "contributionRole": {
                                                "label": "curator",
                                                "type": "ContributoryRole"
                                            },
                                            "type": "Contribution"
                                        }
                                    ],
                                    "score": "1",
                                    "type": "AlleleConservationScore"
                                }
                            ],
                            "type": "EvidenceLine"
                        },
                        {
                            "evidenceItem": [
                                {
                                    "algorithm": "revel",
                                    "canonicalAllele": "http://reg.genome.network/allele/CA229529",
                                    "contribution": [
                                        {
                                            "agent": "https://vci.clinicalgenome.org/users/8f88bcae-5b67-42a2-ac27-0d856a8fbb65/",
                                            "contributionDate": "2018-02-19T22:41:30.753879+00:00",
                                            "contributionRole": {
                                                "label": "curator",
                                                "type": "ContributoryRole"
                                            },
                                            "type": "Contribution"
                                        }
                                    ],
                                    "prediction": "0.986",
                                    "predictionType": {
                                        "label": "http://clinicalgenome.org/datamodel/prediction-type/me",
                                        "type": "Prediction"
                                    },
                                    "type": "InSilicoPredictionScore"
                                }
                            ],
                            "type": "EvidenceLine"
                        },
                        {
                            "evidenceItem": [
                                {
                                    "algorithm": "fathmm",
                                    "canonicalAllele": "http://reg.genome.network/allele/CA229529",
                                    "contribution": [
                                        {
                                            "agent": "https://vci.clinicalgenome.org/users/8f88bcae-5b67-42a2-ac27-0d856a8fbb65/",
                                            "contributionDate": "2018-02-19T22:41:30.753879+00:00",
                                            "contributionRole": {
                                                "label": "curator",
                                                "type": "ContributoryRole"
                                            },
                                            "type": "Contribution"
                                        }
                                    ],
                                    "evidenceLine": [
                                        {
                                            "evidenceItem": [
                                                {
                                                    "algorithm": "fathmm",
                                                    "canonicalAllele": "http://reg.genome.network/allele/CA229529",
                                                    "prediction": -6.8,
                                                    "predictionType": {
                                                        "label": "http://clinicalgenome.org/datamodel/prediction-type/me",
                                                        "type": "Prediction"
                                                    },
                                                    "type": "InSilicoPredictionScore"
                                                }
                                            ],
                                            "type": "EvidenceLine"
                                        }
                                    ],
                                    "prediction": "D",
                                    "predictionType": {
                                        "label": "http://clinicalgenome.org/datamodel/prediction-type/me",
                                        "type": "Prediction"
                                    },
                                    "type": "InSilicoPrediction"
                                }
                            ],
                            "type": "EvidenceLine"
                        },
                        {
                            "evidenceItem": [
                                {
                                    "algorithm": "fathmm",
                                    "canonicalAllele": "http://reg.genome.network/allele/CA229529",
                                    "contribution": [
                                        {
                                            "agent": "https://vci.clinicalgenome.org/users/8f88bcae-5b67-42a2-ac27-0d856a8fbb65/",
                                            "contributionDate": "2018-02-19T22:41:30.753879+00:00",
                                            "contributionRole": {
                                                "label": "curator",
                                                "type": "ContributoryRole"
                                            },
                                            "type": "Contribution"
                                        }
                                    ],
                                    "evidenceLine": [
                                        {
                                            "evidenceItem": [
                                                {
                                                    "algorithm": "fathmm",
                                                    "canonicalAllele": "http://reg.genome.network/allele/CA229529",
                                                    "prediction": -6.8,
                                                    "predictionType": {
                                                        "label": "http://clinicalgenome.org/datamodel/prediction-type/me",
                                                        "type": "Prediction"
                                                    },
                                                    "type": "InSilicoPredictionScore"
                                                }
                                            ],
                                            "type": "EvidenceLine"
                                        }
                                    ],
                                    "prediction": " D",
                                    "predictionType": {
                                        "label": "http://clinicalgenome.org/datamodel/prediction-type/me",
                                        "type": "Prediction"
                                    },
                                    "type": "InSilicoPrediction"
                                }
                            ],
                            "type": "EvidenceLine"
                        },
                        {
                            "evidenceItem": [
                                {
                                    "algorithm": "fathmm",
                                    "canonicalAllele": "http://reg.genome.network/allele/CA229529",
                                    "contribution": [
                                        {
                                            "agent": "https://vci.clinicalgenome.org/users/8f88bcae-5b67-42a2-ac27-0d856a8fbb65/",
                                            "contributionDate": "2018-02-19T22:41:30.753879+00:00",
                                            "contributionRole": {
                                                "label": "curator",
                                                "type": "ContributoryRole"
                                            },
                                            "type": "Contribution"
                                        }
                                    ],
                                    "evidenceLine": [
                                        {
                                            "evidenceItem": [
                                                {
                                                    "algorithm": "fathmm",
                                                    "canonicalAllele": "http://reg.genome.network/allele/CA229529",
                                                    "prediction": -7.13,
                                                    "predictionType": {
                                                        "label": "http://clinicalgenome.org/datamodel/prediction-type/me",
                                                        "type": "Prediction"
                                                    },
                                                    "type": "InSilicoPredictionScore"
                                                }
                                            ],
                                            "type": "EvidenceLine"
                                        }
                                    ],
                                    "prediction": " D",
                                    "predictionType": {
                                        "label": "http://clinicalgenome.org/datamodel/prediction-type/me",
                                        "type": "Prediction"
                                    },
                                    "type": "InSilicoPrediction"
                                }
                            ],
                            "type": "EvidenceLine"
                        },
                        {
                            "evidenceItem": [
                                {
                                    "algorithm": "polyphen2_hdiv",
                                    "canonicalAllele": "http://reg.genome.network/allele/CA229529",
                                    "contribution": [
                                        {
                                            "agent": "https://vci.clinicalgenome.org/users/8f88bcae-5b67-42a2-ac27-0d856a8fbb65/",
                                            "contributionDate": "2018-02-19T22:41:30.753879+00:00",
                                            "contributionRole": {
                                                "label": "curator",
                                                "type": "ContributoryRole"
                                            },
                                            "type": "Contribution"
                                        }
                                    ],
                                    "evidenceLine": [
                                        {
                                            "evidenceItem": [
                                                {
                                                    "algorithm": "polyphen2_hdiv",
                                                    "canonicalAllele": "http://reg.genome.network/allele/CA229529",
                                                    "prediction": 1,
                                                    "predictionType": {
                                                        "label": "http://clinicalgenome.org/datamodel/prediction-type/me",
                                                        "type": "Prediction"
                                                    },
                                                    "type": "InSilicoPredictionScore"
                                                }
                                            ],
                                            "type": "EvidenceLine"
                                        }
                                    ],
                                    "prediction": "D",
                                    "predictionType": {
                                        "label": "http://clinicalgenome.org/datamodel/prediction-type/me",
                                        "type": "Prediction"
                                    },
                                    "type": "InSilicoPrediction"
                                }
                            ],
                            "type": "EvidenceLine"
                        },
                        {
                            "evidenceItem": [
                                {
                                    "algorithm": "fathmm_mkl",
                                    "canonicalAllele": "http://reg.genome.network/allele/CA229529",
                                    "contribution": [
                                        {
                                            "agent": "https://vci.clinicalgenome.org/users/8f88bcae-5b67-42a2-ac27-0d856a8fbb65/",
                                            "contributionDate": "2018-02-19T22:41:30.753879+00:00",
                                            "contributionRole": {
                                                "label": "curator",
                                                "type": "ContributoryRole"
                                            },
                                            "type": "Contribution"
                                        }
                                    ],
                                    "evidenceLine": [
                                        {
                                            "evidenceItem": [
                                                {
                                                    "algorithm": "fathmm_mkl",
                                                    "canonicalAllele": "http://reg.genome.network/allele/CA229529",
                                                    "prediction": 0.97973,
                                                    "predictionType": {
                                                        "label": "http://clinicalgenome.org/datamodel/prediction-type/me",
                                                        "type": "Prediction"
                                                    },
                                                    "type": "InSilicoPredictionScore"
                                                }
                                            ],
                                            "type": "EvidenceLine"
                                        }
                                    ],
                                    "prediction": "D",
                                    "predictionType": {
                                        "label": "http://clinicalgenome.org/datamodel/prediction-type/me",
                                        "type": "Prediction"
                                    },
                                    "type": "InSilicoPrediction"
                                }
                            ],
                            "type": "EvidenceLine"
                        },
                        {
                            "evidenceItem": [
                                {
                                    "algorithm": "polyphen2_hvar",
                                    "canonicalAllele": "http://reg.genome.network/allele/CA229529",
                                    "contribution": [
                                        {
                                            "agent": "https://vci.clinicalgenome.org/users/8f88bcae-5b67-42a2-ac27-0d856a8fbb65/",
                                            "contributionDate": "2018-02-19T22:41:30.753879+00:00",
                                            "contributionRole": {
                                                "label": "curator",
                                                "type": "ContributoryRole"
                                            },
                                            "type": "Contribution"
                                        }
                                    ],
                                    "evidenceLine": [
                                        {
                                            "evidenceItem": [
                                                {
                                                    "algorithm": "polyphen2_hvar",
                                                    "canonicalAllele": "http://reg.genome.network/allele/CA229529",
                                                    "prediction": 1,
                                                    "predictionType": {
                                                        "label": "http://clinicalgenome.org/datamodel/prediction-type/me",
                                                        "type": "Prediction"
                                                    },
                                                    "type": "InSilicoPredictionScore"
                                                }
                                            ],
                                            "type": "EvidenceLine"
                                        }
                                    ],
                                    "prediction": "D",
                                    "predictionType": {
                                        "label": "http://clinicalgenome.org/datamodel/prediction-type/me",
                                        "type": "Prediction"
                                    },
                                    "type": "InSilicoPrediction"
                                }
                            ],
                            "type": "EvidenceLine"
                        },
                        {
                            "evidenceItem": [
                                {
                                    "algorithm": "mutationassessor",
                                    "canonicalAllele": "http://reg.genome.network/allele/CA229529",
                                    "contribution": [
                                        {
                                            "agent": "https://vci.clinicalgenome.org/users/8f88bcae-5b67-42a2-ac27-0d856a8fbb65/",
                                            "contributionDate": "2018-02-19T22:41:30.753879+00:00",
                                            "contributionRole": {
                                                "label": "curator",
                                                "type": "ContributoryRole"
                                            },
                                            "type": "Contribution"
                                        }
                                    ],
                                    "evidenceLine": [
                                        {
                                            "evidenceItem": [
                                                {
                                                    "algorithm": "mutationassessor",
                                                    "canonicalAllele": "http://reg.genome.network/allele/CA229529",
                                                    "prediction": 4.35,
                                                    "predictionType": {
                                                        "label": "http://clinicalgenome.org/datamodel/prediction-type/me",
                                                        "type": "Prediction"
                                                    },
                                                    "type": "InSilicoPredictionScore"
                                                }
                                            ],
                                            "type": "EvidenceLine"
                                        }
                                    ],
                                    "prediction": "H",
                                    "predictionType": {
                                        "label": "http://clinicalgenome.org/datamodel/prediction-type/me",
                                        "type": "Prediction"
                                    },
                                    "type": "InSilicoPrediction"
                                }
                            ],
                            "type": "EvidenceLine"
                        },
                        {
                            "evidenceItem": [
                                {
                                    "algorithm": "mutationtaster",
                                    "canonicalAllele": "http://reg.genome.network/allele/CA229529",
                                    "contribution": [
                                        {
                                            "agent": "https://vci.clinicalgenome.org/users/8f88bcae-5b67-42a2-ac27-0d856a8fbb65/",
                                            "contributionDate": "2018-02-19T22:41:30.753879+00:00",
                                            "contributionRole": {
                                                "label": "curator",
                                                "type": "ContributoryRole"
                                            },
                                            "type": "Contribution"
                                        }
                                    ],
                                    "evidenceLine": [
                                        {
                                            "evidenceItem": [
                                                {
                                                    "algorithm": "mutationtaster",
                                                    "canonicalAllele": "http://reg.genome.network/allele/CA229529",
                                                    "prediction": 1,
                                                    "predictionType": {
                                                        "label": "http://clinicalgenome.org/datamodel/prediction-type/me",
                                                        "type": "Prediction"
                                                    },
                                                    "type": "InSilicoPredictionScore"
                                                }
                                            ],
                                            "type": "EvidenceLine"
                                        }
                                    ],
                                    "prediction": "D",
                                    "predictionType": {
                                        "label": "http://clinicalgenome.org/datamodel/prediction-type/me",
                                        "type": "Prediction"
                                    },
                                    "type": "InSilicoPrediction"
                                }
                            ],
                            "type": "EvidenceLine"
                        },
                        {
                            "evidenceItem": [
                                {
                                    "algorithm": "mutationtaster",
                                    "canonicalAllele": "http://reg.genome.network/allele/CA229529",
                                    "contribution": [
                                        {
                                            "agent": "https://vci.clinicalgenome.org/users/8f88bcae-5b67-42a2-ac27-0d856a8fbb65/",
                                            "contributionDate": "2018-02-19T22:41:30.753879+00:00",
                                            "contributionRole": {
                                                "label": "curator",
                                                "type": "ContributoryRole"
                                            },
                                            "type": "Contribution"
                                        }
                                    ],
                                    "evidenceLine": [
                                        {
                                            "evidenceItem": [
                                                {
                                                    "algorithm": "mutationtaster",
                                                    "canonicalAllele": "http://reg.genome.network/allele/CA229529",
                                                    "prediction": 1,
                                                    "predictionType": {
                                                        "label": "http://clinicalgenome.org/datamodel/prediction-type/me",
                                                        "type": "Prediction"
                                                    },
                                                    "type": "InSilicoPredictionScore"
                                                }
                                            ],
                                            "type": "EvidenceLine"
                                        }
                                    ],
                                    "prediction": " D",
                                    "predictionType": {
                                        "label": "http://clinicalgenome.org/datamodel/prediction-type/me",
                                        "type": "Prediction"
                                    },
                                    "type": "InSilicoPrediction"
                                }
                            ],
                            "type": "EvidenceLine"
                        },
                        {
                            "evidenceItem": [
                                {
                                    "algorithm": "metalr",
                                    "canonicalAllele": "http://reg.genome.network/allele/CA229529",
                                    "contribution": [
                                        {
                                            "agent": "https://vci.clinicalgenome.org/users/8f88bcae-5b67-42a2-ac27-0d856a8fbb65/",
                                            "contributionDate": "2018-02-19T22:41:30.753879+00:00",
                                            "contributionRole": {
                                                "label": "curator",
                                                "type": "ContributoryRole"
                                            },
                                            "type": "Contribution"
                                        }
                                    ],
                                    "evidenceLine": [
                                        {
                                            "evidenceItem": [
                                                {
                                                    "algorithm": "metalr",
                                                    "canonicalAllele": "http://reg.genome.network/allele/CA229529",
                                                    "prediction": 0.9951,
                                                    "predictionType": {
                                                        "label": "http://clinicalgenome.org/datamodel/prediction-type/me",
                                                        "type": "Prediction"
                                                    },
                                                    "type": "InSilicoPredictionScore"
                                                }
                                            ],
                                            "type": "EvidenceLine"
                                        }
                                    ],
                                    "prediction": "D",
                                    "predictionType": {
                                        "label": "http://clinicalgenome.org/datamodel/prediction-type/me",
                                        "type": "Prediction"
                                    },
                                    "type": "InSilicoPrediction"
                                }
                            ],
                            "type": "EvidenceLine"
                        },
                        {
                            "evidenceItem": [
                                {
                                    "algorithm": "sift",
                                    "canonicalAllele": "http://reg.genome.network/allele/CA229529",
                                    "contribution": [
                                        {
                                            "agent": "https://vci.clinicalgenome.org/users/8f88bcae-5b67-42a2-ac27-0d856a8fbb65/",
                                            "contributionDate": "2018-02-19T22:41:30.753879+00:00",
                                            "contributionRole": {
                                                "label": "curator",
                                                "type": "ContributoryRole"
                                            },
                                            "type": "Contribution"
                                        }
                                    ],
                                    "prediction": "D",
                                    "predictionType": {
                                        "label": "http://clinicalgenome.org/datamodel/prediction-type/me",
                                        "type": "Prediction"
                                    },
                                    "type": "InSilicoPrediction"
                                }
                            ],
                            "type": "EvidenceLine"
                        },
                        {
                            "evidenceItem": [
                                {
                                    "algorithm": "cadd",
                                    "canonicalAllele": "http://reg.genome.network/allele/CA229529",
                                    "contribution": [
                                        {
                                            "agent": "https://vci.clinicalgenome.org/users/8f88bcae-5b67-42a2-ac27-0d856a8fbb65/",
                                            "contributionDate": "2018-02-19T22:41:30.753879+00:00",
                                            "contributionRole": {
                                                "label": "curator",
                                                "type": "ContributoryRole"
                                            },
                                            "type": "Contribution"
                                        }
                                    ],
                                    "evidenceLine": [
                                        {
                                            "evidenceItem": [
                                                {
                                                    "algorithm": "cadd",
                                                    "canonicalAllele": "http://reg.genome.network/allele/CA229529",
                                                    "prediction": "6.424196",
                                                    "predictionType": {
                                                        "label": "http://clinicalgenome.org/datamodel/prediction-type/me",
                                                        "type": "Prediction"
                                                    },
                                                    "type": "InSilicoPredictionScore"
                                                }
                                            ],
                                            "type": "EvidenceLine"
                                        }
                                    ],
                                    "prediction": "higher score = higher pathogenicity",
                                    "predictionType": {
                                        "label": "http://clinicalgenome.org/datamodel/prediction-type/me",
                                        "type": "Prediction"
                                    },
                                    "type": "InSilicoPrediction"
                                }
                            ],
                            "type": "EvidenceLine"
                        },
                        {
                            "evidenceItem": [
                                {
                                    "algorithm": "lrt",
                                    "canonicalAllele": "http://reg.genome.network/allele/CA229529",
                                    "contribution": [
                                        {
                                            "agent": "https://vci.clinicalgenome.org/users/8f88bcae-5b67-42a2-ac27-0d856a8fbb65/",
                                            "contributionDate": "2018-02-19T22:41:30.753879+00:00",
                                            "contributionRole": {
                                                "label": "curator",
                                                "type": "ContributoryRole"
                                            },
                                            "type": "Contribution"
                                        }
                                    ],
                                    "prediction": "D",
                                    "predictionType": {
                                        "label": "http://clinicalgenome.org/datamodel/prediction-type/me",
                                        "type": "Prediction"
                                    },
                                    "type": "InSilicoPrediction"
                                }
                            ],
                            "type": "EvidenceLine"
                        },
                        {
                            "evidenceItem": [
                                {
                                    "algorithm": "metasvm",
                                    "canonicalAllele": "http://reg.genome.network/allele/CA229529",
                                    "contribution": [
                                        {
                                            "agent": "https://vci.clinicalgenome.org/users/8f88bcae-5b67-42a2-ac27-0d856a8fbb65/",
                                            "contributionDate": "2018-02-19T22:41:30.753879+00:00",
                                            "contributionRole": {
                                                "label": "curator",
                                                "type": "ContributoryRole"
                                            },
                                            "type": "Contribution"
                                        }
                                    ],
                                    "evidenceLine": [
                                        {
                                            "evidenceItem": [
                                                {
                                                    "algorithm": "metasvm",
                                                    "canonicalAllele": "http://reg.genome.network/allele/CA229529",
                                                    "prediction": 0.9148,
                                                    "predictionType": {
                                                        "label": "http://clinicalgenome.org/datamodel/prediction-type/me",
                                                        "type": "Prediction"
                                                    },
                                                    "type": "InSilicoPredictionScore"
                                                }
                                            ],
                                            "type": "EvidenceLine"
                                        }
                                    ],
                                    "prediction": "D",
                                    "predictionType": {
                                        "label": "http://clinicalgenome.org/datamodel/prediction-type/me",
                                        "type": "Prediction"
                                    },
                                    "type": "InSilicoPrediction"
                                }
                            ],
                            "type": "EvidenceLine"
                        },
                        {
                            "evidenceItem": [
                                {
                                    "algorithm": "fitcons",
                                    "canonicalAllele": "http://reg.genome.network/allele/CA229529",
                                    "contribution": [
                                        {
                                            "agent": "https://vci.clinicalgenome.org/users/8f88bcae-5b67-42a2-ac27-0d856a8fbb65/",
                                            "contributionDate": "2018-02-19T22:41:30.753879+00:00",
                                            "contributionRole": {
                                                "label": "curator",
                                                "type": "ContributoryRole"
                                            },
                                            "type": "Contribution"
                                        }
                                    ],
                                    "evidenceLine": [
                                        {
                                            "evidenceItem": [
                                                {
                                                    "algorithm": "fitcons",
                                                    "canonicalAllele": "http://reg.genome.network/allele/CA229529",
                                                    "prediction": 0.615465,
                                                    "predictionType": {
                                                        "label": "http://clinicalgenome.org/datamodel/prediction-type/me",
                                                        "type": "Prediction"
                                                    },
                                                    "type": "InSilicoPredictionScore"
                                                }
                                            ],
                                            "type": "EvidenceLine"
                                        }
                                    ],
                                    "prediction": "higher score = higher pathogenicity",
                                    "predictionType": {
                                        "label": "http://clinicalgenome.org/datamodel/prediction-type/me",
                                        "type": "Prediction"
                                    },
                                    "type": "InSilicoPrediction"
                                }
                            ],
                            "type": "EvidenceLine"
                        },
                        {
                            "evidenceItem": [
                                {
                                    "algorithm": "provean",
                                    "canonicalAllele": "http://reg.genome.network/allele/CA229529",
                                    "contribution": [
                                        {
                                            "agent": "https://vci.clinicalgenome.org/users/8f88bcae-5b67-42a2-ac27-0d856a8fbb65/",
                                            "contributionDate": "2018-02-19T22:41:30.753879+00:00",
                                            "contributionRole": {
                                                "label": "curator",
                                                "type": "ContributoryRole"
                                            },
                                            "type": "Contribution"
                                        }
                                    ],
                                    "evidenceLine": [
                                        {
                                            "evidenceItem": [
                                                {
                                                    "algorithm": "provean",
                                                    "canonicalAllele": "http://reg.genome.network/allele/CA229529",
                                                    "prediction": -8.68,
                                                    "predictionType": {
                                                        "label": "http://clinicalgenome.org/datamodel/prediction-type/me",
                                                        "type": "Prediction"
                                                    },
                                                    "type": "InSilicoPredictionScore"
                                                }
                                            ],
                                            "type": "EvidenceLine"
                                        }
                                    ],
                                    "prediction": "D",
                                    "predictionType": {
                                        "label": "http://clinicalgenome.org/datamodel/prediction-type/me",
                                        "type": "Prediction"
                                    },
                                    "type": "InSilicoPrediction"
                                }
                            ],
                            "type": "EvidenceLine"
                        }
                    ],
                    "id": "/evaluations/676bb69e-1de9-4a45-b15b-221baf50d2e3/",
                    "outcome": {
                        "label": "http://clinicalgenome.org/datamodel/criterion-assertion-outcome/met",
                        "type": "CriterionEvaluation"
                    },
                    "type": "CriterionAssessment",
                    "variant": "http://reg.genome.network/allele/CA229529"
                }
            ],
            "evidenceStrength": "SEPIO:0000329",
            "type": "EvidenceLine"
        },
        {
            "evidenceItem": [
                {
                    "contribution": [
                        {
                            "agent": "https://vci.clinicalgenome.org/users/8f88bcae-5b67-42a2-ac27-0d856a8fbb65/",
                            "contributionDate": "2018-02-19T23:03:05.609154+00:00",
                            "contributionRole": {
                                "label": "assessor",
                                "type": "ContributoryRole"
                            },
                            "type": "Contribution"
                        }
                    ],
                    "criterion": {
                        "defaultStrength": {
                            "id": "SEPIO:0000216",
                            "label": "Pathogenic Moderate",
                            "type": "EvidenceLineStrength"
                        },
                        "id": "SEPIO-CG:99031",
                        "label": "PM5",
                        "type": "Criterion"
                    },
                    "description": "D129Y, 102660, Pathogenic in ClinVar but VUS by working group",
                    "id": "/evaluations/078a8701-6308-4241-9072-6b1256e035b2/",
                    "outcome": {
                        "label": "http://clinicalgenome.org/datamodel/criterion-assertion-outcome/not-met",
                        "type": "CriterionEvaluation"
                    },
                    "type": "CriterionAssessment",
                    "variant": "http://reg.genome.network/allele/CA229529"
                }
            ],
            "evidenceStrength": "SEPIO:0000216",
            "type": "EvidenceLine"
        }
    ],
    "id": "https://vci.clinicalgenome.org/interpretations/0f4335db-54e0-4e3f-9108-f651780b39f9/",
    "outcome": {
        "label": "Uncertain significance - insufficient evidence",
        "type": "Significance"
    },
    "type": "VariantInterpretation",
    "variant": "http://reg.genome.network/allele/CA229529"
}