{
    "@context": "http://datamodel.clinicalgenome.org/interpretation/json/context",
    "condition": [
        {
            "disease": [
                {
                    "id": "http://monarchinitiative.org/disease/MONDO_0009861",
                    "type": "Disease",
                    "userLabel": "phenylketonuria"
                }
            ],
            "modeOfInheritance": {
                "id": "HP:0000007",
                "label": "Autosomal Recessive",
                "type": "ModeOfInheritance"
            },
            "type": "GeneticCondition"
        }
    ],
    "contribution": [
        {
            "agent": {
                "id": "https://vci.clinicalgenome.org/users/323307d3-51f7-48a0-917b-e7657a044701/",
                "label": "Wei Shen",
                "type": "Agent"
            },
            "contributionDate": "2017-08-17T16:41:57.773120+00:00",
            "contributionRole": {
                "label": "interpreter",
                "type": "ContributoryRole"
            },
            "type": "Contribution"
        }
    ],
    "evidenceLine": [
        {
            "evidenceItem": [
                {
                    "contribution": [
                        {
                            "agent": "https://vci.clinicalgenome.org/users/323307d3-51f7-48a0-917b-e7657a044701/",
                            "contributionDate": "2017-08-17T16:37:58.039669+00:00",
                            "contributionRole": {
                                "label": "assessor",
                                "type": "ContributoryRole"
                            },
                            "type": "Contribution"
                        }
                    ],
                    "criterion": {
                        "defaultStrength": {
                            "id": "SEPIO:0000216",
                            "label": "Pathogenic Moderate",
                            "type": "EvidenceLineStrength"
                        },
                        "id": "SEPIO-CG:99028",
                        "label": "PM2",
                        "type": "Criterion"
                    },
                    "description": "",
                    "evidenceLine": [
                        {
                            "evidenceItem": [
                                {
                                    "allele": {
                                        "CanonicalAlleleType": "nucleotide",
                                        "complexity": "simple",
                                        "id": "http://reg.genome.network/allele/CA229688",
                                        "relatedContextualAllele": [
                                            {
                                                "CanonicalAllele": "http://reg.genome.network/allele/CA229688",
                                                "allele": "C",
                                                "alleleName": [
                                                    {
                                                        "name": "NC_000012.12:g.102855168G>C",
                                                        "nameType": "hgvs"
                                                    },
                                                    {
                                                        "name": "CM000674.2:g.102855168G>C",
                                                        "nameType": "hgvs"
                                                    }
                                                ],
                                                "contextualAlleleType": "genomic",
                                                "preferred": true,
                                                "referenceCoordinate": {
                                                    "end": {
                                                        "index": 102855168
                                                    },
                                                    "refAllele": "G",
                                                    "referenceSequence": {
                                                        "display": "NC_000012.12",
                                                        "reference": "http://reg.genome.network/refseq/RS000060"
                                                    },
                                                    "start": {
                                                        "index": 102855167
                                                    }
                                                },
                                                "type": "ContextualAllele"
                                            },
                                            {
                                                "CanonicalAllele": "http://reg.genome.network/allele/CA229688",
                                                "allele": "C",
                                                "alleleName": [
                                                    {
                                                        "name": "NC_000012.10:g.101773076G>C",
                                                        "nameType": "hgvs"
                                                    }
                                                ],
                                                "contextualAlleleType": "genomic",
                                                "referenceCoordinate": {
                                                    "end": {
                                                        "index": 101773076
                                                    },
                                                    "refAllele": "G",
                                                    "referenceSequence": {
                                                        "display": "NC_000012.10",
                                                        "reference": "http://reg.genome.network/refseq/RS000012"
                                                    },
                                                    "start": {
                                                        "index": 101773075
                                                    }
                                                },
                                                "type": "ContextualAllele"
                                            },
                                            {
                                                "CanonicalAllele": "http://reg.genome.network/allele/CA229688",
                                                "allele": "C",
                                                "alleleName": [
                                                    {
                                                        "name": "NC_000012.11:g.103248946G>C",
                                                        "nameType": "hgvs"
                                                    },
                                                    {
                                                        "name": "CM000674.1:g.103248946G>C",
                                                        "nameType": "hgvs"
                                                    }
                                                ],
                                                "contextualAlleleType": "genomic",
                                                "referenceCoordinate": {
                                                    "end": {
                                                        "index": 103248946
                                                    },
                                                    "refAllele": "G",
                                                    "referenceSequence": {
                                                        "display": "NC_000012.11",
                                                        "reference": "http://reg.genome.network/refseq/RS000036"
                                                    },
                                                    "start": {
                                                        "index": 103248945
                                                    }
                                                },
                                                "type": "ContextualAllele"
                                            },
                                            {
                                                "CanonicalAllele": "http://reg.genome.network/allele/CA229688",
                                                "allele": "G",
                                                "alleleName": [
                                                    {
                                                        "name": "NG_008690.1:g.67435C>G",
                                                        "nameType": "hgvs"
                                                    }
                                                ],
                                                "contextualAlleleType": "genomic",
                                                "referenceCoordinate": {
                                                    "end": {
                                                        "index": 67435
                                                    },
                                                    "refAllele": "C",
                                                    "referenceSequence": {
                                                        "display": "",
                                                        "reference": "http://reg.genome.network/refseq/RS001168"
                                                    },
                                                    "start": {
                                                        "index": 67434
                                                    }
                                                },
                                                "type": "ContextualAllele"
                                            }
                                        ],
                                        "relatedIdentifier": [
                                            {
                                                "code": 102781,
                                                "display": "NM_000277.2(PAH):c.674C>G (p.Pro225Arg)",
                                                "system": "http://www.ncbi.nlm.nih.gov/clinvar/variation/",
                                                "type": "Coding"
                                            },
                                            {
                                                "code": 62517204,
                                                "system": "http://www.ncbi.nlm.nih.gov/snp/",
                                                "type": "Coding"
                                            }
                                        ],
                                        "type": "CanonicalAllele"
                                    },
                                    "alleleCount": 0,
                                    "alleleNumber": 0,
                                    "ascertainment": {
                                        "label": "ESP",
                                        "type": "Ascertainment"
                                    },
                                    "contribution": [
                                        {
                                            "agent": "https://vci.clinicalgenome.org/users/323307d3-51f7-48a0-917b-e7657a044701/",
                                            "contributionDate": "2017-08-17T16:37:57.830317+00:00",
                                            "contributionRole": {
                                                "label": "curator",
                                                "type": "ContributoryRole"
                                            },
                                            "type": "Contribution"
                                        }
                                    ],
                                    "population": {
                                        "label": "http://evs.gs.washington.edu/EVS/AA",
                                        "type": "Population"
                                    },
                                    "type": "AlleleFrequency"
                                }
                            ],
                            "type": "EvidenceLine"
                        },
                        {
                            "evidenceItem": [
                                {
                                    "allele": "http://reg.genome.network/allele/CA229688",
                                    "alleleCount": 0,
                                    "alleleNumber": 0,
                                    "ascertainment": {
                                        "label": "ESP",
                                        "type": "Ascertainment"
                                    },
                                    "contribution": [
                                        {
                                            "agent": "https://vci.clinicalgenome.org/users/323307d3-51f7-48a0-917b-e7657a044701/",
                                            "contributionDate": "2017-08-17T16:37:57.830317+00:00",
                                            "contributionRole": {
                                                "label": "curator",
                                                "type": "ContributoryRole"
                                            },
                                            "type": "Contribution"
                                        }
                                    ],
                                    "population": {
                                        "label": "combined",
                                        "type": "Population"
                                    },
                                    "type": "AlleleFrequency"
                                }
                            ],
                            "type": "EvidenceLine"
                        },
                        {
                            "evidenceItem": [
                                {
                                    "allele": "http://reg.genome.network/allele/CA229688",
                                    "alleleCount": 0,
                                    "alleleNumber": 0,
                                    "ascertainment": {
                                        "label": "ESP",
                                        "type": "Ascertainment"
                                    },
                                    "contribution": [
                                        {
                                            "agent": "https://vci.clinicalgenome.org/users/323307d3-51f7-48a0-917b-e7657a044701/",
                                            "contributionDate": "2017-08-17T16:37:57.830317+00:00",
                                            "contributionRole": {
                                                "label": "curator",
                                                "type": "ContributoryRole"
                                            },
                                            "type": "Contribution"
                                        }
                                    ],
                                    "population": {
                                        "label": "http://evs.gs.washington.edu/EVS/EA",
                                        "type": "Population"
                                    },
                                    "type": "AlleleFrequency"
                                }
                            ],
                            "type": "EvidenceLine"
                        },
                        {
                            "evidenceItem": [
                                {
                                    "allele": "http://reg.genome.network/allele/CA229688",
                                    "alleleCount": 0,
                                    "alleleNumber": 0,
                                    "ascertainment": {
                                        "label": "ExAC",
                                        "type": "Ascertainment"
                                    },
                                    "contribution": [
                                        {
                                            "agent": "https://vci.clinicalgenome.org/users/323307d3-51f7-48a0-917b-e7657a044701/",
                                            "contributionDate": "2017-08-17T16:37:57.830317+00:00",
                                            "contributionRole": {
                                                "label": "curator",
                                                "type": "ContributoryRole"
                                            },
                                            "type": "Contribution"
                                        }
                                    ],
                                    "homozygousAlleleIndividualCount": 0,
                                    "population": {
                                        "label": "other",
                                        "type": "Population"
                                    },
                                    "type": "AlleleFrequency"
                                }
                            ],
                            "type": "EvidenceLine"
                        },
                        {
                            "evidenceItem": [
                                {
                                    "allele": "http://reg.genome.network/allele/CA229688",
                                    "alleleCount": 0,
                                    "alleleNumber": 0,
                                    "ascertainment": {
                                        "label": "ExAC",
                                        "type": "Ascertainment"
                                    },
                                    "contribution": [
                                        {
                                            "agent": "https://vci.clinicalgenome.org/users/323307d3-51f7-48a0-917b-e7657a044701/",
                                            "contributionDate": "2017-08-17T16:37:57.830317+00:00",
                                            "contributionRole": {
                                                "label": "curator",
                                                "type": "ContributoryRole"
                                            },
                                            "type": "Contribution"
                                        }
                                    ],
                                    "homozygousAlleleIndividualCount": 0,
                                    "population": {
                                        "label": "http://broadinstitute.org/populations/nfe",
                                        "type": "Population"
                                    },
                                    "type": "AlleleFrequency"
                                }
                            ],
                            "type": "EvidenceLine"
                        },
                        {
                            "evidenceItem": [
                                {
                                    "allele": "http://reg.genome.network/allele/CA229688",
                                    "alleleCount": 0,
                                    "alleleNumber": 0,
                                    "ascertainment": {
                                        "label": "ExAC",
                                        "type": "Ascertainment"
                                    },
                                    "contribution": [
                                        {
                                            "agent": "https://vci.clinicalgenome.org/users/323307d3-51f7-48a0-917b-e7657a044701/",
                                            "contributionDate": "2017-08-17T16:37:57.830317+00:00",
                                            "contributionRole": {
                                                "label": "curator",
                                                "type": "ContributoryRole"
                                            },
                                            "type": "Contribution"
                                        }
                                    ],
                                    "homozygousAlleleIndividualCount": 0,
                                    "population": {
                                        "label": "combined",
                                        "type": "Population"
                                    },
                                    "type": "AlleleFrequency"
                                }
                            ],
                            "type": "EvidenceLine"
                        },
                        {
                            "evidenceItem": [
                                {
                                    "allele": "http://reg.genome.network/allele/CA229688",
                                    "alleleCount": 0,
                                    "alleleNumber": 0,
                                    "ascertainment": {
                                        "label": "ExAC",
                                        "type": "Ascertainment"
                                    },
                                    "contribution": [
                                        {
                                            "agent": "https://vci.clinicalgenome.org/users/323307d3-51f7-48a0-917b-e7657a044701/",
                                            "contributionDate": "2017-08-17T16:37:57.830317+00:00",
                                            "contributionRole": {
                                                "label": "curator",
                                                "type": "ContributoryRole"
                                            },
                                            "type": "Contribution"
                                        }
                                    ],
                                    "homozygousAlleleIndividualCount": 0,
                                    "population": {
                                        "label": "http://broadinstitute.org/populations/sas",
                                        "type": "Population"
                                    },
                                    "type": "AlleleFrequency"
                                }
                            ],
                            "type": "EvidenceLine"
                        },
                        {
                            "evidenceItem": [
                                {
                                    "allele": "http://reg.genome.network/allele/CA229688",
                                    "alleleCount": 0,
                                    "alleleNumber": 0,
                                    "ascertainment": {
                                        "label": "ExAC",
                                        "type": "Ascertainment"
                                    },
                                    "contribution": [
                                        {
                                            "agent": "https://vci.clinicalgenome.org/users/323307d3-51f7-48a0-917b-e7657a044701/",
                                            "contributionDate": "2017-08-17T16:37:57.830317+00:00",
                                            "contributionRole": {
                                                "label": "curator",
                                                "type": "ContributoryRole"
                                            },
                                            "type": "Contribution"
                                        }
                                    ],
                                    "homozygousAlleleIndividualCount": 0,
                                    "population": {
                                        "label": "http://broadinstitute.org/populations/eas",
                                        "type": "Population"
                                    },
                                    "type": "AlleleFrequency"
                                }
                            ],
                            "type": "EvidenceLine"
                        },
                        {
                            "evidenceItem": [
                                {
                                    "allele": "http://reg.genome.network/allele/CA229688",
                                    "alleleCount": 0,
                                    "alleleNumber": 0,
                                    "ascertainment": {
                                        "label": "ExAC",
                                        "type": "Ascertainment"
                                    },
                                    "contribution": [
                                        {
                                            "agent": "https://vci.clinicalgenome.org/users/323307d3-51f7-48a0-917b-e7657a044701/",
                                            "contributionDate": "2017-08-17T16:37:57.830317+00:00",
                                            "contributionRole": {
                                                "label": "curator",
                                                "type": "ContributoryRole"
                                            },
                                            "type": "Contribution"
                                        }
                                    ],
                                    "homozygousAlleleIndividualCount": 0,
                                    "population": {
                                        "label": "http://broadinstitute.org/populations/amr",
                                        "type": "Population"
                                    },
                                    "type": "AlleleFrequency"
                                }
                            ],
                            "type": "EvidenceLine"
                        },
                        {
                            "evidenceItem": [
                                {
                                    "allele": "http://reg.genome.network/allele/CA229688",
                                    "alleleCount": 0,
                                    "alleleNumber": 0,
                                    "ascertainment": {
                                        "label": "ExAC",
                                        "type": "Ascertainment"
                                    },
                                    "contribution": [
                                        {
                                            "agent": "https://vci.clinicalgenome.org/users/323307d3-51f7-48a0-917b-e7657a044701/",
                                            "contributionDate": "2017-08-17T16:37:57.830317+00:00",
                                            "contributionRole": {
                                                "label": "curator",
                                                "type": "ContributoryRole"
                                            },
                                            "type": "Contribution"
                                        }
                                    ],
                                    "homozygousAlleleIndividualCount": 0,
                                    "population": {
                                        "label": "http://broadinstitute.org/populations/fin",
                                        "type": "Population"
                                    },
                                    "type": "AlleleFrequency"
                                }
                            ],
                            "type": "EvidenceLine"
                        },
                        {
                            "evidenceItem": [
                                {
                                    "allele": "http://reg.genome.network/allele/CA229688",
                                    "alleleCount": 0,
                                    "alleleNumber": 0,
                                    "ascertainment": {
                                        "label": "ExAC",
                                        "type": "Ascertainment"
                                    },
                                    "contribution": [
                                        {
                                            "agent": "https://vci.clinicalgenome.org/users/323307d3-51f7-48a0-917b-e7657a044701/",
                                            "contributionDate": "2017-08-17T16:37:57.830317+00:00",
                                            "contributionRole": {
                                                "label": "curator",
                                                "type": "ContributoryRole"
                                            },
                                            "type": "Contribution"
                                        }
                                    ],
                                    "homozygousAlleleIndividualCount": 0,
                                    "population": {
                                        "label": "http://broadinstitute.org/populations/afr",
                                        "type": "Population"
                                    },
                                    "type": "AlleleFrequency"
                                }
                            ],
                            "type": "EvidenceLine"
                        },
                        {
                            "evidenceItem": [
                                {
                                    "allele": "http://reg.genome.network/allele/CA229688",
                                    "alleleCount": 0,
                                    "alleleNumber": 0,
                                    "ascertainment": {
                                        "label": "1KG",
                                        "type": "Ascertainment"
                                    },
                                    "contribution": [
                                        {
                                            "agent": "https://vci.clinicalgenome.org/users/323307d3-51f7-48a0-917b-e7657a044701/",
                                            "contributionDate": "2017-08-17T16:37:57.830317+00:00",
                                            "contributionRole": {
                                                "label": "curator",
                                                "type": "ContributoryRole"
                                            },
                                            "type": "Contribution"
                                        }
                                    ],
                                    "homozygousAlleleIndividualCount": 0,
                                    "population": {
                                        "label": "http://www.internationalgenome.org/category/population/amr",
                                        "type": "Population"
                                    },
                                    "type": "AlleleFrequency"
                                }
                            ],
                            "type": "EvidenceLine"
                        },
                        {
                            "evidenceItem": [
                                {
                                    "allele": "http://reg.genome.network/allele/CA229688",
                                    "alleleCount": 0,
                                    "alleleNumber": 0,
                                    "ascertainment": {
                                        "label": "1KG_ESP",
                                        "type": "Ascertainment"
                                    },
                                    "contribution": [
                                        {
                                            "agent": "https://vci.clinicalgenome.org/users/323307d3-51f7-48a0-917b-e7657a044701/",
                                            "contributionDate": "2017-08-17T16:37:57.830317+00:00",
                                            "contributionRole": {
                                                "label": "curator",
                                                "type": "ContributoryRole"
                                            },
                                            "type": "Contribution"
                                        }
                                    ],
                                    "homozygousAlleleIndividualCount": 0,
                                    "population": {
                                        "label": "http://evs.gs.washington.edu/EVS/AA",
                                        "type": "Population"
                                    },
                                    "type": "AlleleFrequency"
                                }
                            ],
                            "type": "EvidenceLine"
                        },
                        {
                            "evidenceItem": [
                                {
                                    "allele": "http://reg.genome.network/allele/CA229688",
                                    "alleleCount": 0,
                                    "alleleNumber": 0,
                                    "ascertainment": {
                                        "label": "1KG",
                                        "type": "Ascertainment"
                                    },
                                    "contribution": [
                                        {
                                            "agent": "https://vci.clinicalgenome.org/users/323307d3-51f7-48a0-917b-e7657a044701/",
                                            "contributionDate": "2017-08-17T16:37:57.830317+00:00",
                                            "contributionRole": {
                                                "label": "curator",
                                                "type": "ContributoryRole"
                                            },
                                            "type": "Contribution"
                                        }
                                    ],
                                    "homozygousAlleleIndividualCount": 0,
                                    "population": {
                                        "label": "combined",
                                        "type": "Population"
                                    },
                                    "type": "AlleleFrequency"
                                }
                            ],
                            "type": "EvidenceLine"
                        },
                        {
                            "evidenceItem": [
                                {
                                    "allele": "http://reg.genome.network/allele/CA229688",
                                    "alleleCount": 0,
                                    "alleleNumber": 0,
                                    "ascertainment": {
                                        "label": "1KG",
                                        "type": "Ascertainment"
                                    },
                                    "contribution": [
                                        {
                                            "agent": "https://vci.clinicalgenome.org/users/323307d3-51f7-48a0-917b-e7657a044701/",
                                            "contributionDate": "2017-08-17T16:37:57.830317+00:00",
                                            "contributionRole": {
                                                "label": "curator",
                                                "type": "ContributoryRole"
                                            },
                                            "type": "Contribution"
                                        }
                                    ],
                                    "homozygousAlleleIndividualCount": 0,
                                    "population": {
                                        "label": "http://www.internationalgenome.org/category/population/sas",
                                        "type": "Population"
                                    },
                                    "type": "AlleleFrequency"
                                }
                            ],
                            "type": "EvidenceLine"
                        },
                        {
                            "evidenceItem": [
                                {
                                    "allele": "http://reg.genome.network/allele/CA229688",
                                    "alleleCount": 0,
                                    "alleleNumber": 0,
                                    "ascertainment": {
                                        "label": "1KG",
                                        "type": "Ascertainment"
                                    },
                                    "contribution": [
                                        {
                                            "agent": "https://vci.clinicalgenome.org/users/323307d3-51f7-48a0-917b-e7657a044701/",
                                            "contributionDate": "2017-08-17T16:37:57.830317+00:00",
                                            "contributionRole": {
                                                "label": "curator",
                                                "type": "ContributoryRole"
                                            },
                                            "type": "Contribution"
                                        }
                                    ],
                                    "homozygousAlleleIndividualCount": 0,
                                    "population": {
                                        "label": "http://www.internationalgenome.org/category/population/eas",
                                        "type": "Population"
                                    },
                                    "type": "AlleleFrequency"
                                }
                            ],
                            "type": "EvidenceLine"
                        },
                        {
                            "evidenceItem": [
                                {
                                    "allele": "http://reg.genome.network/allele/CA229688",
                                    "alleleCount": 0,
                                    "alleleNumber": 0,
                                    "ascertainment": {
                                        "label": "1KG_ESP",
                                        "type": "Ascertainment"
                                    },
                                    "contribution": [
                                        {
                                            "agent": "https://vci.clinicalgenome.org/users/323307d3-51f7-48a0-917b-e7657a044701/",
                                            "contributionDate": "2017-08-17T16:37:57.830317+00:00",
                                            "contributionRole": {
                                                "label": "curator",
                                                "type": "ContributoryRole"
                                            },
                                            "type": "Contribution"
                                        }
                                    ],
                                    "homozygousAlleleIndividualCount": 0,
                                    "population": {
                                        "label": "http://evs.gs.washington.edu/EVS/EA",
                                        "type": "Population"
                                    },
                                    "type": "AlleleFrequency"
                                }
                            ],
                            "type": "EvidenceLine"
                        },
                        {
                            "evidenceItem": [
                                {
                                    "allele": "http://reg.genome.network/allele/CA229688",
                                    "alleleCount": 0,
                                    "alleleNumber": 0,
                                    "ascertainment": {
                                        "label": "1KG",
                                        "type": "Ascertainment"
                                    },
                                    "contribution": [
                                        {
                                            "agent": "https://vci.clinicalgenome.org/users/323307d3-51f7-48a0-917b-e7657a044701/",
                                            "contributionDate": "2017-08-17T16:37:57.830317+00:00",
                                            "contributionRole": {
                                                "label": "curator",
                                                "type": "ContributoryRole"
                                            },
                                            "type": "Contribution"
                                        }
                                    ],
                                    "homozygousAlleleIndividualCount": 0,
                                    "population": {
                                        "label": "http://www.internationalgenome.org/category/population/afr",
                                        "type": "Population"
                                    },
                                    "type": "AlleleFrequency"
                                }
                            ],
                            "type": "EvidenceLine"
                        },
                        {
                            "evidenceItem": [
                                {
                                    "allele": "http://reg.genome.network/allele/CA229688",
                                    "alleleCount": 0,
                                    "alleleNumber": 0,
                                    "ascertainment": {
                                        "label": "1KG",
                                        "type": "Ascertainment"
                                    },
                                    "contribution": [
                                        {
                                            "agent": "https://vci.clinicalgenome.org/users/323307d3-51f7-48a0-917b-e7657a044701/",
                                            "contributionDate": "2017-08-17T16:37:57.830317+00:00",
                                            "contributionRole": {
                                                "label": "curator",
                                                "type": "ContributoryRole"
                                            },
                                            "type": "Contribution"
                                        }
                                    ],
                                    "homozygousAlleleIndividualCount": 0,
                                    "population": {
                                        "label": "http://www.internationalgenome.org/category/population/eur",
                                        "type": "Population"
                                    },
                                    "type": "AlleleFrequency"
                                }
                            ],
                            "type": "EvidenceLine"
                        }
                    ],
                    "id": "/evaluations/e45e1042-d144-4425-b2dc-a668a5640e8e/",
                    "outcome": {
                        "label": "http://clinicalgenome.org/datamodel/criterion-assertion-outcome/met",
                        "type": "CriterionEvaluation"
                    },
                    "type": "CriterionAssessment",
                    "variant": "http://reg.genome.network/allele/CA229688"
                }
            ],
            "evidenceStrength": "SEPIO:0000216",
            "type": "EvidenceLine"
        },
        {
            "evidenceItem": [
                {
                    "contribution": [
                        {
                            "agent": "https://vci.clinicalgenome.org/users/323307d3-51f7-48a0-917b-e7657a044701/",
                            "contributionDate": "2017-08-17T16:38:05.552895+00:00",
                            "contributionRole": {
                                "label": "assessor",
                                "type": "ContributoryRole"
                            },
                            "type": "Contribution"
                        }
                    ],
                    "criterion": {
                        "defaultStrength": {
                            "id": "SEPIO:0000329",
                            "label": "Pathogenic Supporting",
                            "type": "EvidenceLineStrength"
                        },
                        "id": "SEPIO-CG:99035",
                        "label": "PP3",
                        "type": "Criterion"
                    },
                    "description": "",
                    "evidenceLine": [
                        {
                            "evidenceItem": [
                                {
                                    "algorithm": "siphy",
                                    "allele": "http://reg.genome.network/allele/CA229688",
                                    "contribution": [
                                        {
                                            "agent": "https://vci.clinicalgenome.org/users/323307d3-51f7-48a0-917b-e7657a044701/",
                                            "contributionDate": "2017-08-17T16:38:05.347695+00:00",
                                            "contributionRole": {
                                                "label": "curator",
                                                "type": "ContributoryRole"
                                            },
                                            "type": "Contribution"
                                        }
                                    ],
                                    "score": "19.3321",
                                    "type": "AlleleConservationScore"
                                }
                            ],
                            "type": "EvidenceLine"
                        },
                        {
                            "evidenceItem": [
                                {
                                    "algorithm": "phylop7way",
                                    "allele": "http://reg.genome.network/allele/CA229688",
                                    "contribution": [
                                        {
                                            "agent": "https://vci.clinicalgenome.org/users/323307d3-51f7-48a0-917b-e7657a044701/",
                                            "contributionDate": "2017-08-17T16:38:05.347695+00:00",
                                            "contributionRole": {
                                                "label": "curator",
                                                "type": "ContributoryRole"
                                            },
                                            "type": "Contribution"
                                        }
                                    ],
                                    "score": "10.003",
                                    "type": "AlleleConservationScore"
                                }
                            ],
                            "type": "EvidenceLine"
                        },
                        {
                            "evidenceItem": [
                                {
                                    "algorithm": "phylop20way",
                                    "allele": "http://reg.genome.network/allele/CA229688",
                                    "contribution": [
                                        {
                                            "agent": "https://vci.clinicalgenome.org/users/323307d3-51f7-48a0-917b-e7657a044701/",
                                            "contributionDate": "2017-08-17T16:38:05.347695+00:00",
                                            "contributionRole": {
                                                "label": "curator",
                                                "type": "ContributoryRole"
                                            },
                                            "type": "Contribution"
                                        }
                                    ],
                                    "score": "1.048",
                                    "type": "AlleleConservationScore"
                                }
                            ],
                            "type": "EvidenceLine"
                        },
                        {
                            "evidenceItem": [
                                {
                                    "algorithm": "gerp",
                                    "allele": "http://reg.genome.network/allele/CA229688",
                                    "contribution": [
                                        {
                                            "agent": "https://vci.clinicalgenome.org/users/323307d3-51f7-48a0-917b-e7657a044701/",
                                            "contributionDate": "2017-08-17T16:38:05.347695+00:00",
                                            "contributionRole": {
                                                "label": "curator",
                                                "type": "ContributoryRole"
                                            },
                                            "type": "Contribution"
                                        }
                                    ],
                                    "score": "5.47",
                                    "type": "AlleleConservationScore"
                                }
                            ],
                            "type": "EvidenceLine"
                        },
                        {
                            "evidenceItem": [
                                {
                                    "algorithm": "phastconsp7way",
                                    "allele": "http://reg.genome.network/allele/CA229688",
                                    "contribution": [
                                        {
                                            "agent": "https://vci.clinicalgenome.org/users/323307d3-51f7-48a0-917b-e7657a044701/",
                                            "contributionDate": "2017-08-17T16:38:05.347695+00:00",
                                            "contributionRole": {
                                                "label": "curator",
                                                "type": "ContributoryRole"
                                            },
                                            "type": "Contribution"
                                        }
                                    ],
                                    "score": "1",
                                    "type": "AlleleConservationScore"
                                }
                            ],
                            "type": "EvidenceLine"
                        },
                        {
                            "evidenceItem": [
                                {
                                    "algorithm": "phastconsp20way",
                                    "allele": "http://reg.genome.network/allele/CA229688",
                                    "contribution": [
                                        {
                                            "agent": "https://vci.clinicalgenome.org/users/323307d3-51f7-48a0-917b-e7657a044701/",
                                            "contributionDate": "2017-08-17T16:38:05.347695+00:00",
                                            "contributionRole": {
                                                "label": "curator",
                                                "type": "ContributoryRole"
                                            },
                                            "type": "Contribution"
                                        }
                                    ],
                                    "score": "0.987",
                                    "type": "AlleleConservationScore"
                                }
                            ],
                            "type": "EvidenceLine"
                        },
                        {
                            "evidenceItem": [
                                {
                                    "algorithm": "revel",
                                    "canonicalAllele": "http://reg.genome.network/allele/CA229688",
                                    "contribution": [
                                        {
                                            "agent": "https://vci.clinicalgenome.org/users/323307d3-51f7-48a0-917b-e7657a044701/",
                                            "contributionDate": "2017-08-17T16:38:05.347695+00:00",
                                            "contributionRole": {
                                                "label": "curator",
                                                "type": "ContributoryRole"
                                            },
                                            "type": "Contribution"
                                        }
                                    ],
                                    "prediction": "0.987",
                                    "predictionType": {
                                        "label": "http://clinicalgenome.org/datamodel/prediction-type/me",
                                        "type": "Prediction"
                                    },
                                    "type": "InSilicoPredictionScore"
                                }
                            ],
                            "type": "EvidenceLine"
                        },
                        {
                            "evidenceItem": [
                                {
                                    "algorithm": "polyphen2_hvar",
                                    "canonicalAllele": "http://reg.genome.network/allele/CA229688",
                                    "contribution": [
                                        {
                                            "agent": "https://vci.clinicalgenome.org/users/323307d3-51f7-48a0-917b-e7657a044701/",
                                            "contributionDate": "2017-08-17T16:38:05.347695+00:00",
                                            "contributionRole": {
                                                "label": "curator",
                                                "type": "ContributoryRole"
                                            },
                                            "type": "Contribution"
                                        }
                                    ],
                                    "evidenceLine": [
                                        {
                                            "evidenceItem": [
                                                {
                                                    "algorithm": "polyphen2_hvar",
                                                    "canonicalAllele": "http://reg.genome.network/allele/CA229688",
                                                    "prediction": 1,
                                                    "predictionType": {
                                                        "label": "http://clinicalgenome.org/datamodel/prediction-type/me",
                                                        "type": "Prediction"
                                                    },
                                                    "type": "InSilicoPredictionScore"
                                                }
                                            ],
                                            "type": "EvidenceLine"
                                        }
                                    ],
                                    "prediction": "D",
                                    "predictionType": {
                                        "label": "http://clinicalgenome.org/datamodel/prediction-type/me",
                                        "type": "Prediction"
                                    },
                                    "type": "InSilicoPrediction"
                                }
                            ],
                            "type": "EvidenceLine"
                        },
                        {
                            "evidenceItem": [
                                {
                                    "algorithm": "polyphen2_hdiv",
                                    "canonicalAllele": "http://reg.genome.network/allele/CA229688",
                                    "contribution": [
                                        {
                                            "agent": "https://vci.clinicalgenome.org/users/323307d3-51f7-48a0-917b-e7657a044701/",
                                            "contributionDate": "2017-08-17T16:38:05.347695+00:00",
                                            "contributionRole": {
                                                "label": "curator",
                                                "type": "ContributoryRole"
                                            },
                                            "type": "Contribution"
                                        }
                                    ],
                                    "evidenceLine": [
                                        {
                                            "evidenceItem": [
                                                {
                                                    "algorithm": "polyphen2_hdiv",
                                                    "canonicalAllele": "http://reg.genome.network/allele/CA229688",
                                                    "prediction": 1,
                                                    "predictionType": {
                                                        "label": "http://clinicalgenome.org/datamodel/prediction-type/me",
                                                        "type": "Prediction"
                                                    },
                                                    "type": "InSilicoPredictionScore"
                                                }
                                            ],
                                            "type": "EvidenceLine"
                                        }
                                    ],
                                    "prediction": "D",
                                    "predictionType": {
                                        "label": "http://clinicalgenome.org/datamodel/prediction-type/me",
                                        "type": "Prediction"
                                    },
                                    "type": "InSilicoPrediction"
                                }
                            ],
                            "type": "EvidenceLine"
                        },
                        {
                            "evidenceItem": [
                                {
                                    "algorithm": "fathmm_mkl",
                                    "canonicalAllele": "http://reg.genome.network/allele/CA229688",
                                    "contribution": [
                                        {
                                            "agent": "https://vci.clinicalgenome.org/users/323307d3-51f7-48a0-917b-e7657a044701/",
                                            "contributionDate": "2017-08-17T16:38:05.347695+00:00",
                                            "contributionRole": {
                                                "label": "curator",
                                                "type": "ContributoryRole"
                                            },
                                            "type": "Contribution"
                                        }
                                    ],
                                    "evidenceLine": [
                                        {
                                            "evidenceItem": [
                                                {
                                                    "algorithm": "fathmm_mkl",
                                                    "canonicalAllele": "http://reg.genome.network/allele/CA229688",
                                                    "prediction": 0.99431,
                                                    "predictionType": {
                                                        "label": "http://clinicalgenome.org/datamodel/prediction-type/me",
                                                        "type": "Prediction"
                                                    },
                                                    "type": "InSilicoPredictionScore"
                                                }
                                            ],
                                            "type": "EvidenceLine"
                                        }
                                    ],
                                    "prediction": "D",
                                    "predictionType": {
                                        "label": "http://clinicalgenome.org/datamodel/prediction-type/me",
                                        "type": "Prediction"
                                    },
                                    "type": "InSilicoPrediction"
                                }
                            ],
                            "type": "EvidenceLine"
                        },
                        {
                            "evidenceItem": [
                                {
                                    "algorithm": "fathmm",
                                    "canonicalAllele": "http://reg.genome.network/allele/CA229688",
                                    "contribution": [
                                        {
                                            "agent": "https://vci.clinicalgenome.org/users/323307d3-51f7-48a0-917b-e7657a044701/",
                                            "contributionDate": "2017-08-17T16:38:05.347695+00:00",
                                            "contributionRole": {
                                                "label": "curator",
                                                "type": "ContributoryRole"
                                            },
                                            "type": "Contribution"
                                        }
                                    ],
                                    "evidenceLine": [
                                        {
                                            "evidenceItem": [
                                                {
                                                    "algorithm": "fathmm",
                                                    "canonicalAllele": "http://reg.genome.network/allele/CA229688",
                                                    "prediction": -7.87,
                                                    "predictionType": {
                                                        "label": "http://clinicalgenome.org/datamodel/prediction-type/me",
                                                        "type": "Prediction"
                                                    },
                                                    "type": "InSilicoPredictionScore"
                                                }
                                            ],
                                            "type": "EvidenceLine"
                                        }
                                    ],
                                    "prediction": "D",
                                    "predictionType": {
                                        "label": "http://clinicalgenome.org/datamodel/prediction-type/me",
                                        "type": "Prediction"
                                    },
                                    "type": "InSilicoPrediction"
                                }
                            ],
                            "type": "EvidenceLine"
                        },
                        {
                            "evidenceItem": [
                                {
                                    "algorithm": "fathmm",
                                    "canonicalAllele": "http://reg.genome.network/allele/CA229688",
                                    "contribution": [
                                        {
                                            "agent": "https://vci.clinicalgenome.org/users/323307d3-51f7-48a0-917b-e7657a044701/",
                                            "contributionDate": "2017-08-17T16:38:05.347695+00:00",
                                            "contributionRole": {
                                                "label": "curator",
                                                "type": "ContributoryRole"
                                            },
                                            "type": "Contribution"
                                        }
                                    ],
                                    "evidenceLine": [
                                        {
                                            "evidenceItem": [
                                                {
                                                    "algorithm": "fathmm",
                                                    "canonicalAllele": "http://reg.genome.network/allele/CA229688",
                                                    "prediction": -7.87,
                                                    "predictionType": {
                                                        "label": "http://clinicalgenome.org/datamodel/prediction-type/me",
                                                        "type": "Prediction"
                                                    },
                                                    "type": "InSilicoPredictionScore"
                                                }
                                            ],
                                            "type": "EvidenceLine"
                                        }
                                    ],
                                    "prediction": " D",
                                    "predictionType": {
                                        "label": "http://clinicalgenome.org/datamodel/prediction-type/me",
                                        "type": "Prediction"
                                    },
                                    "type": "InSilicoPrediction"
                                }
                            ],
                            "type": "EvidenceLine"
                        },
                        {
                            "evidenceItem": [
                                {
                                    "algorithm": "mutationassessor",
                                    "canonicalAllele": "http://reg.genome.network/allele/CA229688",
                                    "contribution": [
                                        {
                                            "agent": "https://vci.clinicalgenome.org/users/323307d3-51f7-48a0-917b-e7657a044701/",
                                            "contributionDate": "2017-08-17T16:38:05.347695+00:00",
                                            "contributionRole": {
                                                "label": "curator",
                                                "type": "ContributoryRole"
                                            },
                                            "type": "Contribution"
                                        }
                                    ],
                                    "evidenceLine": [
                                        {
                                            "evidenceItem": [
                                                {
                                                    "algorithm": "mutationassessor",
                                                    "canonicalAllele": "http://reg.genome.network/allele/CA229688",
                                                    "prediction": 4.855,
                                                    "predictionType": {
                                                        "label": "http://clinicalgenome.org/datamodel/prediction-type/me",
                                                        "type": "Prediction"
                                                    },
                                                    "type": "InSilicoPredictionScore"
                                                }
                                            ],
                                            "type": "EvidenceLine"
                                        }
                                    ],
                                    "prediction": "H",
                                    "predictionType": {
                                        "label": "http://clinicalgenome.org/datamodel/prediction-type/me",
                                        "type": "Prediction"
                                    },
                                    "type": "InSilicoPrediction"
                                }
                            ],
                            "type": "EvidenceLine"
                        },
                        {
                            "evidenceItem": [
                                {
                                    "algorithm": "sift",
                                    "canonicalAllele": "http://reg.genome.network/allele/CA229688",
                                    "contribution": [
                                        {
                                            "agent": "https://vci.clinicalgenome.org/users/323307d3-51f7-48a0-917b-e7657a044701/",
                                            "contributionDate": "2017-08-17T16:38:05.347695+00:00",
                                            "contributionRole": {
                                                "label": "curator",
                                                "type": "ContributoryRole"
                                            },
                                            "type": "Contribution"
                                        }
                                    ],
                                    "prediction": "D",
                                    "predictionType": {
                                        "label": "http://clinicalgenome.org/datamodel/prediction-type/me",
                                        "type": "Prediction"
                                    },
                                    "type": "InSilicoPrediction"
                                }
                            ],
                            "type": "EvidenceLine"
                        },
                        {
                            "evidenceItem": [
                                {
                                    "algorithm": "metalr",
                                    "canonicalAllele": "http://reg.genome.network/allele/CA229688",
                                    "contribution": [
                                        {
                                            "agent": "https://vci.clinicalgenome.org/users/323307d3-51f7-48a0-917b-e7657a044701/",
                                            "contributionDate": "2017-08-17T16:38:05.347695+00:00",
                                            "contributionRole": {
                                                "label": "curator",
                                                "type": "ContributoryRole"
                                            },
                                            "type": "Contribution"
                                        }
                                    ],
                                    "evidenceLine": [
                                        {
                                            "evidenceItem": [
                                                {
                                                    "algorithm": "metalr",
                                                    "canonicalAllele": "http://reg.genome.network/allele/CA229688",
                                                    "prediction": 0.9978,
                                                    "predictionType": {
                                                        "label": "http://clinicalgenome.org/datamodel/prediction-type/me",
                                                        "type": "Prediction"
                                                    },
                                                    "type": "InSilicoPredictionScore"
                                                }
                                            ],
                                            "type": "EvidenceLine"
                                        }
                                    ],
                                    "prediction": "D",
                                    "predictionType": {
                                        "label": "http://clinicalgenome.org/datamodel/prediction-type/me",
                                        "type": "Prediction"
                                    },
                                    "type": "InSilicoPrediction"
                                }
                            ],
                            "type": "EvidenceLine"
                        },
                        {
                            "evidenceItem": [
                                {
                                    "algorithm": "mutationtaster",
                                    "canonicalAllele": "http://reg.genome.network/allele/CA229688",
                                    "contribution": [
                                        {
                                            "agent": "https://vci.clinicalgenome.org/users/323307d3-51f7-48a0-917b-e7657a044701/",
                                            "contributionDate": "2017-08-17T16:38:05.347695+00:00",
                                            "contributionRole": {
                                                "label": "curator",
                                                "type": "ContributoryRole"
                                            },
                                            "type": "Contribution"
                                        }
                                    ],
                                    "evidenceLine": [
                                        {
                                            "evidenceItem": [
                                                {
                                                    "algorithm": "mutationtaster",
                                                    "canonicalAllele": "http://reg.genome.network/allele/CA229688",
                                                    "prediction": 1,
                                                    "predictionType": {
                                                        "label": "http://clinicalgenome.org/datamodel/prediction-type/me",
                                                        "type": "Prediction"
                                                    },
                                                    "type": "InSilicoPredictionScore"
                                                }
                                            ],
                                            "type": "EvidenceLine"
                                        }
                                    ],
                                    "prediction": "D",
                                    "predictionType": {
                                        "label": "http://clinicalgenome.org/datamodel/prediction-type/me",
                                        "type": "Prediction"
                                    },
                                    "type": "InSilicoPrediction"
                                }
                            ],
                            "type": "EvidenceLine"
                        },
                        {
                            "evidenceItem": [
                                {
                                    "algorithm": "mutationtaster",
                                    "canonicalAllele": "http://reg.genome.network/allele/CA229688",
                                    "contribution": [
                                        {
                                            "agent": "https://vci.clinicalgenome.org/users/323307d3-51f7-48a0-917b-e7657a044701/",
                                            "contributionDate": "2017-08-17T16:38:05.347695+00:00",
                                            "contributionRole": {
                                                "label": "curator",
                                                "type": "ContributoryRole"
                                            },
                                            "type": "Contribution"
                                        }
                                    ],
                                    "evidenceLine": [
                                        {
                                            "evidenceItem": [
                                                {
                                                    "algorithm": "mutationtaster",
                                                    "canonicalAllele": "http://reg.genome.network/allele/CA229688",
                                                    "prediction": 1,
                                                    "predictionType": {
                                                        "label": "http://clinicalgenome.org/datamodel/prediction-type/me",
                                                        "type": "Prediction"
                                                    },
                                                    "type": "InSilicoPredictionScore"
                                                }
                                            ],
                                            "type": "EvidenceLine"
                                        }
                                    ],
                                    "prediction": " D",
                                    "predictionType": {
                                        "label": "http://clinicalgenome.org/datamodel/prediction-type/me",
                                        "type": "Prediction"
                                    },
                                    "type": "InSilicoPrediction"
                                }
                            ],
                            "type": "EvidenceLine"
                        },
                        {
                            "evidenceItem": [
                                {
                                    "algorithm": "cadd",
                                    "canonicalAllele": "http://reg.genome.network/allele/CA229688",
                                    "contribution": [
                                        {
                                            "agent": "https://vci.clinicalgenome.org/users/323307d3-51f7-48a0-917b-e7657a044701/",
                                            "contributionDate": "2017-08-17T16:38:05.347695+00:00",
                                            "contributionRole": {
                                                "label": "curator",
                                                "type": "ContributoryRole"
                                            },
                                            "type": "Contribution"
                                        }
                                    ],
                                    "prediction": "6.007387",
                                    "predictionType": {
                                        "label": "http://clinicalgenome.org/datamodel/prediction-type/me",
                                        "type": "Prediction"
                                    },
                                    "type": "InSilicoPredictionScore"
                                }
                            ],
                            "type": "EvidenceLine"
                        },
                        {
                            "evidenceItem": [
                                {
                                    "algorithm": "lrt",
                                    "canonicalAllele": "http://reg.genome.network/allele/CA229688",
                                    "contribution": [
                                        {
                                            "agent": "https://vci.clinicalgenome.org/users/323307d3-51f7-48a0-917b-e7657a044701/",
                                            "contributionDate": "2017-08-17T16:38:05.347695+00:00",
                                            "contributionRole": {
                                                "label": "curator",
                                                "type": "ContributoryRole"
                                            },
                                            "type": "Contribution"
                                        }
                                    ],
                                    "prediction": "D",
                                    "predictionType": {
                                        "label": "http://clinicalgenome.org/datamodel/prediction-type/me",
                                        "type": "Prediction"
                                    },
                                    "type": "InSilicoPrediction"
                                }
                            ],
                            "type": "EvidenceLine"
                        },
                        {
                            "evidenceItem": [
                                {
                                    "algorithm": "metasvm",
                                    "canonicalAllele": "http://reg.genome.network/allele/CA229688",
                                    "contribution": [
                                        {
                                            "agent": "https://vci.clinicalgenome.org/users/323307d3-51f7-48a0-917b-e7657a044701/",
                                            "contributionDate": "2017-08-17T16:38:05.347695+00:00",
                                            "contributionRole": {
                                                "label": "curator",
                                                "type": "ContributoryRole"
                                            },
                                            "type": "Contribution"
                                        }
                                    ],
                                    "evidenceLine": [
                                        {
                                            "evidenceItem": [
                                                {
                                                    "algorithm": "metasvm",
                                                    "canonicalAllele": "http://reg.genome.network/allele/CA229688",
                                                    "prediction": 0.9016,
                                                    "predictionType": {
                                                        "label": "http://clinicalgenome.org/datamodel/prediction-type/me",
                                                        "type": "Prediction"
                                                    },
                                                    "type": "InSilicoPredictionScore"
                                                }
                                            ],
                                            "type": "EvidenceLine"
                                        }
                                    ],
                                    "prediction": "D",
                                    "predictionType": {
                                        "label": "http://clinicalgenome.org/datamodel/prediction-type/me",
                                        "type": "Prediction"
                                    },
                                    "type": "InSilicoPrediction"
                                }
                            ],
                            "type": "EvidenceLine"
                        },
                        {
                            "evidenceItem": [
                                {
                                    "algorithm": "fitcons",
                                    "canonicalAllele": "http://reg.genome.network/allele/CA229688",
                                    "contribution": [
                                        {
                                            "agent": "https://vci.clinicalgenome.org/users/323307d3-51f7-48a0-917b-e7657a044701/",
                                            "contributionDate": "2017-08-17T16:38:05.347695+00:00",
                                            "contributionRole": {
                                                "label": "curator",
                                                "type": "ContributoryRole"
                                            },
                                            "type": "Contribution"
                                        }
                                    ],
                                    "prediction": 0.638212,
                                    "predictionType": {
                                        "label": "http://clinicalgenome.org/datamodel/prediction-type/me",
                                        "type": "Prediction"
                                    },
                                    "type": "InSilicoPredictionScore"
                                }
                            ],
                            "type": "EvidenceLine"
                        },
                        {
                            "evidenceItem": [
                                {
                                    "algorithm": "provean",
                                    "canonicalAllele": "http://reg.genome.network/allele/CA229688",
                                    "contribution": [
                                        {
                                            "agent": "https://vci.clinicalgenome.org/users/323307d3-51f7-48a0-917b-e7657a044701/",
                                            "contributionDate": "2017-08-17T16:38:05.347695+00:00",
                                            "contributionRole": {
                                                "label": "curator",
                                                "type": "ContributoryRole"
                                            },
                                            "type": "Contribution"
                                        }
                                    ],
                                    "evidenceLine": [
                                        {
                                            "evidenceItem": [
                                                {
                                                    "algorithm": "provean",
                                                    "canonicalAllele": "http://reg.genome.network/allele/CA229688",
                                                    "prediction": -8.66,
                                                    "predictionType": {
                                                        "label": "http://clinicalgenome.org/datamodel/prediction-type/me",
                                                        "type": "Prediction"
                                                    },
                                                    "type": "InSilicoPredictionScore"
                                                }
                                            ],
                                            "type": "EvidenceLine"
                                        }
                                    ],
                                    "prediction": "D",
                                    "predictionType": {
                                        "label": "http://clinicalgenome.org/datamodel/prediction-type/me",
                                        "type": "Prediction"
                                    },
                                    "type": "InSilicoPrediction"
                                }
                            ],
                            "type": "EvidenceLine"
                        }
                    ],
                    "id": "/evaluations/6c89b2f1-461f-4111-bf18-259d93956ca3/",
                    "outcome": {
                        "label": "http://clinicalgenome.org/datamodel/criterion-assertion-outcome/met",
                        "type": "CriterionEvaluation"
                    },
                    "type": "CriterionAssessment",
                    "variant": "http://reg.genome.network/allele/CA229688"
                }
            ],
            "evidenceStrength": "SEPIO:0000329",
            "type": "EvidenceLine"
        },
        {
            "evidenceItem": [
                {
                    "contribution": [
                        {
                            "agent": "https://vci.clinicalgenome.org/users/323307d3-51f7-48a0-917b-e7657a044701/",
                            "contributionDate": "2017-08-17T16:39:01.665134+00:00",
                            "contributionRole": {
                                "label": "assessor",
                                "type": "ContributoryRole"
                            },
                            "type": "Contribution"
                        }
                    ],
                    "criterion": {
                        "defaultStrength": {
                            "id": "SEPIO:0000216",
                            "label": "Pathogenic Moderate",
                            "type": "EvidenceLineStrength"
                        },
                        "id": "SEPIO-CG:99031",
                        "label": "PM5",
                        "type": "Criterion"
                    },
                    "description": "p.P225T likely pathogenic, p.P225T/A/R/L reported",
                    "id": "/evaluations/7b2583b3-2888-42e5-80ab-886b12259bff/",
                    "outcome": {
                        "label": "http://clinicalgenome.org/datamodel/criterion-assertion-outcome/met",
                        "type": "CriterionEvaluation"
                    },
                    "type": "CriterionAssessment",
                    "variant": "http://reg.genome.network/allele/CA229688"
                }
            ],
            "evidenceStrength": "SEPIO:0000216",
            "type": "EvidenceLine"
        },
        {
            "evidenceItem": [
                {
                    "contribution": [
                        {
                            "agent": "https://vci.clinicalgenome.org/users/323307d3-51f7-48a0-917b-e7657a044701/",
                            "contributionDate": "2017-08-17T16:41:05.428861+00:00",
                            "contributionRole": {
                                "label": "assessor",
                                "type": "ContributoryRole"
                            },
                            "type": "Contribution"
                        }
                    ],
                    "criterion": {
                        "defaultStrength": {
                            "id": "SEPIO:0000329",
                            "label": "Pathogenic Supporting",
                            "type": "EvidenceLineStrength"
                        },
                        "id": "SEPIO-CG:99036",
                        "label": "PP4",
                        "type": "Criterion"
                    },
                    "description": "PMID 10394930: Patients with PAH-deficient hyperphenylalaninaemia in 272 independent families (248 PKU and 24 MHP) living in Germany were investigated, including most patients of the German Collaborative PKU Study. Listed in Table 1, Phe level not specified.",
                    "evidenceLine": [
                        {
                            "evidenceItem": [
                                {
                                    "contribution": [
                                        {
                                            "agent": "https://vci.clinicalgenome.org/users/323307d3-51f7-48a0-917b-e7657a044701/",
                                            "contributionDate": "2017-08-17T16:41:08.143765+00:00",
                                            "contributionRole": {
                                                "label": "curator",
                                                "type": "ContributoryRole"
                                            },
                                            "type": "Contribution"
                                        }
                                    ],
                                    "description": "PMID 10394930: Patients with PAH-deficient hyperphenylalaninaemia in 272 independent families (248 PKU and 24 MHP) living in Germany were investigated, including most patients of the German Collaborative PKU Study. Listed in Table 1, Phe level not specified.",
                                    "source": [
                                        "https://www.ncbi.nlm.nih.gov/pubmed/10394930"
                                    ],
                                    "type": "Statement"
                                }
                            ],
                            "type": "EvidenceLine"
                        }
                    ],
                    "id": "/evaluations/fd99aa8f-4c08-4cdb-bf98-4b16acaebe61/",
                    "outcome": {
                        "label": "http://clinicalgenome.org/datamodel/criterion-assertion-outcome/met",
                        "type": "CriterionEvaluation"
                    },
                    "type": "CriterionAssessment",
                    "variant": "http://reg.genome.network/allele/CA229688"
                }
            ],
            "evidenceStrength": {
                "id": "SEPIO:0000216",
                "label": "Pathogenic Moderate",
                "type": "EvidenceLineStrength"
            },
            "type": "EvidenceLine"
        }
    ],
    "id": "https://vci.clinicalgenome.org/interpretations/3fffa2de-2804-4d62-bbed-06aff4b2c0a0/",
    "outcome": {
        "label": "Likely pathogenic",
        "type": "Significance"
    },
    "type": "VariantInterpretation",
    "variant": "http://reg.genome.network/allele/CA229688"
}