﻿VariationID,ClinicalSignificance,DateLastEvaluated,Description,SubmittedPhenotypeInfo,ReportedPhenotypeInfo,ReviewStatus,CollectionMethod,OriginCounts,Submitter,SCV,SubmittedGeneSymbol,ExplanationOfInterpretation
7829,Pathogenic,18-Oct-17,"PTEN c.389G>A (p.R130Q) meets criteria to be classified as pathogenic for PTEN Hamartoma Tumor syndrome in an autosomal dominant manner using modified ACMG criteria (Mester et al. 2018; manuscript in preparation). Please see a summary of the rules and criteria codes in the 'PTEN ACMG Specifications Summary' document (assertion method column). PM6_VS: At least four assumed de novo observations in a patient with the disease and no family history. (PMID 22595938, PMID 22327138, internal laboratory contributor(s) SCV000222111.11) PS3: Phosphatase activity <50% of wild type (PMID 10866302) PS4: Probands with phenotype specificity score of 4-15.5 (PMID 26798346, PMID 17526801, PMID 23335809, PMID 22266152) PM1: Located at a residue within a catalytic motif as defined by the ClinGen PTEN Expert Panel. PM2: Absent in large sequenced populations (PMID 27535533). PP2: PTEN is defined by the PTEN Expert Panel as a gene that has a low rate of benign missense variation and where missense variants are a common mechanism of disease.",Orphanet:ORPHA306498,C1959582:PTEN hamartoma tumor syndrome,reviewed by expert panel,curation,germline:na,PTEN,SCV000840465.1,PTEN,-
7844,Uncertain significance,6-Apr-18,"PTEN c.-764G>A (NC_000010.10:g.89623462G>A) is currently classified as a variant of uncertain significance for PTEN Hamartoma Tumor syndrome in an autosomal dominant manner using modified ACMG criteria (Mester et al. 2018; manuscript in preparation). Please see a summary of the rules and criteria codes in the 'PTEN ACMG Specifications Summary' document (assertion method column). PM2: Present at extremely low (<0.00001, 0.001%) allele frequency in the gnomAD cohort. (PMID 27535533).",Orphanet:ORPHA306498,C1959582:PTEN hamartoma tumor syndrome,reviewed by expert panel,curation,germline:na,PTEN,SCV000840498.1,PTEN,-
41682,Likely benign,6-Apr-18,"PTEN c.235G>A (p.A79T) meets criteria to be classified as likely benign for PTEN Hamartoma Tumor syndrome in an autosomal dominant manner using modified ACMG criteria (Mester et al. 2018; manuscript in preparation). Please see a summary of the rules and criteria codes in the 'PTEN ACMG Specifications Summary' document (assertion method column). BS1: Allele frequency of 0.0045 (0.45%, 9/1984 alleles) in the GME variome. (PMID 27428751) BS2_P: Meets criteria for BS2 (observed in the homozygous state in at least one healthy or PHTS-unaffected individual) but BS1 is also applied. (Internal laboratory contributor(s) SCV000222198.12) PP2: PTEN is defined by the PTEN Expert Panel as a gene that has a low rate of benign missense variation and where missense variants are a common mechanism of disease.",Orphanet:ORPHA306498,C1959582:PTEN hamartoma tumor syndrome,reviewed by expert panel,curation,germline:na,PTEN,SCV000840467.1,PTEN,-
92808,Benign,9-Nov-16,"PTEN c.-9C>G (NC_000010.10:g.89624218C>G) meets criteria to be classified as benign for PTEN Hamartoma Tumor syndrome in an autosomal dominant manner using modified ACMG criteria (Mester et al. 2018; manuscript in preparation). Please see a summary of the rules and criteria codes in the 'PTEN ACMG Specifications Summary' document (assertion method column). BA1: Allele frequency of 0.048 (4.8%, 903/18,870 alleles) in the East Asian subpopulation of the gnomAD cohort. (PMID 27535533)",Orphanet:ORPHA306498,C1959582:PTEN hamartoma tumor syndrome,reviewed by expert panel,curation,germline:na,PTEN,SCV000840463.1,PTEN,-
92810,Benign,14-Sep-16,"PTEN c.1026+32T>G (IVS8+32T>G) meets criteria to be classified as benign for PTEN Hamartoma Tumor syndrome in an autosomal dominant manner using modified ACMG criteria (Mester et al. 2018; manuscript in preparation). Please see a summary of the rules and criteria codes in the 'PTEN ACMG Specifications Summary' document (assertion method column). BA1: Allele frequency of 0.374 (37.4%, 102,771/274,696 alleles) in the gnomAD cohort. (PMID 27535533)",Orphanet:ORPHA306498,C1959582:PTEN hamartoma tumor syndrome,reviewed by expert panel,curation,germline:na,PTEN,SCV000840460.1,PTEN,-
92813,Likely benign,9-Nov-16,"PTEN c.132C>T (p.G44=) meets criteria to be classified as likely benign for PTEN Hamartoma Tumor syndrome in an autosomal dominant manner using modified ACMG criteria (Mester et al. 2018; manuscript in preparation). Please see a summary of the rules and criteria codes in the 'PTEN ACMG Specifications Summary' document (assertion method column). BS1: Allele frequency of 0.167 (1.67%, 463/276,792 alleles) in the gnomAD cohort. (PMID 27535533) BS2_P: Meets criteria for BS2 (observed in the homozygous state in at least one healthy or PHTS-unaffected individual) but BS1 is also applied. (Internal laboratory contributor(s) SCV000212700.3) BP5: Variant found in multiple cases with alternate molecular basis for disease. (Internal laboratory contributor(s) SCV000212700.3) BP7: Variant is synonymous (silent), nucleotide is not conserved, and no splicing impact is predicted.",Orphanet:ORPHA306498,C1959582:PTEN hamartoma tumor syndrome,reviewed by expert panel,curation,germline:na,PTEN,SCV000840470.1,PTEN,-
92816,Pathogenic,18-Dec-17,"PTEN c.209+4_209+7delAGTA (IVS3+4_IVS3+7delAGTA) meets criteria to be classified as pathogenic for PTEN Hamartoma Tumor syndrome in an autosomal dominant manner using modified ACMG criteria (Mester et al. 2018; manuscript in preparation). Please see a summary of the rules and criteria codes in the 'PTEN ACMG Specifications Summary' document (assertion method column). PS3: RNA, mini-gene, or other assay shows impact on splicing. (PMID 28677221) PM6_S: Two probands with presumed de novo occurrence (maternity/paternity not confirmed) in a patient with the disease and no family history. (Internal laboratory contributor(s)) PM2: Absent in large sequenced populations (PMID 27535533). PP1_M: Co-segregation with disease in multiple affected family members, with 5 or 6 meioses observed. (Internal laboratory contributor(s)) PS4_P: Proband(s) with phenotype specificity score of 1-1.5. (PMID 28677221, internal laboratory contributor(s) SCV000273868.4)",Orphanet:ORPHA306498,C1959582:PTEN hamartoma tumor syndrome,reviewed by expert panel,curation,germline:na,PTEN,SCV000840483.1,PTEN,-
92818,Likely benign,14-Dec-16,"PTEN c.254-39G>T (IVS4-39G>T) meets criteria to be classified as likely benign for PTEN Hamartoma Tumor syndrome in an autosomal dominant manner using modified ACMG criteria (Mester et al. 2018; manuscript in preparation). Please see a summary of the rules and criteria codes in the 'PTEN ACMG Specifications Summary' document (assertion method column). BS1: Allele frequency of 0.0064 (0.64%, 112/17,490 alleles) in the South Asian subpopulation of the gnomAD cohort. (PMID 27535533) BP4: Intronic variant where at least 2 out of 3 in silico models predict no splicing impact. BP7: Variant is intronic and at or beyond +7/-21, nucleotide is not conserved, and no splicing impact is predicted.",Orphanet:ORPHA306498,C1959582:PTEN hamartoma tumor syndrome,reviewed by expert panel,curation,germline:na,PTEN,SCV000840477.1,PTEN,-
92827,Benign,14-Sep-16,"PTEN c.79+35C>T (IVS1+35C>T) meets criteria to be classified as benign for PTEN Hamartoma Tumor syndrome in an autosomal dominant manner using modified ACMG criteria (Mester et al. 2018; manuscript in preparation). Please see a summary of the rules and criteria codes in the 'PTEN ACMG Specifications Summary' document (assertion method column). BS1: Allele frequency of 0.00178 (1.78%, 492/277,200 alleles) in the gnomAD cohort. (PMID 27535533) BS3: Intronic variant with RNA, mini-gene, or other splicing assay demonstrating no splicing impact. (PMID 17636424)",Orphanet:ORPHA306498,C1959582:PTEN hamartoma tumor syndrome,reviewed by expert panel,curation,germline:na,PTEN,SCV000840499.1,PTEN,-
92829,Likely benign,26-Sep-18,"PTEN c.801+23G>A (IVS7+23G>A) meets criteria to be classified as likely benign for PTEN Hamartoma Tumor syndrome in an autosomal dominant manner using modified ACMG criteria (Mester et al. 2018; manuscript in preparation). Please see a summary of the rules and criteria codes in the 'PTEN ACMG Specifications Summary' document (assertion method column). BS1: Allele frequency of 0.0024 (0.24%, 58/24,016 alleles) in the African subpopulation of the gnomAD cohort. (PMID 27535533) BP4: Intronic variant where at least 2 out of 3 in silico models predict no splicing impact.",Orphanet:ORPHA306498,C1959582:PTEN hamartoma tumor syndrome,reviewed by expert panel,curation,germline:na,PTEN,SCV000840490.1,PTEN,-
127662,Uncertain significance,8-Nov-17,"PTEN c.-1170C>T (NC_000010.10: g.89623056C>T) is currently classified as a variant of uncertain significance for PTEN Hamartoma Tumor syndrome in an autosomal dominant manner using modified ACMG criteria (Mester et al. 2018; manuscript in preparation). Please see a summary of the rules and criteria codes in the 'PTEN ACMG Specifications Summary' document (assertion method column). BP5: Variant found in multiple cases with alternate molecular basis for disease. (Internal laboratory contributor(s) SCV000149466.6, SCV000184146.1)",Orphanet:ORPHA306498,C1959582:PTEN hamartoma tumor syndrome,reviewed by expert panel,curation,germline:na,PTEN,SCV000840482.1,PTEN,-
127667,Benign,2-Jun-17,"PTEN c.-1311T>C (NC_000010.10:g.89622915T>C) meets criteria to be classified as benign for PTEN Hamartoma Tumor syndrome in an autosomal dominant manner using modified ACMG criteria (Mester et al. 2018; manuscript in preparation). Please see a summary of the rules and criteria codes in the 'PTEN ACMG Specifications Summary' document (assertion method column). BA1: Allele frequency of 0.0142 (1.42%, 23/1618 alleles) in the African subpopulation of the gnomAD cohort. (PMID 27535533)",Orphanet:ORPHA306498,C1959582:PTEN hamartoma tumor syndrome,reviewed by expert panel,curation,germline:na,PTEN,SCV000840491.1,PTEN,-
127687,Uncertain significance,8-Nov-17,PTEN c.1052_1054delTAG (p.V351del) is currently classified as a variant of uncertain significance for PTEN Hamartoma Tumor syndrome in an autosomal dominant manner using modified ACMG criteria (Mester et al. 2018; manuscript in preparation). Please see a summary of the rules and criteria codes in the 'PTEN ACMG Specifications Summary' document (assertion method column). PM2: Absent in large sequenced populations (PMID 27535533).,Orphanet:ORPHA306498,C1959582:PTEN hamartoma tumor syndrome,reviewed by expert panel,curation,germline:na,PTEN,SCV000840493.1,PTEN,-
138835,Likely benign,14-Sep-16,"PTEN c.1104T>C (p.D368=) meets criteria to be classified as likely benign for PTEN Hamartoma Tumor syndrome in an autosomal dominant manner using modified ACMG criteria (Mester et al. 2018; manuscript in preparation). Please see a summary of the rules and criteria codes in the 'PTEN ACMG Specifications Summary' document (assertion method column). BS1: Allele frequency of 0.0057 (0.57%, 130/22,966 alleles) in the African subpopulation of the gnomAD cohort. (PMID 27535533) BP4: Synonymous variant where at least 2 out of 3 in silico models predict no splicing impact. BP7: Variant is synonymous (silent), nucleotide is not conserved, and no splicing impact is predicted.",Orphanet:ORPHA306498,C1959582:PTEN hamartoma tumor syndrome,reviewed by expert panel,curation,germline:na,PTEN,SCV000840471.1,PTEN,-
138836,Likely benign,9-Nov-16,"PTEN c.-1026C>A (NC_000010.10:g.89623200C>A) meets criteria to be classified as likely benign for PTEN Hamartoma Tumor syndrome in an autosomal dominant manner using modified ACMG criteria (Mester et al. 2018; manuscript in preparation). Please see a summary of the rules and criteria codes in the 'PTEN ACMG Specifications Summary' document (assertion method column). BS1: Allele frequency of 0.0056 (0.56%, 173/30,898 alleles) in the gnomAD cohort. (PMID 27535533) BS2_P: Meets criteria for BS2 (observed in the homozygous state in at least one healthy or PHTS-unaffected individual) but BS1 is also applied. (Internal laboratory contributor(s) SCV000171228.5) BP5: Variant found in multiple cases with alternate molecular basis for disease. (Internal laboratory contributor(s) SCV000171228.5)",Orphanet:ORPHA306498,C1959582:PTEN hamartoma tumor syndrome,reviewed by expert panel,curation,germline:na,PTEN,SCV000840478.1,PTEN,-
138837,Benign,14-Sep-16,"PTEN c.-903G>A (NC_000010.10:g.89623323G>A) meets criteria to be classified as benign for PTEN Hamartoma Tumor syndrome in an autosomal dominant manner using modified ACMG criteria (Mester et al. 2018; manuscript in preparation). Please see a summary of the rules and criteria codes in the 'PTEN ACMG Specifications Summary' document (assertion method column). BA1: Allele frequency of 0.011 (1.1%, 343/30,808 alleles) in the gnomAD cohort. (PMID 27535533)",Orphanet:ORPHA306498,C1959582:PTEN hamartoma tumor syndrome,reviewed by expert panel,curation,germline:na,PTEN,SCV000840480.1,PTEN,-
141485,Pathogenic,18-Oct-17,PTEN c.493-2A>G (IVS5-2A>G) meets criteria to be classified as pathogenic for PTEN Hamartoma Tumor syndrome in an autosomal dominant manner using modified ACMG criteria (Mester et al. 2018; manuscript in preparation). Please see a summary of the rules and criteria codes in the 'PTEN ACMG Specifications Summary' document (assertion method column). PVS1: Null variant predicted to result in nonsense-mediated decay or causing truncation/frameshift at or 5' to c.1121 (NM_000314.4). PM6_S: Two probands with presumed de novo occurrence (maternity/paternity not confirmed) in a patient with the disease and no family history. (Internal laboratory contributor(s) SCV000222118.9) PM2: Absent in large sequenced populations.,Orphanet:ORPHA306498,C1959582:PTEN hamartoma tumor syndrome,reviewed by expert panel,curation,germline:na,PTEN,SCV000840458.1,PTEN,-
141654,Pathogenic,18-Oct-17,"PTEN c.50_51delAA (p.Q17RfsX26) meets criteria to be classified as pathogenic for PTEN Hamartoma Tumor syndrome in an autosomal dominant manner using modified ACMG criteria (Mester et al. 2018; manuscript in preparation). Please see a summary of the rules and criteria codes in the 'PTEN ACMG Specifications Summary' document (assertion method column). PVS1: Null variant predicted to result in nonsense-mediated decay or causing truncation/frameshift at or 5' to c.1121 (NM_000314.4). PM2: Present at extremely low (<0.00001, 0.001%) allele frequency in the gnomAD cohort. (PMID 27535533). PS4_P: Proband(s) with phenotype specificity score of 1-1.5. (PMID 20223021)",Orphanet:ORPHA306498,C1959582:PTEN hamartoma tumor syndrome,reviewed by expert panel,curation,germline:na,PTEN,SCV000840481.1,PTEN,-
142269,Pathogenic,18-Oct-17,"PTEN c.737C>T (p.P246L) meets criteria to be classified as pathogenic for PTEN Hamartoma Tumor syndrome in an autosomal dominant manner using modified ACMG criteria (Mester et al. 2018; manuscript in preparation). Please see a summary of the rules and criteria codes in the 'PTEN ACMG Specifications Summary' document (assertion method column). PS2_VS: At least two proven OR one proven plus two assumed de novo observations in a patient with the disease and no family history. (PMID 23934111, internal laboratory contributor(s) SCV000222227.10) PS4: Probands with phenotype specificity score of 4-15.5. (PMID 24375884, PMID 10076877, PMID 22261759, PMID 23934111, internal laboratory contributor(s) SCV000222227.10) PM2: Absent in large sequenced populations. (PMID 27535533). PP2: PTEN is defined by the PTEN Expert Panel as a gene that has a low rate of benign missense variation and where missense variants are a common mechanism of disease.",Orphanet:ORPHA306498,C1959582:PTEN hamartoma tumor syndrome,reviewed by expert panel,curation,germline:na,PTEN,SCV000840469.1,PTEN,-
142423,Pathogenic,18-Oct-17,"PTEN c.802-2A>T (IVS7-2A>T) meets criteria to be classified as pathogenic for PTEN Hamartoma Tumor syndrome in an autosomal dominant manner using modified ACMG criteria (Mester et al. 2018; manuscript in preparation). Please see a summary of the rules and criteria codes in the 'PTEN ACMG Specifications Summary' document (assertion method column). PVS1: Null variant predicted to result in nonsense-mediated decay or causing truncation/frameshift at or 5' to c.1121 (NM_000314.4). PM2: Absent in large sequenced populations (PMID 27535533). PS4_P: Proband(s) with phenotype specificity score of 1-1.5. (Internal laboratory contributor(s), SCV000222230.9)",Orphanet:ORPHA306498,C1959582:PTEN hamartoma tumor syndrome,reviewed by expert panel,curation,germline:na,PTEN,SCV000840462.1,PTEN,-
142681,Uncertain significance,8-Nov-17,PTEN c.304_306dupAAA (p.K102_P103insK) is currently classified as a variant of uncertain significance for PTEN Hamartoma Tumor syndrome in an autosomal dominant manner using modified ACMG criteria (Mester et al. 2018; manuscript in preparation). Please see a summary of the rules and criteria codes in the 'PTEN ACMG Specifications Summary' document (assertion method column). PM2: Absent in large sequenced populations (PMID 27535533).,Orphanet:ORPHA306498,C1959582:PTEN hamartoma tumor syndrome,reviewed by expert panel,curation,germline:na,PTEN,SCV000840472.1,PTEN,-
183722,Pathogenic,18-Oct-17,"PTEN c.1026+1G>A (IVS8+1G>A) meets criteria to be classified as pathogenic for PTEN Hamartoma Tumor syndrome in an autosomal dominant manner using modified ACMG criteria (Mester et al. 2018; manuscript in preparation). Please see a summary of the rules and criteria codes in the 'PTEN ACMG Specifications Summary' document (assertion method column). PVS1: Null variant predicted to result in nonsense-mediated decay or causing truncation/frameshift at or 5' to c.1121 (NM_000314.4) (PMID 28677221). PM2: Absent in large sequenced populations (PMID 27535533). PS4_M: Probands with phenotype specificity score of 2-3.5. (PMID 28677221, internal laboratory contributor(s) SCV000212764.4)",Orphanet:ORPHA306498,C1959582:PTEN hamartoma tumor syndrome,reviewed by expert panel,curation,germline:na,PTEN,SCV000840497.1,PTEN,-
184104,Uncertain significance,18-Dec-17,"PTEN c.78C>T (p.T26=) is currently classified as a variant of uncertain significance for PTEN Hamartoma Tumor syndrome in an autosomal dominant manner using modified ACMG criteria (Mester et al. 2018; manuscript in preparation). Please see a summary of the rules and criteria codes in the 'PTEN ACMG Specifications Summary' document (assertion method column). PM2: Present at extremely low (<0.00001, 0.001%) allele frequency in the gnomAD cohort. (PMID 27535533). BP7: Variant is synonymous (silent), nucleotide is not conserved, and no splicing impact is predicted.",Orphanet:ORPHA306498,C1959582:PTEN hamartoma tumor syndrome,reviewed by expert panel,curation,germline:na,PTEN,SCV000840494.1,PTEN,-
184505,Uncertain significance,14-Dec-16,"PTEN c.75G>A (p.L25=) is currently classified as a variant of uncertain significance for PTEN Hamartoma Tumor syndrome in an autosomal dominant manner using modified ACMG criteria (Mester et al. 2018; manuscript in preparation). Please see a summary of the rules and criteria codes in the 'PTEN ACMG Specifications Summary' document (assertion method column). BP7: Variant is synonymous (silent), nucleotide is not conserved, and no splicing impact is predicted.",Orphanet:ORPHA306498,C1959582:PTEN hamartoma tumor syndrome,reviewed by expert panel,curation,germline:na,PTEN,SCV000840466.1,PTEN,-
185213,Likely pathogenic,18-Oct-17,PTEN c.964A>T (p.K322X) meets criteria to be classified as likely pathogenic for PTEN Hamartoma Tumor syndrome in an autosomal dominant manner using modified ACMG criteria (Mester et al. 2018; manuscript in preparation). Please see a summary of the rules and criteria codes in the 'PTEN ACMG Specifications Summary' document (assertion method column). PVS1: Null variant predicted to result in nonsense-mediated decay or causing truncation/frameshift at or 5' to c.1121 (NM_000314.4). PM2: Absent in large sequenced populations (PMID 27535533).,Orphanet:ORPHA306498,C1959582:PTEN hamartoma tumor syndrome,reviewed by expert panel,curation,germline:na,PTEN,SCV000840475.1,PTEN,-
185989,Uncertain significance,8-Nov-17,PTEN c.209+3A>T (IVS3+3A>T) is currently classified as a variant of uncertain significance for PTEN Hamartoma Tumor syndrome in an autosomal dominant manner using modified ACMG criteria (Mester et al. 2018; manuscript in preparation). Please see a summary of the rules and criteria codes in the 'PTEN ACMG Specifications Summary' document (assertion method column). PM2: Absent in large sequenced populations (PMID 27535533). PP3: At least 2 out of 3 in silico models predict a splicing impact.,Orphanet:ORPHA306498,C1959582:PTEN hamartoma tumor syndrome,reviewed by expert panel,curation,germline:na,PTEN,SCV000840485.1,PTEN,-
187590,Likely pathogenic,18-Oct-17,PTEN c.165-1G>A (IVS2-1G>A) meets criteria to be classified as likely pathogenic for PTEN Hamartoma Tumor syndrome in an autosomal dominant manner using modified ACMG criteria (Mester et al. 2018; manuscript in preparation). Please see a summary of the rules and criteria codes in the 'PTEN ACMG Specifications Summary' document (assertion method column). PVS1: Null variant predicted to result in nonsense-mediated decay or causing truncation/frameshift at or 5' to c.1121 (NM_000314.4). PM2: Absent in large sequenced populations (PMID 27535533).,Orphanet:ORPHA306498,C1959582:PTEN hamartoma tumor syndrome,reviewed by expert panel,curation,germline:na,PTEN,SCV000840484.1,PTEN,-
187657,Pathogenic,18-Oct-17,PTEN c.892C>T (p.Q298X) meets criteria to be classified as pathogenic for PTEN Hamartoma Tumor syndrome in an autosomal dominant manner using modified ACMG criteria (Mester et al. 2018; manuscript in preparation). Please see a summary of the rules and criteria codes in the 'PTEN ACMG Specifications Summary' document (assertion method column). PVS1: Null variant predicted to result in nonsense-mediated decay or causing truncation/frameshift at or 5' to c.1121 (NM_000314.4). PM2: Absent in large sequenced populations (PMID 27535533). PS4_P: Proband(s) with phenotype specificity score of 1-1.5. (PMID 23470840),Orphanet:ORPHA306498,C1959582:PTEN hamartoma tumor syndrome,reviewed by expert panel,curation,germline:na,PTEN,SCV000840489.1,PTEN,-
187673,Uncertain significance,8-Nov-17,"PTEN c.1171C>T (p.P391S) is currently classified as a variant of uncertain significance for PTEN Hamartoma Tumor syndrome in an autosomal dominant manner using modified ACMG criteria (Mester et al. 2018; manuscript in preparation). Please see a summary of the rules and criteria codes in the 'PTEN ACMG Specifications Summary' document (assertion method column). PM2: Present at extremely low (<0.00001, 0.001%) allele frequency in the gnomAD cohort. (PMID 27535533). PP2: PTEN is defined by the PTEN Expert Panel as a gene that has a low rate of benign missense variation and where missense variants are a common mechanism of disease.",Orphanet:ORPHA306498,C1959582:PTEN hamartoma tumor syndrome,reviewed by expert panel,curation,germline:na,PTEN,SCV000840495.1,PTEN,-
189406,Pathogenic,18-Oct-17,"PTEN c.407G>A (p.C136Y) meets criteria to be classified as pathogenic for PTEN Hamartoma Tumor syndrome in an autosomal dominant manner using modified ACMG criteria (Mester et al. 2018; manuscript in preparation). Please see a summary of the rules and criteria codes in the 'PTEN ACMG Specifications Summary' document (assertion method column). PS2: De novo (both maternity and paternity confirmed) observation in a patient with the disease and no family history. (Internal laboratory contributor(s) SCV000222113.9) PS3: Phosphatase activity <50% of wild-type OR RNA, mini-gene, or other assay shows impact on splicing. (PMID 10866302) PM2: Absent in large sequenced populations (PMID 27535533). PP2: PTEN is defined by the PTEN Expert Panel as a gene that has a low rate of benign missense variation and where missense variants are a common mechanism of disease. PS4_P: Probands with specificity score of 1-1.5. (PMID 9735393, internal laboratory contributor(s) SCV000222113.9)",Orphanet:ORPHA306498,C1959582:PTEN hamartoma tumor syndrome,reviewed by expert panel,curation,germline:na,PTEN,SCV000840468.1,PTEN,-
189411,Pathogenic,18-Oct-17,"PTEN c.511C>T (p.Q171X) meets criteria to be classified as pathogenic for PTEN Hamartoma Tumor syndrome in an autosomal dominant manner using modified ACMG criteria (Mester et al. 2018; manuscript in preparation). Please see a summary of the rules and criteria codes in the 'PTEN ACMG Specifications Summary' document (assertion method column). PVS1: Null variant predicted to result in nonsense-mediated decay or causing truncation/frameshift at or 5' to c.1121 (NM_000314.4). PM2: Absent in large sequenced populations (PMID 27535533). PM6: Assumed de novo, but without confirmation of paternity and maternity in a patient with the disease and no family history. (PMID 22595938) PS4_M: Probands with phenotype specificity score of 2-3.5. (PMID 17043057, PMID 22595938)",Orphanet:ORPHA306498,C1959582:PTEN hamartoma tumor syndrome,reviewed by expert panel,curation,germline:na,PTEN,SCV000840464.1,PTEN,-
189425,Likely benign,14-Dec-16,"PTEN c.165-13_165-10delGTTT (IVS2-13_IVS2-10delGTTT) meets criteria to be classified as likely benign for PTEN Hamartoma Tumor syndrome in an autosomal dominant manner using modified ACMG criteria (Mester et al. 2018; manuscript in preparation). Please see a summary of the rules and criteria codes in the 'PTEN ACMG Specifications Summary' document (assertion method column). BS1: Allele frequency of 0.0049 (0.49%, 112/22,776 alleles) in the African subpopulation of the gnomAD cohort. (PMID 27535533) BP4: Intronic variant where at least 2 out of 3 in silico models predict no splicing impact.",Orphanet:ORPHA306498,C1959582:PTEN hamartoma tumor syndrome,reviewed by expert panel,curation,germline:na,PTEN,SCV000840473.1,PTEN,-
189426,Likely benign,14-Dec-16,"PTEN c.360A>C (p.A120=) meets criteria to be classified as likely benign for PTEN Hamartoma Tumor syndrome in an autosomal dominant manner using modified ACMG criteria (Mester et al. 2018; manuscript in preparation). Please see a summary of the rules and criteria codes in the 'PTEN ACMG Specifications Summary' document (assertion method column). BP4: Synonymous variant where at least 2 out of 3 in silico models predict no splicing impact. BP7: Variant is synonymous (silent), nucleotide is not conserved, and no splicing impact is predicted.",Orphanet:ORPHA306498,C1959582:PTEN hamartoma tumor syndrome,reviewed by expert panel,curation,germline:na,PTEN,SCV000840492.1,PTEN,-
189441,Pathogenic,18-Oct-17,PTEN c.987_990delTAAA (p.N329KfsX14) meets criteria to be classified as pathogenic for PTEN Hamartoma Tumor syndrome in an autosomal dominant manner using modified ACMG criteria (Mester et al. 2018; manuscript in preparation). Please see a summary of the rules and criteria codes in the 'PTEN ACMG Specifications Summary' document (assertion method column). PVS1: Null variant predicted to result in nonsense-mediated decay or causing truncation/frameshift at or 5' to c.1121 (NM_000314.4). PM2: Absent in large sequenced populations (PMID 27535533). PS4_P: Proband(s) with phenotype specificity score of 1-1.5. (PMID 10232405),Orphanet:ORPHA306498,C1959582:PTEN hamartoma tumor syndrome,reviewed by expert panel,curation,germline:na,PTEN,SCV000840476.1,PTEN,-
189462,Likely pathogenic,18-Oct-17,PTEN c.80-1G>C (IVS1-1G>C) meets criteria to be classified as likely pathogenic for PTEN Hamartoma Tumor syndrome in an autosomal dominant manner using modified ACMG criteria (Mester et al. 2018; manuscript in preparation). Please see a summary of the rules and criteria codes in the 'PTEN ACMG Specifications Summary' document (assertion method column). PVS1: Null variant predicted to result in nonsense-mediated decay or causing truncation/frameshift at or 5' to c.1121 (NM_000314.4). PM2: Absent in large sequenced populations (PMID 27535533).,Orphanet:ORPHA306498,C1959582:PTEN hamartoma tumor syndrome,reviewed by expert panel,curation,germline:na,PTEN,SCV000840486.1,PTEN,-
189500,Pathogenic,18-Oct-17,"PTEN c.517C>T (p.R173C) meets criteria to be classified as pathogenic for PTEN Hamartoma Tumor syndrome in an autosomal dominant manner using modified ACMG criteria (Mester et al. 2018; manuscript in preparation). Please see a summary of the rules and criteria codes in the 'PTEN ACMG Specifications Summary' document (assertion method column). PS2_VS: At least two proven OR one proven plus two assumed de novo observations in a patient with the disease and no family history. (PMID 17526800, PMID 22628360, internal laboratory contributor(s) SCV000222220.10) PS3: Phosphatase activity <50% of wild type. (PMID 10866302) PM2: Absent in large sequenced populations (PMID 27535533). PS4_M: Probands with phenotype specificity score of 2-3.5. (PMID 22628360, PMID 17526800, PMID 17526801) PP1: Co-segregation with disease in multiple affected family members, with 3 or 4 meioses observed. (PMID 22628360) PP2: PTEN is defined by the PTEN Expert Panel as a gene that has a low rate of benign missense variation and where missense variants are a common mechanism of disease.",Orphanet:ORPHA306498,C1959582:PTEN hamartoma tumor syndrome,reviewed by expert panel,curation,germline:na,PTEN,SCV000840496.1,PTEN,-
189520,Benign,14-Sep-16,"PTEN c.-1059C>G (NC_000010.10:g.89623167C>G) meets criteria to be classified as benign for PTEN Hamartoma Tumor syndrome in an autosomal dominant manner using modified ACMG criteria (Mester et al. 2018; manuscript in preparation). Please see a summary of the rules and criteria codes in the 'PTEN ACMG Specifications Summary' document (assertion method column). BA1: Allele frequency of 0.0138 (1.38%, 120/8698 alleles) in the African subpopulation of the gnomAD cohort. (PMID 27535533)",Orphanet:ORPHA306498,C1959582:PTEN hamartoma tumor syndrome,reviewed by expert panel,curation,germline:na,PTEN,SCV000840479.1,PTEN,-
220007,Likely pathogenic,26-Sep-18,PTEN c.521A>G (p.Y174C) meets criteria to be classified as likely pathogenic for PTEN Hamartoma Tumor syndrome in an autosomal dominant manner using modified ACMG criteria (Mester et al. 2018; manuscript in preparation). Please see a summary of the rules and criteria codes in the 'PTEN ACMG Specifications Summary' document (assertion method column). PS2: De novo (both maternity and paternity confirmed) observation in a patient with the disease and no family history. (Internal laboratory contributor(s) SCV000602123.1) PM2: Absent in large sequenced populations (PMID 27535533). PP2: PTEN is defined by the PTEN Expert Panel as a gene that has a low rate of benign missense variation and where missense variants are a common mechanism of disease. PS4_P: Proband(s) with phenotype specificity score of 1-1.5. (Internal laboratory contributor(s) SCV000602123.1),Orphanet:ORPHA306498,C1959582:PTEN hamartoma tumor syndrome,reviewed by expert panel,curation,germline:na,PTEN,SCV000840459.1,PTEN,-
231916,Likely pathogenic,18-Oct-17,"PTEN c.103A>G (p.M35V) meets criteria to be classified as likely pathogenic for PTEN Hamartoma Tumor syndrome in an autosomal dominant manner using modified ACMG criteria (Mester et al. 2018; manuscript in preparation). Please see a summary of the rules and criteria codes in the 'PTEN ACMG Specifications Summary' document (assertion method column). PS2: De novo (both maternity and paternity confirmed) observation in a patient with the disease and no family history. (Internal laboratory contributor(s) SCV000275912.5) PM2: Absent in large sequenced populations (PMID 27535533). PS4_M: Probands with phenotype specificity score of 2-3.5. (Internal laboratory contributor(s) SCV000565444.4, SCV000275912.5) PP2: PTEN is defined by the PTEN Expert Panel as a gene that has a low rate of benign missense variation and where missense variants are a common mechanism of disease.",Orphanet:ORPHA306498,C1959582:PTEN hamartoma tumor syndrome,reviewed by expert panel,curation,germline:na,PTEN,SCV000840461.1,PTEN,-
233415,Likely benign,12-Oct-16,"PTEN c.18A>G (p.L6=) meets criteria to be classified as likely benign for PTEN Hamartoma Tumor syndrome in an autosomal dominant manner using modified ACMG criteria (Mester et al. 2018; manuscript in preparation). Please see a summary of the rules and criteria codes in the 'PTEN ACMG Specifications Summary' document (assertion method column). BP4: Synonymous variant where at least 2 out of 3 in silico models predict no splicing impact. BP7: Variant is synonymous (silent), nucleotide is not conserved, and no splicing impact is predicted.",Orphanet:ORPHA306498,C1959582:PTEN hamartoma tumor syndrome,reviewed by expert panel,curation,germline:na,PTEN,SCV000840488.1,PTEN,-
404140,Likely pathogenic,18-Oct-17,PTEN c.801+1delG (IVS7+1delG) meets criteria to be classified as likely pathogenic for PTEN Hamartoma Tumor syndrome in an autosomal dominant manner using modified ACMG criteria (Mester et al. 2018; manuscript in preparation). Please see a summary of the rules and criteria codes in the 'PTEN ACMG Specifications Summary' document (assertion method column). PVS1: Null variant predicted to result in nonsense-mediated decay or causing truncation/frameshift at or 5' to c.1121 (NM_000314.4). PM2: Absent in large sequenced populations (PMID 27535533).,Orphanet:ORPHA306498,C1959582:PTEN hamartoma tumor syndrome,reviewed by expert panel,curation,germline:na,PTEN,SCV000840487.1,PTEN,-
404147,Uncertain significance,3-Jan-18,PTEN c.44G>A (p.R15K) is currently classified as a variant of uncertain significance for PTEN Hamartoma Tumor syndrome in an autosomal dominant manner using modified ACMG criteria (Mester et al. 2018; manuscript in preparation). Please see a summary of the rules and criteria codes in the 'PTEN ACMG Specifications Summary' document (assertion method column). PM2: Absent in large sequenced populations (PMID 27535533). PP2: PTEN is defined by the PTEN Expert Panel as a gene that has a low rate of benign missense variation and where missense variants are a common mechanism of disease. PS3_P: Abnormal in vitro cellular assay or transgenic model with phenotype different from wild type that does not meet PS3. (PMID 25875300),Orphanet:ORPHA306498,C1959582:PTEN hamartoma tumor syndrome,reviewed by expert panel,curation,germline:na,PTEN,SCV000840474.1,PTEN,-
,,,,,,,,,,,,
,,,,,,,,,,,,
,,,,,,,,,,,,
,,,,,,,,,,,,
,,,,,,,,,,,,
,,,,,,,,,,,,
,,,,,,,,,,,,
,,,,,,,,,,,,
,,,,,,,,,,,,
,,,,,,,,,,,,
,,,,,,,,,,,,
,,,,,,,,,,,,
,,,,,,,,,,,,
,,,,,,,,,,,,
,,,,,,,,,,,,
,,,,,,,,,,,,
,,,,,,,,,,,,
,,,,,,,,,,,,
,,,,,,,,,,,,
,,,,,,,,,,,,
,,,,,,,,,,,,
,,,,,,,,,,,,
,,,,,,,,,,,,
,,,,,,,,,,,,
,,,,,,,,,,,,
,,,,,,,,,,,,
,,,,,,,,,,,,
,,,,,,,,,,,,
,,,,,,,,,,,,
,,,,,,,,,,,,
,,,,,,,,,,,,
,,,,,,,,,,,,
,,,,,,,,,,,,
,,,,,,,,,,,,
,,,,,,,,,,,,
,,,,,,,,,,,,
,,,,,,,,,,,,
,,,,,,,,,,,,
,,,,,,,,,,,,
,,,,,,,,,,,,
,,,,,,,,,,,,
,,,,,,,,,,,,
,,,,,,,,,,,,
,,,,,,,,,,,,
,,,,,,,,,,,,
,,,,,,,,,,,,
