"ClinVar-Submitter Run Report"
"","Date/Time: ","Thu Nov 29 21:39:57 EST 2018"
"","File(s): ","RAS-5/allinput.json"
"","JSON-LD Context (-x): ","http://dataexchange.clinicalgenome.org/interpretation/json/sepio_context"
"","Output File (-o): ","RAS-5/clinvar-variant.csv"
"","Force overwrite (-f): ","true"
"","Run Report File (-r): ","RAS-5/clinvar-submitter-run-report.csv"

"","NOTE: The variant coordinates are based on the preferred genomic representation from the ClinGen Allele Registry."

"Record #","File Name","Interp Id","Variant (alt desig)","Output Cell","Status","Code","Description"
"1","RAS-5/allinput.json","4e4166b8-f343-4e54-a3e5-aab6290a5355","","--","Success","--","--"
"2","RAS-5/allinput.json","1de1c18c-c026-4034-afda-2b4516c6cdae","","--","Success","--","--"
"3","RAS-5/allinput.json","6ff7d21d-3c34-4d7d-b6e4-fc68a890a4b0","","--","Success","--","--"
"4","RAS-5/allinput.json","413325d3-6867-4b66-a6a6-655f337675bc","","--","Success","--","--"
"5","RAS-5/allinput.json","020e6a22-3189-484a-8ca8-77cd1a08adba","","--","Success","--","--"
"6","RAS-5/allinput.json","f2a2e5e9-f8ba-43a4-9776-40b192ce87cf","","--","Success","--","--"
"7","RAS-5/allinput.json","dcfb56fe-0b80-4c22-b9fc-d5d834b1bf38","","--","Success","--","--"
"8","RAS-5/allinput.json","54ddcd15-893f-4be1-9525-18126097d55a","","--","Success","--","--"
"9","RAS-5/allinput.json","9581cc43-8005-4a02-8e31-2c7cb18c67df","","--","Success","--","--"
"10","RAS-5/allinput.json","02ac4895-4755-4b08-a354-b128d2bb4e61","","--","Success","--","--"
"11","RAS-5/allinput.json","6a6d042c-678f-4246-a5be-507e028cd2fc","","--","Success","--","--"
"12","RAS-5/allinput.json","7a67f8eb-da68-4c6b-9d98-ee169176af3c","","--","Success","--","--"
"13","RAS-5/allinput.json","2c995b09-a4bb-4aac-a4ff-9717ea5fe648","","--","Success","--","--"
"14","RAS-5/allinput.json","ecd3287d-e567-4c6a-ad88-0fcb872a517d","","--","Success","--","--"
"15","RAS-5/allinput.json","145cda70-23c6-4a63-a935-0a89d4d2b4cd","","--","Success","--","--"
"16","RAS-5/allinput.json","ce8d4a0e-fe41-460b-91e2-0b5c99377b0a","","--","Success","--","--"
"17","RAS-5/allinput.json","e46ee061-0859-4581-9333-f113c0784ab0","","--","Success","--","--"
"18","RAS-5/allinput.json","63dda72c-31c5-4e8f-b694-d44b4e9c8d51","","--","Success","--","--"
"19","RAS-5/allinput.json","d075d2b2-41cf-44a5-be84-8bdd1d974908","","--","Success","--","--"
"20","RAS-5/allinput.json","8c759015-333c-4286-a49f-d6ca9f266789","","--","Success","--","--"
"21","RAS-5/allinput.json","d798c554-02fa-4c7b-96d8-4fda7463f9de","","--","Success","--","--"
"22","RAS-5/allinput.json","5fbeb559-b94f-4487-833a-8ea50dea3862","","--","Success","--","--"
"23","RAS-5/allinput.json","751d9970-bb11-4fb7-b5b2-153cc27ddc68","","--","Success","--","--"
"24","RAS-5/allinput.json","f8f03fe0-c539-40c8-ad23-64451f155a8c","","--","Success","--","--"
"25","RAS-5/allinput.json","12ed454d-c461-49c9-bc0c-2cef4abf6af1","","--","Success","--","--"
"26","RAS-5/allinput.json","f12837d2-3463-4374-982c-98e2b63c406a","","--","Success","--","--"
"27","RAS-5/allinput.json","31e0095f-919b-4660-81cd-4f5bf83b5bcb","","--","Success","--","--"
"28","RAS-5/allinput.json","f8ec95a4-b09f-4a17-984e-06b4098449c2","","--","Success","--","--"
"29","RAS-5/allinput.json","983c5b9a-3d66-4c13-b328-8b9ab7c22543","","--","Success","--","--"
"30","RAS-5/allinput.json","b0d402e5-8499-4446-84bb-97ef592e9ba7","","--","Success","--","--"
"31","RAS-5/allinput.json","2f985b45-4b2f-4cf7-9c5f-216b9c6f4426","","--","Success","--","--"
"32","RAS-5/allinput.json","22cacbf8-01e0-4363-90a4-3a3c3fb5804d","","--","Success","--","--"
"33","RAS-5/allinput.json","d1aca5e8-fdc6-4f63-acc4-05595b97c993","","--","Success","--","--"
"34","RAS-5/allinput.json","905a415a-6df7-4dab-b492-c7ae4a886f9f","","--","Success","--","--"
"35","RAS-5/allinput.json","42e841f0-7121-4d9d-a2ae-ebc27adacd88","","--","Success","--","--"
"36","RAS-5/allinput.json","6b6330b2-05be-48be-a7e9-3e8e77d8e63b","","--","Success","--","--"
"37","RAS-5/allinput.json","f83b1020-86c7-4755-94be-9a1eabb874c4","","--","Success","--","--"
"38","RAS-5/allinput.json","dc9fdbbf-4e28-41d1-96de-532d635a2b43","","--","Success","--","--"
"39","RAS-5/allinput.json","24881ada-4882-44bc-80b5-48408f7b3e0f","","--","Success","--","--"
"40","RAS-5/allinput.json","72d45c95-18bf-47fe-a2fa-b6ca719e877f","","--","Success","--","--"
"41","RAS-5/allinput.json","bb9af7db-7756-46f9-88be-f7ca17304539","","--","Success","--","--"
"42","RAS-5/allinput.json","2eac9953-9576-4ab4-8bd3-c9d0c1d40f0c","","--","Success","--","--"
"43","RAS-5/allinput.json","307f4b6c-ef49-48bd-98e2-5cf382642800","","--","Success","--","--"
"44","RAS-5/allinput.json","56c9c209-4dc1-4b23-8b13-5e4465526b77","","--","Success","--","--"
"45","RAS-5/allinput.json","bf556c8c-6cec-4e49-b9c7-2d92535a28ae","","--","Success","--","--"
"46","RAS-5/allinput.json","c650daaa-d00c-411a-9439-fe0b0570e53e","","--","Success","--","--"
"47","RAS-5/allinput.json","6525f07c-2ebf-4229-9447-62d126ad46cd","","--","Success","--","--"
"48","RAS-5/allinput.json","07aecf91-9cf2-48c7-b101-b21e809f57a4","","--","Success","--","--"
"49","RAS-5/allinput.json","04430f0e-93d8-4407-9ac9-c6268cb1dbba","","--","Success","--","--"
"50","RAS-5/allinput.json","6ce143a5-0894-4639-94d0-072a2ffe2774","","--","Success","--","--"
"51","RAS-5/allinput.json","b38274d0-0a58-4c74-896c-135e9c481ac6","","--","Success","--","--"
"52","RAS-5/allinput.json","b23e5835-5f83-4a46-b686-0e354d53e944","","--","Success","--","--"
"53","RAS-5/allinput.json","e1e02e53-1c53-4e7b-bc2f-0007f57eb7ef","","--","Success","--","--"
"54","RAS-5/allinput.json","da2fd72c-d28d-424b-92b6-eb26ccf60d9f","","--","Success","--","--"
"55","RAS-5/allinput.json","4b23453d-9e67-4633-aab5-49c2f6fe967e","","--","Success","--","--"
"56","RAS-5/allinput.json","cc78505d-9b7f-4e98-be44-54c0653cc0f0","","--","Success","--","--"
"57","RAS-5/allinput.json","15c2f120-e3bd-4bf0-8ecb-86290c93de7c","","--","Success","--","--"
"58","RAS-5/allinput.json","f18e6c0b-7a6f-4a7e-82d7-5de48e915d3c","","--","Success","--","--"
"59","RAS-5/allinput.json","ab868908-3f55-4346-8bad-adcda350acb4","","--","Success","--","--"
"60","RAS-5/allinput.json","4fa14d9d-3bce-4dd8-affa-771b6298c4fc","","--","Success","--","--"
"61","RAS-5/allinput.json","93491eab-4df5-480a-a62b-7022611f18ee","","--","Success","--","--"
"62","RAS-5/allinput.json","44e8200c-0983-497e-bcb9-d1d61782e537","","--","Success","--","--"
"63","RAS-5/allinput.json","e87a2198-4bd7-4ee1-a9fb-db8ca97151a8","","--","Success","--","--"
"64","RAS-5/allinput.json","e103be05-5fbf-42b0-b4a8-809da2f2181d","","--","Success","--","--"
"65","RAS-5/allinput.json","f46177ab-5c80-48cf-bd17-6acc5668f182","","--","Success","--","--"
"66","RAS-5/allinput.json","e56ef21d-72b1-4858-b546-98bab809c78d","","--","Success","--","--"
"67","RAS-5/allinput.json","e93d3e64-ccf6-4e9a-814f-910533bb7473","","--","Success","--","--"
"68","RAS-5/allinput.json","9a983768-4bb6-4ea5-a081-ded31831d374","","--","Success","--","--"
"69","RAS-5/allinput.json","a8e91870-1b3e-43d5-b3b5-f0559a0e3599","","--","Success","--","--"
"70","RAS-5/allinput.json","b79aa141-9bf2-4854-99cb-72cca42926e8","","--","Success","--","--"
"71","RAS-5/allinput.json","cf89340c-b64c-46a6-aef4-094850f57f25","","--","Success","--","--"
"72","RAS-5/allinput.json","33df4a63-9662-4572-ab6f-22dc7b693309","","--","Success","--","--"
"73","RAS-5/allinput.json","5dd1c397-b2a2-4954-bbbb-583d4a4576dc","","--","Success","--","--"
"74","RAS-5/allinput.json","2fa3237d-09e4-4fb5-84b2-9a8bfdc4e2bc","","--","Success","--","--"
"75","RAS-5/allinput.json","8b509a72-e8ae-4215-92db-567fba446b08","","--","Success","--","--"
"76","RAS-5/allinput.json","fb3934fe-b004-493d-ac6a-987127cebac3","","--","Success","--","--"
"77","RAS-5/allinput.json","51947641-2e77-498f-93d6-ca73b8e343de","","--","Success","--","--"
"78","RAS-5/allinput.json","2153a39b-818c-4cb1-b6e6-db1a736b545f","","--","Success","--","--"
"79","RAS-5/allinput.json","40d931f8-341b-4977-ab52-21f7f06c27ee","","--","Success","--","--"
"80","RAS-5/allinput.json","997bfe08-d211-4276-b0cc-f38b734d1427","","--","Success","--","--"
"81","RAS-5/allinput.json","5cdf91d2-4341-4b5c-9657-3a3132543f1a","","--","Success","--","--"
"82","RAS-5/allinput.json","b4afa727-6000-4b36-b685-4bcd8c3df504","","--","Success","--","--"
"83","RAS-5/allinput.json","ffbc3b95-48ea-412c-a45b-92033d327cb7","","--","Success","--","--"
"84","RAS-5/allinput.json","9a9c6639-bd78-4169-b494-17e19c0101cc","","--","Success","--","--"
"85","RAS-5/allinput.json","54e513e4-3d82-4530-8f42-82522d750073","","--","Success","--","--"
"86","RAS-5/allinput.json","ffcded9c-7ba2-44bb-9809-17cef8005944","","--","Success","--","--"
"87","RAS-5/allinput.json","e521ccdb-9cc3-4dbc-8325-1408912d06a0","","--","Success","--","--"
"88","RAS-5/allinput.json","c1682ae1-ce46-41b9-b916-5efef827298a","","--","Success","--","--"
"89","RAS-5/allinput.json","ba266709-c2b5-4699-8ada-c3904f1b43ce","","--","Success","--","--"
"90","RAS-5/allinput.json","35b65877-4f4e-4afc-b8ac-5e10c6c2f474","","--","Success","--","--"
"91","RAS-5/allinput.json","62438d26-e85a-41a6-ae0f-89550c868512","","--","Success","--","--"
"92","RAS-5/allinput.json","c23db7a4-fb09-4dd7-9ab1-e7f4dfc7dbe9","","--","Success","--","--"
"93","RAS-5/allinput.json","8284a0ef-b684-4d8c-81b6-a0be0727a5ca","","--","Success","--","--"
"94","RAS-5/allinput.json","7390e608-04b8-42c9-b7d9-27c20be71622","","--","Success","--","--"
"95","RAS-5/allinput.json","a290ee11-587b-4c61-861c-80b328f3af80","","--","Success","--","--"
"96","RAS-5/allinput.json","2bb21939-344a-41a8-be46-3787926538b9","","--","Success","--","--"
"97","RAS-5/allinput.json","07b0e3e7-5c67-41c3-a988-3c438dfba738","","--","Success","--","--"
"98","RAS-5/allinput.json","a0bdf58d-d601-4924-95a5-27039f763685","","--","Success","--","--"
"99","RAS-5/allinput.json","0fc9c039-08e1-4b28-8161-1cb12bd63b04","","--","Success","--","--"
"100","RAS-5/allinput.json","d67ff0bd-70c2-44c7-a7af-94d111f387e6","","--","Success","--","--"
"101","RAS-5/allinput.json","76be5ede-4c76-4fed-a94a-188c6bcea2f1","","--","Success","--","--"
"102","RAS-5/allinput.json","4f1ea3bf-fe0e-4be0-bb44-c2fbf8522598","","--","Success","--","--"
"103","RAS-5/allinput.json","ed484574-9b2a-4dda-bd46-ea935a45f83c","","--","Success","--","--"
"104","RAS-5/allinput.json","043632b0-38d9-48f7-b0b4-993f0aa553b4","","--","Success","--","--"
"105","RAS-5/allinput.json","701249a7-0946-42fa-a856-c7089a0251c6","","--","Success","--","--"
"106","RAS-5/allinput.json","8d55f3e7-09d7-4c84-98a4-830352b7611a","","--","Success","--","--"
"107","RAS-5/allinput.json","809e2362-8dff-4288-a90f-cef41c788bd2","","--","Success","--","--"
"108","RAS-5/allinput.json","b6f58a98-fd4f-42ec-a406-4b49d996c1dd","","--","Success","--","--"
"109","RAS-5/allinput.json","4581b48f-d077-4114-baf4-9c4b42fd49c4","","--","Success","--","--"
"110","RAS-5/allinput.json","d9ad9287-b52a-479a-8ff9-9ba17dc649ae","","--","Success","--","--"
"111","RAS-5/allinput.json","b78d797f-9630-4e8f-a1e3-8bf3ece401f5","","--","Success","--","--"
"112","RAS-5/allinput.json","f75f3f8b-6c9c-41a1-9cee-4716d67229dd","","--","Success","--","--"
"113","RAS-5/allinput.json","2ae26f96-8b07-456f-9375-37c36e0c6d97","","--","Success","--","--"
"114","RAS-5/allinput.json","906b02c4-507d-4053-a5bb-59b403751a0d","","--","Success","--","--"
"115","RAS-5/allinput.json","83c490e2-5683-4fc1-b3be-2fa89e92f868","","--","Success","--","--"
"116","RAS-5/allinput.json","8197dee3-bc2e-49dc-88bc-d31b5fd7286f","","--","Success","--","--"
"117","RAS-5/allinput.json","a8c6153e-d737-4b86-8d68-caf8ddd418fd","","--","Success","--","--"
"118","RAS-5/allinput.json","583866a1-1915-4ccd-bc75-8672ca18c8e4","","--","Success","--","--"
"119","RAS-5/allinput.json","87032436-5de0-42c5-bbd4-68bd737592cc","","--","Success","--","--"
"120","RAS-5/allinput.json","be68e302-48f4-4cb4-80a8-915ac3fff981","","--","Success","--","--"
"121","RAS-5/allinput.json","68557210-74f7-4a1b-90d6-38f877f1a54a","","--","Success","--","--"
"122","RAS-5/allinput.json","89d53e74-33f3-465b-abde-d4f656802fed","","--","Success","--","--"
"123","RAS-5/allinput.json","940ad8e1-71b4-424b-b085-ae78bed7e9d7","","--","Success","--","--"
"124","RAS-5/allinput.json","191bbcd7-df10-4543-9569-ef96cf4c255f","","--","Success","--","--"
"125","RAS-5/allinput.json","4fcbc6a6-a933-4864-9c77-53427914f590","","--","Success","--","--"
"126","RAS-5/allinput.json","c7313ee6-151e-4480-8724-8201a7355956","","--","Success","--","--"
"127","RAS-5/allinput.json","7c7c5faa-dff9-4352-b563-fea9d0af98a6","","--","Success","--","--"
"128","RAS-5/allinput.json","795ea8ea-3f7d-49cf-b7e6-d4efa4eb47e5","","--","Success","--","--"
"129","RAS-5/allinput.json","42ea487d-ec44-44f7-a90a-ac98312de0f1","","--","Success","--","--"
"130","RAS-5/allinput.json","dd0b96ec-49ad-4f28-801a-b7b31c5fe734","","--","Success","--","--"
"131","RAS-5/allinput.json","942afb93-4139-4b07-851a-75b2358c8128","","--","Success","--","--"
"132","RAS-5/allinput.json","95b1a6fb-b4b5-4f40-b593-6235a54a0739","","--","Success","--","--"
"133","RAS-5/allinput.json","683b32d2-f588-4a79-be69-e8717aa258d0","","--","Success","--","--"
"134","RAS-5/allinput.json","39b0e509-abdb-415d-87bd-98b7310bb1c0","","--","Success","--","--"
"135","RAS-5/allinput.json","bffcd141-eb92-4fd7-a50d-07a51fe63f32","","--","Success","--","--"
"136","RAS-5/allinput.json","f0461c83-c8eb-4af2-abbc-482d7a9b30f5","","--","Success","--","--"
"137","RAS-5/allinput.json","8ec28790-8df3-4c37-9e77-84dddf694f7a","","--","Success","--","--"
"138","RAS-5/allinput.json","df47805e-3c96-49ac-ab9d-045364018616","","--","Success","--","--"
"139","RAS-5/allinput.json","3d3d7a51-6ba9-4434-a6d9-ebf5e4b84ae4","","--","Success","--","--"
"140","RAS-5/allinput.json","b36ca919-43d1-4147-a163-d7613a3b1d81","","--","Success","--","--"
"141","RAS-5/allinput.json","ab66208c-6c46-46b0-9c92-4872421693de","","--","Success","--","--"
"142","RAS-5/allinput.json","b513b1fc-147c-4877-bb0a-38f55e252576","","--","Success","--","--"
"143","RAS-5/allinput.json","5f9417cc-43e4-41be-b920-ae6db397bdaa","","--","Success","--","--"
"144","RAS-5/allinput.json","73aeb3b9-cf0f-441d-8fde-7baab940b780","","--","Success","--","--"
"145","RAS-5/allinput.json","a895f2eb-4350-485d-b678-a8f94a4cc002","","--","Success","--","--"
"146","RAS-5/allinput.json","b7f7a482-5a60-4da9-8e99-433b8dea636b","","--","Success","--","--"
"147","RAS-5/allinput.json","32508ced-9033-4f01-b4c7-f8b4db5a4307","","--","Success","--","--"
"148","RAS-5/allinput.json","e3caac03-d88a-45f8-bcde-e41975fe8745","","--","Success","--","--"
"149","RAS-5/allinput.json","5fa3b275-1dad-4c57-bed5-dd904a8b11bb","","--","Success","--","--"
"150","RAS-5/allinput.json","fe93cde5-6835-4a9c-b892-408f4f18d37c","","--","Success","--","--"
"151","RAS-5/allinput.json","0fdcd6c2-d132-4727-b944-17e200706a31","","--","Success","--","--"
"152","RAS-5/allinput.json","5dd4045c-aa85-4341-8238-7a7b67f85d3f","","--","Success","--","--"
"153","RAS-5/allinput.json","9f86afbc-b31d-472c-ac5d-ee0799f21c9c","","--","Success","--","--"
"154","RAS-5/allinput.json","e3a025b8-32a2-4d0f-92e0-d44516304ddc","","--","Success","--","--"
"155","RAS-5/allinput.json","2692fba7-430e-447b-bb66-828d255d1af1","","--","Success","--","--"
"156","RAS-5/allinput.json","427ef48f-bd18-4b28-9163-b6b6a922ccc8","","--","Success","--","--"
"157","RAS-5/allinput.json","ff743f9f-7a04-4e11-8654-6e63c340e74f","","--","Success","--","--"
"158","RAS-5/allinput.json","240b9c1e-16ca-4644-9dfa-ec5011367f68","","--","Success","--","--"
"159","RAS-5/allinput.json","43130945-2556-414b-8804-afafb2608a11","","--","Success","--","--"
"160","RAS-5/allinput.json","f148a4b1-945e-4dc1-8d90-77bc00006052","","--","Success","--","--"
"161","RAS-5/allinput.json","0c2a6fb5-1765-45ef-bae8-c71d38cebdbb","","--","Success","--","--"
"162","RAS-5/allinput.json","4da936bb-53cd-4fad-8d47-40c90dc60a73","","--","Success","--","--"
"163","RAS-5/allinput.json","d94b82b8-4e72-4968-9e10-08d187667aa6","","--","Success","--","--"
"164","RAS-5/allinput.json","90bd1343-a396-445b-985c-d23c393118d4","","--","Success","--","--"
"165","RAS-5/allinput.json","92a20fc0-2bb5-4c16-b8cb-13af84a65a97","","--","Success","--","--"
"166","RAS-5/allinput.json","04812bc6-1939-486b-9212-b10aa1e3260e","","--","Success","--","--"
"167","RAS-5/allinput.json","b29f4adc-7b22-4d66-89e7-1538798f3f2a","","--","Success","--","--"
"168","RAS-5/allinput.json","eb76d7fe-96e9-4113-aa3b-de76d46d565d","","--","Success","--","--"
"169","RAS-5/allinput.json","060519d6-25cd-463c-9fa2-709f2939aebc","","--","Success","--","--"
"170","RAS-5/allinput.json","70e55828-a26c-447c-863d-156419f819e2","","--","Success","--","--"
"171","RAS-5/allinput.json","3eacc550-bf0c-432b-b902-eee2cb07e8c4","","--","Success","--","--"
"172","RAS-5/allinput.json","47bd0e22-7b07-4048-9afc-7fad23a874ad","","--","Success","--","--"
"173","RAS-5/allinput.json","8e46fe32-f801-413d-8145-c24fea550548","","--","Success","--","--"
"174","RAS-5/allinput.json","74aa9bfb-79b2-4d78-8440-29866a548c82","","--","Success","--","--"
"175","RAS-5/allinput.json","a8067cbf-1dd7-4aab-bdb7-dfb3edfdaedf","","--","Success","--","--"
"176","RAS-5/allinput.json","739972d5-a90d-4c3b-95f9-cf39b58d349c","","--","Success","--","--"
"177","RAS-5/allinput.json","4cec7b98-aaab-4623-a50c-b195372c6afa","","--","Success","--","--"
"178","RAS-5/allinput.json","977fc918-e24e-4858-8b4f-f63a40068950","","--","Success","--","--"
"179","RAS-5/allinput.json","f9d2ab1b-971b-4536-826d-99d4f2dd7426","","--","Success","--","--"
"180","RAS-5/allinput.json","76788912-f5e9-4ff4-8343-c7b0c152c0b2","","--","Success","--","--"
"181","RAS-5/allinput.json","4dda494b-f286-41e8-b20f-481268ec7d54","","--","Success","--","--"
"182","RAS-5/allinput.json","241fca61-876f-4b2a-bc64-30fd49bd7ee2","","--","Success","--","--"
"183","RAS-5/allinput.json","bd530659-0ddb-40c4-bec5-738830eaca7f","","--","Success","--","--"
"184","RAS-5/allinput.json","20c12a82-b03f-42bd-b0e7-cded270a1ecd","","--","Success","--","--"
"185","RAS-5/allinput.json","9e4a0dd5-6d53-4e7d-99ad-b4372dc64dd9","","--","Success","--","--"
"186","RAS-5/allinput.json","47edbaff-50ac-42ee-838b-2ac0c4a4054c","","--","Success","--","--"
"187","RAS-5/allinput.json","1ff6e201-6947-4593-9413-423a33954701","","--","Success","--","--"
"188","RAS-5/allinput.json","5b21bf7e-ed81-44bc-8bb2-e27420a0d015","","--","Success","--","--"
"189","RAS-5/allinput.json","2986f8eb-3ee8-416d-a279-f72ff1c134a1","","--","Success","--","--"
"190","RAS-5/allinput.json","5a6be788-3cc6-4e54-b10f-96366d0767d5","","--","Success","--","--"
"191","RAS-5/allinput.json","0478380b-41bf-443f-bb02-184b55a7aba8","","--","Success","--","--"
"192","RAS-5/allinput.json","8323e22b-23e0-47b4-905a-611c06a49ece","","--","Success","--","--"
"193","RAS-5/allinput.json","13f158e3-3e4e-42f5-8828-d2509a51af7d","","--","Success","--","--"
"194","RAS-5/allinput.json","563677cb-406b-41f7-9c7d-7fc9d73cbbe2","","--","Success","--","--"
"195","RAS-5/allinput.json","40ceccb2-5456-4905-8d02-1878c6fe945f","","--","Success","--","--"
"196","RAS-5/allinput.json","3a3c6e6a-a7bb-47bf-afb2-aacf5127c6fd","","--","Success","--","--"
"197","RAS-5/allinput.json","868dd09f-5604-4c92-83c0-bf8fa7edd5f2","","--","Success","--","--"
"198","RAS-5/allinput.json","4536a40e-a4fc-474b-b83d-f63fa7e74a4a","","--","Success","--","--"
"199","RAS-5/allinput.json","ba4e5908-3b34-42d0-8df7-f0b029ff11e2","","--","Success","--","--"
"200","RAS-5/allinput.json","a981d131-53cd-457c-9cff-8897fff5e486","","--","Success","--","--"
"201","RAS-5/allinput.json","e46916ef-098f-4c2a-b597-52e1ae6ba641","","--","Success","--","--"
"202","RAS-5/allinput.json","991935c6-c179-4715-b017-4dacb3dfd3ac","","--","Success","--","--"
"203","RAS-5/allinput.json","77fd6395-3146-46f0-86ca-08fb626eb660","","--","Success","--","--"
"204","RAS-5/allinput.json","6eb64962-8efe-49ca-a5e1-499e4cddd80f","","--","Success","--","--"
"205","RAS-5/allinput.json","941717e7-7c04-404f-8bba-f9f7c73a7a6b","","--","Success","--","--"
"206","RAS-5/allinput.json","882d53d6-99d2-4e81-810c-f4daf709b813","","--","Success","--","--"
"207","RAS-5/allinput.json","b05eb983-c118-4f08-88a9-d168d803a9d0","","--","Success","--","--"
"208","RAS-5/allinput.json","1eaf4dad-ab0c-49ae-8548-22bad4210249","","--","Success","--","--"
"209","RAS-5/allinput.json","b5a21ed5-8cbc-465c-8a14-9be1d1d54011","","--","Success","--","--"
"210","RAS-5/allinput.json","1bcfceba-23f2-4e97-8281-791f9602856c","","--","Success","--","--"
"211","RAS-5/allinput.json","64e8b1a2-45eb-49be-932c-fc67eb53aae9","","--","Success","--","--"
"212","RAS-5/allinput.json","9a40f720-b52f-4f73-b00a-f4480714a568","","--","Success","--","--"
"213","RAS-5/allinput.json","f2cf40e6-1706-4a5e-b2f8-b7b396ddbde2","","--","Success","--","--"
"214","RAS-5/allinput.json","4eded74f-437b-40aa-9c2d-bfc1eb61cddc","","--","Success","--","--"
"215","RAS-5/allinput.json","06d3c00a-69eb-4612-b456-062e6ac0a274","","--","Success","--","--"
"216","RAS-5/allinput.json","b9bd11c9-4ef4-497e-a366-486d58683e19","","--","Success","--","--"
"217","RAS-5/allinput.json","d37c8250-6a81-4f7a-b0df-8e5eb3216e8a","","--","Success","--","--"
"218","RAS-5/allinput.json","7e872ce6-f7c9-4c3d-a39e-8a174058fd77","","--","Success","--","--"
"219","RAS-5/allinput.json","f1d3c01f-a03b-43fe-9292-f016ee2c4a44","","--","Success","--","--"
"220","RAS-5/allinput.json","39270fbb-deac-4d6c-b2ab-d39741932713","","--","Success","--","--"
"221","RAS-5/allinput.json","44c75d04-cfb3-4a52-840e-30d2eb641915","","--","Success","--","--"
"222","RAS-5/allinput.json","37d415c0-90e7-425c-84bc-6361413d50aa","","--","Success","--","--"
"223","RAS-5/allinput.json","bf62d2f1-6047-4d6b-9cb9-dfdab291cdfb","","--","Success","--","--"
"224","RAS-5/allinput.json","9b51411c-83ed-490f-93e5-bc8292c26b66","","--","Success","--","--"
"225","RAS-5/allinput.json","ccf6cba7-1870-484b-aeae-e6fcd0cace13","","--","Success","--","--"
"226","RAS-5/allinput.json","e349cc49-74ea-4be5-b0ec-3257498743d6","","--","Success","--","--"
