"ClinVar-Submitter Run Report"
"","Date/Time: ","Thu Nov 29 21:46:45 EST 2018"
"","File(s): ","HL-4/allinput.json"
"","JSON-LD Context (-x): ","http://dataexchange.clinicalgenome.org/interpretation/json/sepio_context"
"","Output File (-o): ","HL-4/clinvar-variant.csv"
"","Force overwrite (-f): ","true"
"","Run Report File (-r): ","HL-4/clinvar-submitter-run-report.csv"

"","NOTE: The variant coordinates are based on the preferred genomic representation from the ClinGen Allele Registry."

"Record #","File Name","Interp Id","Variant (alt desig)","Output Cell","Status","Code","Description"
"1","HL-4/allinput.json","5cc1b9df-7aa4-471a-b98b-ffb43f4fe7c0","","--","Success","--","--"
"2","HL-4/allinput.json","f3b84ed4-48e1-4d17-8fda-a9bacc5d12b8","","--","Success","--","--"
"3","HL-4/allinput.json","09ec9aab-7e7a-4db9-b694-2ff027effd00","","--","Success","--","--"
"4","HL-4/allinput.json","eda5030c-9ccf-4b14-bada-077b25b2562c","","--","Success","--","--"
"5","HL-4/allinput.json","cf7ad82e-6e16-449c-9f9a-d3d9573505ea","","--","Success","--","--"
"6","HL-4/allinput.json","b905ae85-8973-4ed6-b603-52b3b342f2e0","","--","Success","--","--"
"7","HL-4/allinput.json","3e8e4973-8620-4a94-8c71-3bdec36a8281","","--","Success","--","--"
"8","HL-4/allinput.json","3727aeaa-7c6e-4712-b0f1-b1eea47c7b7f","","--","Success","--","--"
"9","HL-4/allinput.json","67c2f97e-385f-494a-b06e-701135ace536","","--","Success","--","--"
"10","HL-4/allinput.json","cb0a2192-d76a-4556-a2d3-b0f2d2569f1e","","--","Success","--","--"
"11","HL-4/allinput.json","34755092-11b9-490e-b4c1-2e5fc4db8edd","","--","Success","--","--"
"12","HL-4/allinput.json","034f39b8-0469-47c1-b9ac-930299df3dc7","","--","Success","--","--"
"13","HL-4/allinput.json","34c5d011-929d-4998-ae9a-ef900674144e","","--","Success","--","--"
"14","HL-4/allinput.json","fe2fd572-a746-4126-b1ab-8f0f90eabde2","","--","Success","--","--"
"15","HL-4/allinput.json","6ea1fef2-f5b3-4739-8738-c6bf29fea20a","","--","Success","--","--"
"16","HL-4/allinput.json","16f373e0-f3cf-4ebe-91ea-6d1a22e44f9c","","--","Success","--","--"
"17","HL-4/allinput.json","c400a0f9-d38a-4d2e-9b96-5829547c6b19","","--","Success","--","--"
"18","HL-4/allinput.json","35d6c7e2-dfb8-46a4-9f4f-7727ac602098","","--","Success","--","--"
"19","HL-4/allinput.json","63bd6cea-9e2a-4ad6-a8c4-5a0d13f28c7e","","--","Success","--","--"
"20","HL-4/allinput.json","d4782d4a-27b7-4626-acc7-f8758d33384d","","--","Success","--","--"
"21","HL-4/allinput.json","201650f0-4a5b-446d-98e4-65dbae845631","","--","Success","--","--"
"22","HL-4/allinput.json","edaf7951-7b12-42e2-855d-4a2dc61b69c8","","--","Success","--","--"
"23","HL-4/allinput.json","458d2d78-e20e-4916-a70b-7ea43611edcf","","--","Success","--","--"
"24","HL-4/allinput.json","af708230-b36c-499d-911b-dea7837335d0","","--","Success","--","--"
"25","HL-4/allinput.json","55e341ba-860e-45fd-b865-3fe4a6086732","","--","Success","--","--"
"26","HL-4/allinput.json","a39fbdff-7b49-469e-8890-5baad55ff075","","--","Success","--","--"
"27","HL-4/allinput.json","187c6fa0-0a45-4c79-8ee9-d31d1ce8ec97","","--","Success","--","--"
"28","HL-4/allinput.json","3e2a9116-5417-4772-b792-45d0463dc138","","--","Success","--","--"
"29","HL-4/allinput.json","cc6044de-e514-40c4-8834-632466dc33f1","","--","Success","--","--"
"30","HL-4/allinput.json","b7a55bd1-1f82-499f-acdf-a7a6884c636c","","--","Success","--","--"
"31","HL-4/allinput.json","5fc296e5-bbfb-4876-ace3-0e1618efc366","","--","Success","--","--"
"32","HL-4/allinput.json","801f4ee3-5d91-4c86-ba72-2ecc81250c22","","--","Success","--","--"
"33","HL-4/allinput.json","aecfa905-0f27-4b56-9e2b-3672bb807629","","--","Success","--","--"
"34","HL-4/allinput.json","95f36c60-61b5-4f1a-ba52-8297f08592ec","","--","Success","--","--"
"35","HL-4/allinput.json","637bd8ea-a91f-4012-9a60-43d0bfce68ad","","--","Success","--","--"
"36","HL-4/allinput.json","2b5171d0-5733-4e05-a77e-5d32d43be312","","--","Success","--","--"
"37","HL-4/allinput.json","e530bac1-eebd-46fc-a983-e936764ec5dc","","--","Success","--","--"
"38","HL-4/allinput.json","060eab50-f9a8-40d2-b449-2edd2f54e4f3","","--","Success","--","--"
"39","HL-4/allinput.json","58892872-8c79-4342-854b-6878c83611db","","--","Success","--","--"
"40","HL-4/allinput.json","fe785bf9-af38-456e-83ed-6717335dbde4","","--","Success","--","--"
"41","HL-4/allinput.json","c1d605e5-67f2-43d5-8643-a70536da96b7","","--","Success","--","--"
"42","HL-4/allinput.json","2b9fd19d-de91-41b2-a416-dc26fa5062e4","","--","Success","--","--"
"43","HL-4/allinput.json","afa3b665-0c01-40e2-9432-4938ce1c8bff","","--","Success","--","--"
"44","HL-4/allinput.json","8f1b935c-2f47-463c-987b-93081430a581","","--","Success","--","--"
"45","HL-4/allinput.json","b93f946a-ef2d-4b2a-9bd3-adc60da6f546","","--","Success","--","--"
"46","HL-4/allinput.json","8cd85444-a428-437c-a5b7-582156401d13","","--","Success","--","--"
"47","HL-4/allinput.json","b0b1e906-0446-4e9d-a092-fdd3fdce63ef","","--","Success","--","--"
"48","HL-4/allinput.json","b207d225-ce97-42b5-b04a-d9d420ada5eb","","--","Success","--","--"
"49","HL-4/allinput.json","211c3a9c-3789-42d9-ab55-04892c95f534","","--","Success","--","--"
